nombre,precio,gpu,memoria,frecuencias,bus,link
MSI N210-MD1G/D3,39.990,NVIDIA GeForce G 210,1 GB DDR3 (64 bit),589 MHz core / 500 MHz memorias,PCI Express 2.0 x16,https://www.solotodo.com/products/2543-msi-n210-md1gd3
Zotac GeForce GT 710 1GB (ZT-71301-20L),49.900,NVIDIA GeForce GT 710,1 GB DDR3 (64 bit),954 MHz core / 800 MHz memorias,PCI Express 2.0 x16,https://www.solotodo.com/products/24536-zotac-geforce-gt-710-1gb-zt-71301-20l
MSI GT 710 1GD3H LP,48.900,NVIDIA GeForce GT 710,1 GB DDR3 (64 bit),954 MHz core / 800 MHz memorias,PCI Express 2.0 x16,https://www.solotodo.com/products/26136-msi-gt-710-1gd3h-lp
Galax GeForce GT 710 (71GGF4DC00WG),49.990,NVIDIA GeForce GT 710,1 GB DDR3 (64 bit),954 MHz core / 500 MHz memorias,PCI Express 2,0 x8,https://www.solotodo.com/products/69398-galax-geforce-gt-710-71ggf4dc00wg
ASUS GT710-SL-1GD5 (90YV0AL2-M0NA00),48.900,NVIDIA GeForce GT 710,1 GB GDDR5 (32 bit),954 MHz core / 1253 MHz memorias,PCI Express 2.0 x16,https://www.solotodo.com/products/43567-asus-gt710-sl-1gd5-90yv0al2-m0na00
EVGA GT 710 (02G-P3-2713-KR),49.900,NVIDIA GeForce GT 710,2 GB DDR3 (64 bit),954 MHz core / 900 MHz memorias,PCI Express 2.0 x16,https://www.solotodo.com/products/26597-evga-gt-710-02g-p3-2713-kr
MSI GT 710 2GD3 LP,50.900,NVIDIA GeForce GT 710,2 GB DDR3 (64 bit),954 MHz core / 800 MHz memorias,PCI Express 2.0 x16,https://www.solotodo.com/products/26233-msi-gt-710-2gd3-lp
ASUS 710-2-SL-CSM,57.900,NVIDIA GeForce GT 710,2 GB DDR3 (64 bit),954 MHz core / 450 MHz memorias,PCI Express 2.0 x16,https://www.solotodo.com/products/25187-asus-710-2-sl-csm
Galax GeForce GT 710 (71GPF4HI00GX),59.990,NVIDIA GeForce GT 710,2 GB DDR3 (64 bit),954 MHz core / 500 MHz memorias,PCI Express 2,0 x8,https://www.solotodo.com/products/69399-galax-geforce-gt-710-71gpf4hi00gx
ASUS GT710-SL-2GD5,64.990,NVIDIA GeForce GT 710,2 GB GDDR5 (64 bit),954 MHz core / 1253 MHz memorias,PCI Express 2.0 x16,https://www.solotodo.com/products/67931-asus-gt710-sl-2gd5
MSI N730-2GD3V3,68.900,NVIDIA GeForce GT 730 (128 bits DDR3),2 GB DDR3 (128 bit),700 MHz core / 900 MHz memorias,PCI Express 2.0 x16,https://www.solotodo.com/products/22506-msi-n730-2gd3v3
ASUS R7240-2GD3-L (90YV04T0-M0NA00),79.990,AMD Radeon R7 240,2 GB DDR3 (128 bit),780 MHz core / 900 MHz memorias,PCI Express 3.0 x16,https://www.solotodo.com/products/14197-asus-r7240-2gd3-l-90yv04t0-m0na00
Zotac GT 730 (64 bits DDR3) (ZT-71113-20L),80.900,NVIDIA GeForce GT 730 (64 bits DDR3),2 GB DDR3 (64 bit),902 MHz core / 800 MHz memorias,PCI Express 2.0 x16,https://www.solotodo.com/products/18601-zotac-gt-730-64-bits-ddr3-zt-71113-20l
Zotac GT 730 (64 bits DDR3) (ZT-71115-20L),92.340,NVIDIA GeForce GT 730 (64 bits DDR3),4 GB DDR3 (64 bit),902 MHz core / 800 MHz memorias,PCI Express 2.0 x16,https://www.solotodo.com/products/20186-zotac-gt-730-64-bits-ddr3-zt-71115-20l
MSI GeForce GT 1030 2G LP OC,94.900,NVIDIA GeForce GT 1030,2 GB GDDR5 (64 bit),1265 MHz core / 1502 MHz memorias,PCI Express 3.0 x16,https://www.solotodo.com/products/36721-msi-geforce-gt-1030-2g-lp-oc
EVGA GeForce GT 1030 DDR4 (02G-P4-6232-KR),99.712,NVIDIA GeForce GT 1030,2 GB DDR4 (64 bit),1189 MHz core / 1050 MHz memorias,PCI Express 3.0 x16,https://www.solotodo.com/products/46293-evga-geforce-gt-1030-ddr4-02g-p4-6232-kr
Zotac GeForce GT 1030 2GB GDDR5 HDMI/DVI Low Profile (ZT-P10300A-10L),99.990,NVIDIA GeForce GT 1030,2 GB GDDR5 (64 bit),1227 MHz core / 1500 MHz memorias,PCI Express 3.0 x16,https://www.solotodo.com/products/36876-zotac-geforce-gt-1030-2gb-gddr5-hdmidvi-low-profile-zt-p10300a-10l
Sapphire RX 550 Pulse (11268-15-20G),99.990,AMD Radeon RX 550,4 GB GDDR5 (128 bit),1071 MHz core / 1500 MHz memorias,PCI Express 3.0 x16,https://www.solotodo.com/products/73893-sapphire-rx-550-pulse-11268-15-20g
ASUS GT1030-2G-CSM (90YV0AT1-M0NA00),99.900,NVIDIA GeForce GT 1030,2 GB GDDR5 (64 bit),1228 MHz core / 1502 MHz memorias,PCI Express 3.0 x16,https://www.solotodo.com/products/37502-asus-gt1030-2g-csm-90yv0at1-m0na00
PNY Quadro NVS 300 (VCNVS300X16-PB),131.900,NVIDIA Quadro NVS 300,512 MB DDR3 (64 bit),589 MHz core / 790 MHz memorias,PCI Express 2.0 x16,https://www.solotodo.com/products/2936-pny-quadro-nvs-300-vcnvs300x16-pb
Sapphire Radeon RX 460 2G D5 OC (11257-00),129.900,AMD Radeon RX 460,2 GB GDDR5 (128 bit),1090 MHz core / 1750 MHz memorias,PCI Express 3.0 x16,https://www.solotodo.com/products/28479-sapphire-radeon-rx-460-2g-d5-oc-11257-00
MSI GeForce GT 1030 2GD4 LP OC,134.520,NVIDIA GeForce GT 1030,2 GB DDR4 (64 bit),1189 MHz core / 1050 MHz memorias,PCI Express 3.0 x16,https://www.solotodo.com/products/53421-msi-geforce-gt-1030-2gd4-lp-oc
EVGA GeForce GTX 1050 SC GAMING (03G-P4-6153-KR),132.900,NVIDIA GeForce GTX 1050,3 GB GDDR5 (96 bit),1455 MHz core / 1752 MHz memorias,PCI Express 3.0 x16,https://www.solotodo.com/products/49589-evga-geforce-gtx-1050-sc-gaming-03g-p4-6153-kr
PNY Quadro P400 (VCQP400-BLK),138.899,NVIDIA Quadro P400,2 GB GDDR5 (64 bit),1228 MHz core / 1003 MHz memorias,PCI Express 3.0 x16,https://www.solotodo.com/products/70612-pny-quadro-p400-vcqp400-blk
MSI GeForce GTX 1050 2GT OC,139.900,NVIDIA GeForce GTX 1050,2 GB GDDR5 (128 bit),1404 MHz core / 1752 MHz memorias,PCI Express 3.0 x16,https://www.solotodo.com/products/30445-msi-geforce-gtx-1050-2gt-oc
Sapphire Radeon Dual-X R7 370 2G D5 (11240-06-20G),139.900,AMD Radeon R7 370,2 GB GDDR5 (256 bit),985 MHz core / 1400 MHz memorias,PCI Express 3.0 x16,https://www.solotodo.com/products/20921-sapphire-radeon-dual-x-r7-370-2g-d5-11240-06-20g
MSI Radeon R9 380 2GD5T OC,150.000,AMD Radeon R9 380,2 GB GDDR5 (256 bit),980 MHz core / 1375 MHz memorias,PCI Express 3.0 x16,https://www.solotodo.com/products/20492-msi-radeon-r9-380-2gd5t-oc
MSI Radeon RX 570 ARMOR 4G OC,149.990,AMD Radeon RX 570,4 GB GDDR5 (256 bit),1268 MHz core / 1750 MHz memorias,PCI Express 3.0 x16,https://www.solotodo.com/products/35134-msi-radeon-rx-570-armor-4g-oc
ASRock Phantom Gaming D Radeon RX570 4G (PHANTOM GDR RX570 4G),149.900,AMD Radeon RX 570,4 GB GDDR5 (256 bit),1244 MHz core / 1750 MHz memorias,PCI Express 3.0 x16,https://www.solotodo.com/products/57277-asrock-phantom-gaming-d-radeon-rx570-4g-phantom-gdr-rx570-4g
Zotac GAMING GeForce GTX 1650 OC (ZT-T16500F-10L),169.900,NVIDIA GeForce GTX 1650,4 GB GDDR5 (128 bit),1485 MHz core / 2000 MHz memorias,PCI Express 3.0 x16,https://www.solotodo.com/products/60284-zotac-gaming-geforce-gtx-1650-oc-zt-t16500f-10l
ASUS ROG-STRIX-RX570-O4G-GAMING (90YV0AJ0-M0NA00),169.990,AMD Radeon RX 570,4 GB GDDR5 (256 bit),1300 MHz core / 1750 MHz memorias,PCI Express 3.0 x16,https://www.solotodo.com/products/37715-asus-rog-strix-rx570-o4g-gaming-90yv0aj0-m0na00
ASRock Phantom Gaming D Radeon RX570 8G OC (PG D RADEON RX570 8G OC),169.900,AMD Radeon RX 570,8 GB GDDR5 (256 bit),1270 MHz core / 1750 MHz memorias,PCI Express 3.0 x16,https://www.solotodo.com/products/57823-asrock-phantom-gaming-d-radeon-rx570-8g-oc-pg-d-radeon-rx570-8g-oc
Gigabyte GeForce GTX 1050 Ti OC 4G (GV-N105TOC-4GD),169.900,NVIDIA GeForce GTX 1050 Ti,4 GB GDDR5 (128 bit),1316 MHz core / 1752 MHz memorias,PCI Express 3.0 x16,https://www.solotodo.com/products/30291-gigabyte-geforce-gtx-1050-ti-oc-4g-gv-n105toc-4gd
EVGA GeForce GTX 1650 SC ULTRA GAMING (04G-P4-1057-KR),177.900,NVIDIA GeForce GTX 1650,4 GB GDDR5 (128 bit),1485 MHz core / 2000 MHz memorias,PCI Express 3.0 x16,https://www.solotodo.com/products/61752-evga-geforce-gtx-1650-sc-ultra-gaming-04g-p4-1057-kr
MSI GeForce GTX 1650 SUPER VENTUS XS OC,185.900,NVIDIA GeForce GTX 1650 Super,4 GB GDDR6 (128 bit),1530 MHz core / 1500 MHz memorias,PCI Express 3.0 x16,https://www.solotodo.com/products/69213-msi-geforce-gtx-1650-super-ventus-xs-oc
Gigabyte GeForce GTX 1650 OC Low Profile 4G (GV-N1650OC-4GL),185.900,NVIDIA GeForce GTX 1650,4 GB GDDR5 (128 bit),1695 MHz core / 2001 MHz memorias,PCI Express 3.0 x16,https://www.solotodo.com/products/72321-gigabyte-geforce-gtx-1650-oc-low-profile-4g-gv-n1650oc-4gl
ASRock Radeon RX 5500 XT Challenger D 4G OC (RX5500XT CLD 4GO),189.890,AMD Radeon RX 5500 XT,4 GB GDDR6 (128 bit),1685 MHz core / 1750 MHz memorias,PCI Express 4.0 x8,https://www.solotodo.com/products/73460-asrock-radeon-rx-5500-xt-challenger-d-4g-oc-rx5500xt-cld-4go
MSI GeForce GTX 1650 SUPER AERO ITX OC,189.900,NVIDIA GeForce GTX 1650 Super,4 GB GDDR6 (128 bit),1530 MHz core / 1500 MHz memorias,PCI Express 3.0 x16,https://www.solotodo.com/products/71157-msi-geforce-gtx-1650-super-aero-itx-oc
AMD Radeon PRO WX 3100,189.990,AMD Radeon Pro WX 3100,4 GB GDDR5 (256 bit),1219 MHz core / 1500 MHz memorias,PCI Express 3.0 x16,https://www.solotodo.com/products/69112-amd-radeon-pro-wx-3100
EVGA GeForce GTX 1650 SUPER SC ULTRA GAMING (04G-P4-1357-KR),190.900,NVIDIA GeForce GTX 1650 Super,4 GB GDDR6 (128 bit),1530 MHz core / 1500 MHz memorias,PCI Express 3.0 x16,https://www.solotodo.com/products/70308-evga-geforce-gtx-1650-super-sc-ultra-gaming-04g-p4-1357-kr
MSI GeForce GTX 1650 SUPER GAMING X,196.900,NVIDIA GeForce GTX 1650 Super,4 GB GDDR6 (128 bit),1530 MHz core / 1500 MHz memorias,PCI Express 3.0 x16,https://www.solotodo.com/products/70059-msi-geforce-gtx-1650-super-gaming-x
ASUS PH-GTX1650S-O4G,198.313,NVIDIA GeForce GTX 1650 Super,4 GB GDDR6 (128 bit),1530 MHz core / 1500 MHz memorias,PCI Express 3.0 x16,https://www.solotodo.com/products/71770-asus-ph-gtx1650s-o4g
Zotac GAMING GeForce GTX 1650 SUPER Twin Fan (ZT-T16510F-10L),199.000,NVIDIA GeForce GTX 1650 Super,4 GB GDDR6 (128 bit),1530 MHz core / 1500 MHz memorias,PCI Express 3.0 x16,https://www.solotodo.com/products/70309-zotac-gaming-geforce-gtx-1650-super-twin-fan-zt-t16510f-10l
Zotac GeForce GTX 1050 Ti OC Edition (ZT-P10510B-10L),199.990,NVIDIA GeForce GTX 1050 Ti,4 GB GDDR5 (128 bit),1392 MHz core / 1750 MHz memorias,PCI Express 3.0 x16,https://www.solotodo.com/products/29774-zotac-geforce-gtx-1050-ti-oc-edition-zt-p10510b-10l
PNY Quadro P620 (VCQP620-PB),201.400,NVIDIA Quadro P620,2 GB GDDR5 (128 bit),1266 MHz core / 1003 MHz memorias,PCI Express 3.0 x16,https://www.solotodo.com/products/64850-pny-quadro-p620-vcqp620-pb
ASUS TUF-GTX1650S-O4G-GAMING (90YV0E42-M0NA00),205.900,NVIDIA GeForce GTX 1650 Super,4 GB GDDR6 (128 bit),1530 MHz core / 1500 MHz memorias,PCI Express 3.0 x16,https://www.solotodo.com/products/70611-asus-tuf-gtx1650s-o4g-gaming-90yv0e42-m0na00
ASRock Phantom Gaming D Radeon RX580 8G OC (90-GA0MZZ-00UANZ),206.990,AMD Radeon RX 580,8 GB GDDR5 (256 bit),1380 MHz core / 2000 MHz memorias,PCI Express 3.0 x16,https://www.solotodo.com/products/75875-asrock-phantom-gaming-d-radeon-rx580-8g-oc-90-ga0mzz-00uanz
MSI GeForce GTX 1650 GAMING X 4G,208.990,NVIDIA GeForce GTX 1650,4 GB GDDR5 (128 bit),1485 MHz core / 2000 MHz memorias,PCI Express 3.0 x16,https://www.solotodo.com/products/60282-msi-geforce-gtx-1650-gaming-x-4g
MSI Radeon RX 5500 XT MECH 4G OC,212.990,AMD Radeon RX 5500 XT,4 GB GDDR6 (128 bit),1647 MHz core / 1750 MHz memorias,PCI Express 4.0 x16,https://www.solotodo.com/products/75024-msi-radeon-rx-5500-xt-mech-4g-oc
PNY Quadro P620 V2 (VCQP620V2-PB),217.664,NVIDIA Quadro P620,2 GB GDDR5 (128 bit),1266 MHz core / 1003 MHz memorias,PCI Express 3.0 x16,https://www.solotodo.com/products/74767-pny-quadro-p620-v2-vcqp620v2-pb
ASRock Radeon RX 5500 XT Challenger D 8G OC (RX5500XT CLD 8GO),219.900,AMD Radeon RX 5500 XT,8 GB GDDR6 (128 bit),1685 MHz core / 1750 MHz memorias,PCI Express 4.0 x8,https://www.solotodo.com/products/73459-asrock-radeon-rx-5500-xt-challenger-d-8g-oc-rx5500xt-cld-8go
Galax GeForce GTX 1650 Super EX (1-Click OC) (65SQL8DS61EX),219.990,NVIDIA GeForce GTX 1650 Super,4 GB GDDR6 (128 bit),1530 MHz core / 1500 MHz memorias,PCI Express 3.0 x16,https://www.solotodo.com/products/74179-galax-geforce-gtx-1650-super-ex-1-click-oc-65sql8ds61ex
Gigabyte Radeon RX 5500 XT OC 8G (GV-R55XTOC-8GD),229.900,AMD Radeon RX 5500 XT,8 GB GDDR6 (128 bit),1717 MHz core / 1750 MHz memorias,PCI Express 4.0 x16,https://www.solotodo.com/products/71772-gigabyte-radeon-rx-5500-xt-oc-8g-gv-r55xtoc-8gd
MSI Radeon RX 5500 XT MECH 8G OC,229.990,AMD Radeon RX 5500 XT,8 GB GDDR6 (128 bit),1647 MHz core / 1750 MHz memorias,PCI Express 4.0 x16,https://www.solotodo.com/products/71014-msi-radeon-rx-5500-xt-mech-8g-oc
Gigabyte Radeon RX 5500 XT OC 4G (GV-R55XTOC-4GD),229.990,AMD Radeon RX 5500 XT,4 GB GDDR6 (128 bit),1717 MHz core / 1750 MHz memorias,PCI Express 4.0 x16,https://www.solotodo.com/products/73438-gigabyte-radeon-rx-5500-xt-oc-4g-gv-r55xtoc-4gd
HP Quadro P620 (3ME25AA),233.472,NVIDIA Quadro P620,2 GB GDDR5 (128 bit),1266 MHz core / 1003 MHz memorias,PCI Express 3.0 x16,https://www.solotodo.com/products/66013-hp-quadro-p620-3me25aa
EVGA GeForce GTX 1060 SC GAMING (06G-P4-6163-KR),229.900,NVIDIA GeForce GTX 1060 (6 GB),6 GB GDDR5 (192 bit),1607 MHz core / 2002 MHz memorias,PCI Express 3.0 x16,https://www.solotodo.com/products/30237-evga-geforce-gtx-1060-sc-gaming-06g-p4-6163-kr
PNY GeForce GTX 1660 XLR8 Gaming Overclocked Edition (VCG16606SFPPB-O),239.990,NVIDIA GeForce GTX 1660,6 GB GDDR5 (192 bit),1530 MHz core / 2000 MHz memorias,PCI Express 3.0 x16,https://www.solotodo.com/products/67932-pny-geforce-gtx-1660-xlr8-gaming-overclocked-edition-vcg16606sfppb-o
ASUS ROG-STRIX-RX570-4G-GAMING (90YV0AJ1-M0NA00),235.900,AMD Radeon RX 570,4 GB GDDR5 (256 bit),1254 MHz core / 1750 MHz memorias,PCI Express 3.0 x16,https://www.solotodo.com/products/43711-asus-rog-strix-rx570-4g-gaming-90yv0aj1-m0na00
ASRock Phantom Gaming X Radeon RX570 8G OC (PHANTOM GXR RX570 8G OC),239.900,AMD Radeon RX 570,8 GB GDDR5 (256 bit),1280 MHz core / 1750 MHz memorias,PCI Express 3.0 x16,https://www.solotodo.com/products/57021-asrock-phantom-gaming-x-radeon-rx570-8g-oc-phantom-gxr-rx570-8g-oc
MSI Radeon RX 5500 XT GAMING X 8G,253.990,AMD Radeon RX 5500 XT,8 GB GDDR6 (128 bit),1685 MHz core / 1750 MHz memorias,PCI Express 4.0 x16,https://www.solotodo.com/products/73694-msi-radeon-rx-5500-xt-gaming-x-8g
Zotac GAMING GeForce GTX 1660 6GB GDDR5 (ZT-T16600F-10L),259.900,NVIDIA GeForce GTX 1660,6 GB GDDR5 (192 bit),1530 MHz core / 2000 MHz memorias,PCI Express 3.0 x16,https://www.solotodo.com/products/58929-zotac-gaming-geforce-gtx-1660-6gb-gddr5-zt-t16600f-10l
Gigabyte GeForce GTX 1660 OC 6G (GV-N1660OC-6GD),259.900,NVIDIA GeForce GTX 1660,6 GB GDDR5 (192 bit),1530 MHz core / 2000 MHz memorias,PCI Express 3.0 x16,https://www.solotodo.com/products/58931-gigabyte-geforce-gtx-1660-oc-6g-gv-n1660oc-6gd
MSI GeForce GTX 1660 SUPER VENTUS XS OC,260.990,NVIDIA GeForce GTX 1660 Super,6 GB GDDR6 (192 bit),1530 MHz core / 1750 MHz memorias,PCI Express 3.0 x16,https://www.solotodo.com/products/69799-msi-geforce-gtx-1660-super-ventus-xs-oc
Gigabyte GeForce GTX 1660 SUPER OC 6G (GV-N166SOC-6GD),265.900,NVIDIA GeForce GTX 1660 Super,6 GB GDDR6 (192 bit),1830 MHz core / 1750 MHz memorias,PCI Express 3.0 x16,https://www.solotodo.com/products/69110-gigabyte-geforce-gtx-1660-super-oc-6g-gv-n166soc-6gd
EVGA GTX 1060 (6 GB) (06G-P4-5161-KR),259.900,NVIDIA GeForce GTX 1060 (6 GB),6 GB GDDR5 (192 bit),1506 MHz core / 2002 MHz memorias,PCI Express 3.0 x16,https://www.solotodo.com/products/31385-evga-gtx-1060-6-gb-06g-p4-5161-kr
ASUS PH-GTX1660-O6G,259.900,NVIDIA GeForce GTX 1660,6 GB GDDR5 (192 bit),1530 MHz core / 2000 MHz memorias,PCI Express 3.0 x16,https://www.solotodo.com/products/60178-asus-ph-gtx1660-o6g
Galax GeForce GTX 1660 (1-Click OC) (60SRH7DSY91C),269.990,NVIDIA GeForce GTX 1660,6 GB GDDR5 (192 bit),1530 MHz core / 2000 MHz memorias,PCI Express 3.0 x16,https://www.solotodo.com/products/69401-galax-geforce-gtx-1660-1-click-oc-60srh7dsy91c
ASUS DUAL-RX5500XT-O8G-EVO (90YV0DV1-M0AA00),269.990,AMD Radeon RX 5500 XT,8 GB GDDR6 (128 bit),1685 MHz core / 1750 MHz memorias,PCI Express 4.0 x8,https://www.solotodo.com/products/75657-asus-dual-rx5500xt-o8g-evo-90yv0dv1-m0aa00
Zotac GAMING GeForce GTX 1660 AMP 6GB GDDR5 (ZT-T16600D-10M),264.900,NVIDIA GeForce GTX 1660,6 GB GDDR5 (192 bit),1530 MHz core / 2000 MHz memorias,PCI Express 3.0 x16,https://www.solotodo.com/products/58928-zotac-gaming-geforce-gtx-1660-amp-6gb-gddr5-zt-t16600d-10m
ASUS PH-GTX1660S-O6G,272.900,NVIDIA GeForce GTX 1660 Super,6 GB GDDR6 (192 bit),1530 MHz core / 1750 MHz memorias,PCI Express 3.0 x16,https://www.solotodo.com/products/71156-asus-ph-gtx1660s-o6g
MSI GeForce GTX 1660 VENTUS XS 6G OC,274.980,NVIDIA GeForce GTX 1660,6 GB GDDR5 (192 bit),1530 MHz core / 2000 MHz memorias,PCI Express 3.0 x16,https://www.solotodo.com/products/58984-msi-geforce-gtx-1660-ventus-xs-6g-oc
Zotac GAMING GeForce GTX 1660 SUPER Twin Fan (ZT-T16620F-10L),275.500,NVIDIA GeForce GTX 1660 Super,6 GB GDDR6 (192 bit),1530 MHz core / 1750 MHz memorias,PCI Express 3.0 x16,https://www.solotodo.com/products/70641-zotac-gaming-geforce-gtx-1660-super-twin-fan-zt-t16620f-10l
ASUS TUF-GTX1660-O6G-GAMING (90YV0CU2-M0AA00),274.990,NVIDIA GeForce GTX 1660,6 GB GDDR5 (192 bit),1530 MHz core / 2000 MHz memorias,PCI Express 3.0 x16,https://www.solotodo.com/products/60146-asus-tuf-gtx1660-o6g-gaming-90yv0cu2-m0aa00
ASUS PH-GTX1060-6G (90YV0A68-M0NA00),269.900,NVIDIA GeForce GTX 1060 (6 GB),6 GB GDDR5 (192 bit),1506 MHz core / 2002 MHz memorias,PCI Express 3.0 x16,https://www.solotodo.com/products/45237-asus-ph-gtx1060-6g-90yv0a68-m0na00
MSI GeForce GTX 1660 GAMING X 6G,279.990,NVIDIA GeForce GTX 1660,6 GB GDDR5 (192 bit),1530 MHz core / 2000 MHz memorias,PCI Express 3.0 x16,https://www.solotodo.com/products/58986-msi-geforce-gtx-1660-gaming-x-6g
EVGA GeForce GTX 1660 SUPER SC ULTRA GAMING (06G-P4-1068-KR),281.504,NVIDIA GeForce GTX 1660 Super,6 GB GDDR6 (192 bit),1530 MHz core / 1750 MHz memorias,PCI Express 3.0 x16,https://www.solotodo.com/products/68748-evga-geforce-gtx-1660-super-sc-ultra-gaming-06g-p4-1068-kr
ASUS TUF-GTX1660S-O6G-GAMING (90YV0DT2-M0NA00),282.900,NVIDIA GeForce GTX 1660 Super,6 GB GDDR6 (192 bit),1530 MHz core / 1750 MHz memorias,PCI Express 3.0 x16,https://www.solotodo.com/products/70610-asus-tuf-gtx1660s-o6g-gaming-90yv0dt2-m0na00
ASUS DUAL-GTX1660S-O6G-EVO (90YV0DS3-M0NA00),284.990,NVIDIA GeForce GTX 1660 Super,6 GB GDDR6 (192 bit),1530 MHz core / 1750 MHz memorias,PCI Express 3.0 x16,https://www.solotodo.com/products/71154-asus-dual-gtx1660s-o6g-evo-90yv0ds3-m0na00
ASUS DUAL-GTX1060-O6G (90YV09X0-M0NA00),278.900,NVIDIA GeForce GTX 1060 (6 GB),6 GB GDDR5 (192 bit),1569 MHz core / 2002 MHz memorias,PCI Express 3.0 x16,https://www.solotodo.com/products/28898-asus-dual-gtx1060-o6g-90yv09x0-m0na00
XFX RX 580 (RX-580P8DFD6),279.900,AMD Radeon RX 580,8 GB GDDR5 (256 bit),1366 MHz core / 2000 MHz memorias,PCI Express 3.0 x16,https://www.solotodo.com/products/42318-xfx-rx-580-rx-580p8dfd6
EVGA GeForce GTX 1060 SSC GAMING (06G-P4-6267-KR),279.900,NVIDIA GeForce GTX 1060 (6 GB),6 GB GDDR5 (192 bit),1607 MHz core / 2002 MHz memorias,PCI Express 3.0 x16,https://www.solotodo.com/products/35353-evga-geforce-gtx-1060-ssc-gaming-06g-p4-6267-kr
Galax GeForce GTX 1660 Super EX White (1-Click OC) (60SRL7DS04WS),299.990,NVIDIA GeForce GTX 1660 Super,6 GB GDDR6 (192 bit),1530 MHz core / 1750 MHz memorias,PCI Express 3.0 x16,https://www.solotodo.com/products/69406-galax-geforce-gtx-1660-super-ex-white-1-click-oc-60srl7ds04ws
PowerColor RX 580 (AXRX 580 8GBD5-3DH/OC),299.900,AMD Radeon RX 580,8 GB GDDR5 (256 bit),1380 MHz core / 2000 MHz memorias,PCI Express 3.0 x16,https://www.solotodo.com/products/45381-powercolor-rx-580-axrx-580-8gbd5-3dhoc
MSI GeForce GTX 1660 SUPER GAMING X,309.472,NVIDIA GeForce GTX 1660 Super,6 GB GDDR6 (192 bit),1530 MHz core / 1750 MHz memorias,PCI Express 3.0 x16,https://www.solotodo.com/products/69212-msi-geforce-gtx-1660-super-gaming-x
PNY GeForce GTX 1660 Ti XLR8 Gaming OC (VCG1660T6SFPPB-O),309.990,NVIDIA GeForce GTX 1660 Ti,6 GB GDDR6 (192 bit),1500 MHz core / 1500 MHz memorias,PCI Express 3.0 x16,https://www.solotodo.com/products/67168-pny-geforce-gtx-1660-ti-xlr8-gaming-oc-vcg1660t6sfppb-o
Zotac GAMING GeForce GTX 1660 Ti 6GB GDDR6 (ZT-T16610F-10L),314.900,NVIDIA GeForce GTX 1660 Ti,6 GB GDDR6 (192 bit),1500 MHz core / 1500 MHz memorias,PCI Express 3.0 x16,https://www.solotodo.com/products/58078-zotac-gaming-geforce-gtx-1660-ti-6gb-gddr6-zt-t16610f-10l
MSI Radeon RX 570 ARMOR MK2 8G OC,319.990,AMD Radeon RX 570,8 GB GDDR5 (256 bit),1268 MHz core / 1750 MHz memorias,PCI Express 3.0 x16,https://www.solotodo.com/products/42859-msi-radeon-rx-570-armor-mk2-8g-oc
EVGA GeForce GTX 980 SC GAMING ACX 2.0 (04G-P4-2983-KR),320.000,NVIDIA GeForce GTX 980,4 GB GDDR5 (256 bit),1266 MHz core / 1750 MHz memorias,PCI Express 3.0 x16,https://www.solotodo.com/products/17733-evga-geforce-gtx-980-sc-gaming-acx-20-04g-p4-2983-kr
EVGA GeForce GTX 1660 Ti SC ULTRA GAMING (06G-P4-1667-KR),319.990,NVIDIA GeForce GTX 1660 Ti,6 GB GDDR6 (192 bit),1500 MHz core / 1500 MHz memorias,PCI Express 3.0 x16,https://www.solotodo.com/products/62648-evga-geforce-gtx-1660-ti-sc-ultra-gaming-06g-p4-1667-kr
ASRock Radeon RX 5600 XT Phantom Gaming D2 6G OC (RX5600XT PGD2 6GO),325.990,AMD Radeon RX 5600 XT,6 GB GDDR6 (192 bit),1420 MHz core / 1500 MHz memorias,PCI Express 4.0 x16,https://www.solotodo.com/products/74765-asrock-radeon-rx-5600-xt-phantom-gaming-d2-6g-oc-rx5600xt-pgd2-6go
ASRock Radeon RX 5600 XT Challenger D 6G OC (RX5600XT CLD 6GO),326.990,AMD Radeon RX 5600 XT,6 GB GDDR6 (192 bit),1420 MHz core / 1500 MHz memorias,PCI Express 4.0 x16,https://www.solotodo.com/products/74766-asrock-radeon-rx-5600-xt-challenger-d-6g-oc-rx5600xt-cld-6go
AMD Radeon Pro WX 4100 (100-506008),329.900,AMD Radeon Pro WX 4100,4 GB GDDR5 (128 bit),925 MHz core / 1750 MHz memorias,PCI Express 3.0 x16,https://www.solotodo.com/products/72747-amd-radeon-pro-wx-4100-100-506008
MSI GeForce GTX 1660 Ti VENTUS XS 6G OC,339.990,NVIDIA GeForce GTX 1660 Ti,6 GB GDDR6 (192 bit),1500 MHz core / 1500 MHz memorias,PCI Express 3.0 x16,https://www.solotodo.com/products/58219-msi-geforce-gtx-1660-ti-ventus-xs-6g-oc
MSI GeForce GTX 1660 Ti GAMING X 6G,342.990,NVIDIA GeForce GTX 1660 Ti,6 GB GDDR6 (192 bit),1500 MHz core / 1500 MHz memorias,PCI Express 3.0 x16,https://www.solotodo.com/products/57895-msi-geforce-gtx-1660-ti-gaming-x-6g
MSI Radeon RX 5600 XT MECH OC 6G,345.990,AMD Radeon RX 5600 XT,6 GB GDDR6 (192 bit),1460 MHz core / 1500 MHz memorias,PCI Express 4.0 x16,https://www.solotodo.com/products/77516-msi-radeon-rx-5600-xt-mech-oc-6g
Zotac GAMING GeForce GTX 1660 Ti AMP 6GB GDDR6 (ZT-T16610D-10M),346.788,NVIDIA GeForce GTX 1660 Ti,6 GB GDDR6 (192 bit),1500 MHz core / 1500 MHz memorias,PCI Express 3.0 x16,https://www.solotodo.com/products/58603-zotac-gaming-geforce-gtx-1660-ti-amp-6gb-gddr6-zt-t16610d-10m
Gigabyte Radeon RX 5600 XT WINDFORCE OC 6G (GV-R56XTWF2OC-6GD),349.990,AMD Radeon RX 5600 XT,6 GB GDDR6 (192 bit),1130 MHz core / 1500 MHz memorias,PCI Express 4.0 x16,https://www.solotodo.com/products/74688-gigabyte-radeon-rx-5600-xt-windforce-oc-6g-gv-r56xtwf2oc-6gd
Sapphire PULSE RX 5600 XT 6G GDDR6 (11296-01-20G),349.990,AMD Radeon RX 5600 XT,6 GB GDDR6 (192 bit),1130 MHz core / 1750 MHz memorias,PCI Express 4.0 x16,https://www.solotodo.com/products/74617-sapphire-pulse-rx-5600-xt-6g-gddr6-11296-01-20g
PNY Quadro P1000 (VCQP1000-BLK),366.624,NVIDIA Quadro P1000,4 GB GDDR5 (128 bit),1354 MHz core / 1752 MHz memorias,PCI Express 3.0 x16,https://www.solotodo.com/products/64489-pny-quadro-p1000-vcqp1000-blk
ASUS ROG-STRIX-RXVEGA64-O8G-GAMING (90YV0B00-M0NA00),369.900,AMD Radeon RX Vega 64,8 GB HBM2 (2048 bit),1298 MHz core / 945 MHz memorias,PCI Express 3.0 x16,https://www.solotodo.com/products/43434-asus-rog-strix-rxvega64-o8g-gaming-90yv0b00-m0na00
ASUS ROG-STRIX-GTX1660TI-O6G-GAMING,374.990,NVIDIA GeForce GTX 1660 Ti,6 GB GDDR6 (192 bit),1500 MHz core / 1500 MHz memorias,PCI Express 3.0 x16,https://www.solotodo.com/products/59320-asus-rog-strix-gtx1660ti-o6g-gaming
Gigabyte GeForce RTX 2060 OC (rev. 2.0) (GV-N2060OC-6GD),379.990,NVIDIA GeForce RTX 2060,6 GB GDDR6 (192 bit),1755 MHz core / 1750 MHz memorias,PCI Express 3.0 x16,https://www.solotodo.com/products/57894-gigabyte-geforce-rtx-2060-oc-rev-20-gv-n2060oc-6gd
ASUS TUF-RTX2060-O6G-GAMING,379.990,NVIDIA GeForce RTX 2060,6 GB GDDR6 (192 bit),1365 MHz core / 1750 MHz memorias,PCI Express 3.0 x16,https://www.solotodo.com/products/59228-asus-tuf-rtx2060-o6g-gaming
Galax RTX 2060 (1-Click OC) (26NRL7HPX7OC),379.990,NVIDIA GeForce RTX 2060,6 GB GDDR6 (192 bit),1365 MHz core / 1750 MHz memorias,PCI Express 3.0 x16,https://www.solotodo.com/products/69355-galax-rtx-2060-1-click-oc-26nrl7hpx7oc
EVGA Geforce RTX 2060 KO (06G-P4-2068-KR),389.900,NVIDIA GeForce RTX 2060,6 GB GDDR6 (192 bit),1365 MHz core / 1750 MHz memorias,PCI Express 3.0 x16,https://www.solotodo.com/products/74961-evga-geforce-rtx-2060-ko-06g-p4-2068-kr
ASRock Radeon RX 5700 Challenger D 8G OC (RX5700 CLD 8GO),389.900,AMD Radeon RX 5700,8 GB GDDR6 (256 bit),1515 MHz core / 1750 MHz memorias,PCI Express 4.0 x16,https://www.solotodo.com/products/75871-asrock-radeon-rx-5700-challenger-d-8g-oc-rx5700-cld-8go
EVGA GeForce GTX 1070 GAMING (08G-P4-6171-KR),379.900,NVIDIA GeForce GTX 1070,8 GB GDDR5 (256 bit),1506 MHz core / 2000 MHz memorias,PCI Express 3.0 x16,https://www.solotodo.com/products/27217-evga-geforce-gtx-1070-gaming-08g-p4-6171-kr
EVGA GTX 1070 (08G-P4-6173-KR),380.900,NVIDIA GeForce GTX 1070,8 GB GDDR5 (256 bit),1594 MHz core / 2002 MHz memorias,PCI Express 3.0 x16,https://www.solotodo.com/products/26813-evga-gtx-1070-08g-p4-6173-kr
MSI Radeon RX 5700 MECH OC,392.990,AMD Radeon RX 5700,8 GB GDDR6 (256 bit),1515 MHz core / 1750 MHz memorias,PCI Express 4.0 x16,https://www.solotodo.com/products/71013-msi-radeon-rx-5700-mech-oc
ASUS TURBO-RTX2060-6G,396.036,NVIDIA GeForce RTX 2060,6 GB GDDR6 (192 bit),1365 MHz core / 1750 MHz memorias,PCI Express 3.0 x16,https://www.solotodo.com/products/77518-asus-turbo-rtx2060-6g
EVGA GeForce GTX 980 Ti SC+ GAMING ACX 2.0+ (06G-P4-4995-KR),399.900,NVIDIA GeForce GTX 980 Ti,6 GB GDDR5 (384 bit),1102 MHz core / 1753 MHz memorias,PCI Express 3.0 x16,https://www.solotodo.com/products/26130-evga-geforce-gtx-980-ti-sc-gaming-acx-20-06g-p4-4995-kr
PNY Quadro P1000 (VCQP1000-ESPPB),399.950,NVIDIA Quadro P1000,4 GB GDDR5 (128 bit),1354 MHz core / 1752 MHz memorias,PCI Express 3.0 x16,https://www.solotodo.com/products/64487-pny-quadro-p1000-vcqp1000-esppb
MSI Radeon RX 5700 EVOKE OC,399.990,AMD Radeon RX 5700,8 GB GDDR6 (256 bit),1540 MHz core / 1750 MHz memorias,PCI Express 4.0 x16,https://www.solotodo.com/products/75354-msi-radeon-rx-5700-evoke-oc
Zotac GAMING GeForce RTX 2060 (ZT-T20600H-10M),398.990,NVIDIA GeForce RTX 2060,6 GB GDDR6 (192 bit),1365 MHz core / 1750 MHz memorias,PCI Express 3.0 x16,https://www.solotodo.com/products/71249-zotac-gaming-geforce-rtx-2060-zt-t20600h-10m
MSI GeForce RTX 2060 VENTUS 6G OC,399.990,NVIDIA GeForce RTX 2060,6 GB GDDR6 (192 bit),1365 MHz core / 1750 MHz memorias,PCI Express 3.0 x16,https://www.solotodo.com/products/56217-msi-geforce-rtx-2060-ventus-6g-oc
ASUS DUAL-RTX2060-O6G,399.900,NVIDIA GeForce RTX 2060,6 GB GDDR6 (192 bit),1365 MHz core / 1750 MHz memorias,PCI Express 3.0 x16,https://www.solotodo.com/products/55953-asus-dual-rtx2060-o6g
Gigabyte Radeon RX 5600 XT GAMING OC 6G (GV-R56XTGAMING OC-6GD),399.990,AMD Radeon RX 5600 XT,6 GB GDDR6 (192 bit),1130 MHz core / 1500 MHz memorias,PCI Express 4.0 x16,https://www.solotodo.com/products/73974-gigabyte-radeon-rx-5600-xt-gaming-oc-6g-gv-r56xtgaming-oc-6gd
EVGA GeForce RTX 2060 SC BLACK GAMING (06G-P4-1762-KR),409.990,NVIDIA GeForce RTX 2060,6 GB GDDR6 (192 bit),1365 MHz core / 1750 MHz memorias,PCI Express 3.0 x16,https://www.solotodo.com/products/76199-evga-geforce-rtx-2060-sc-black-gaming-06g-p4-1762-kr
MSI GeForce RTX 2060 GAMING Z 6G,419.520,NVIDIA GeForce RTX 2060,6 GB GDDR6 (192 bit),1365 MHz core / 1750 MHz memorias,PCI Express 3.0 x16,https://www.solotodo.com/products/55909-msi-geforce-rtx-2060-gaming-z-6g
Zotac GAMING GeForce RTX 2060 SUPER MINI (ZT-T20610E-10M),409.900,NVIDIA GeForce RTX 2060 Super,8 GB GDDR6 (256 bit),1365 MHz core / 1750 MHz memorias,PCI Express 3.0 x16,https://www.solotodo.com/products/65126-zotac-gaming-geforce-rtx-2060-super-mini-zt-t20610e-10m
ASUS ROG-STRIX-RTX2060-O6G-GAMING (90YV0CI0-M0AA00),421.990,NVIDIA GeForce RTX 2060,6 GB GDDR6 (192 bit),1365 MHz core / 1750 MHz memorias,PCI Express 3.0 x16,https://www.solotodo.com/products/55949-asus-rog-strix-rtx2060-o6g-gaming-90yv0ci0-m0aa00
MSI Radeon RX 5700 XT MECH OC,427.990,AMD Radeon RX 5700 XT,8 GB GDDR6 (256 bit),1670 MHz core / 1750 MHz memorias,PCI Express 4.0 x16,https://www.solotodo.com/products/66158-msi-radeon-rx-5700-xt-mech-oc
ASUS ROG-STRIX-RTX2060-A6G-GAMING,429.990,NVIDIA GeForce RTX 2060,6 GB GDDR6 (192 bit),1365 MHz core / 1750 MHz memorias,PCI Express 3.0 x16,https://www.solotodo.com/products/55958-asus-rog-strix-rtx2060-a6g-gaming
MSI Radeon RX 5700 GAMING X 8G,439.990,AMD Radeon RX 5700,8 GB GDDR6 (256 bit),1610 MHz core / 1750 MHz memorias,PCI Express 4.0 x16,https://www.solotodo.com/products/75454-msi-radeon-rx-5700-gaming-x-8g
ASUS TUF 3-RX5700-O8G-GAMING (90YV0DC0-M0NA00),429.900,AMD Radeon RX 5700,8 GB GDDR6 (256 bit),1565 MHz core / 1750 MHz memorias,PCI Express 4.0 x16,https://www.solotodo.com/products/70345-asus-tuf-3-rx5700-o8g-gaming-90yv0dc0-m0na00
MSI GeForce RTX 2060 SUPER VENTUS GP OC,446.990,NVIDIA GeForce RTX 2060 Super,8 GB GDDR6 (256 bit),1407 MHz core / 1750 MHz memorias,PCI Express 3.0 x16,https://www.solotodo.com/products/72322-msi-geforce-rtx-2060-super-ventus-gp-oc
Gigabyte GeForce RTX 2060 SUPER WINDFORCE OC 8G (GV-N206SWF2OC-8GD),449.990,NVIDIA GeForce RTX 2060 Super,8 GB GDDR6 (256 bit),1680 MHz core / 1750 MHz memorias,PCI Express 3.0 x16,https://www.solotodo.com/products/64788-gigabyte-geforce-rtx-2060-super-windforce-oc-8g-gv-n206swf2oc-8gd
Galax GeForce RTX 2060 Super (1-Click OC) (26ISL6HP39SS),449.990,NVIDIA GeForce RTX 2060 Super,8 GB GDDR6 (256 bit),1470 MHz core / 1750 MHz memorias,PCI Express 3.0 x16,https://www.solotodo.com/products/69416-galax-geforce-rtx-2060-super-1-click-oc-26isl6hp39ss
ASUS ROG-STRIX-RX5700-O8G-GAMING (90YV0DD0-M0NA00),449.990,AMD Radeon RX 5700,8 GB GDDR6 (256 bit),1610 MHz core / 1750 MHz memorias,PCI Express 4.0 x16,https://www.solotodo.com/products/70061-asus-rog-strix-rx5700-o8g-gaming-90yv0dd0-m0na00
MSI GeForce RTX 2060 SUPER VENTUS OC,458.900,NVIDIA GeForce RTX 2060 Super,8 GB GDDR6 (256 bit),1407 MHz core / 1750 MHz memorias,PCI Express 3.0 x16,https://www.solotodo.com/products/64585-msi-geforce-rtx-2060-super-ventus-oc
PNY Quadro P2200 RET SCB SB (VCQP2200-SB),459.990,NVIDIA Quadro P2200,5.0 GB GDDR5X (160 bit),1000 MHz core / 1253 MHz memorias,PCI Express 3.0 x16,https://www.solotodo.com/products/69980-pny-quadro-p2200-ret-scb-sb-vcqp2200-sb
MSI Radeon RX 5700 XT GAMING X,464.990,AMD Radeon RX 5700 XT,8 GB GDDR6 (256 bit),1730 MHz core / 1750 MHz memorias,PCI Express 3.0 x16,https://www.solotodo.com/products/75469-msi-radeon-rx-5700-xt-gaming-x
EVGA GeForce RTX 2060 SC Ultra GAMING (06G-P4-2067-KR),471.584,NVIDIA GeForce RTX 2060,6 GB GDDR6 (192 bit),1365 MHz core / 1750 MHz memorias,PCI Express 3.0 x16,https://www.solotodo.com/products/60281-evga-geforce-rtx-2060-sc-ultra-gaming-06g-p4-2067-kr
ASUS CERBERUS-GTX1070TI-A8G (90YV0BJ1-M0NA00),469.900,NVIDIA GeForce GTX 1070 Ti,8 GB GDDR5 (256 bit),1607 MHz core / 2002 MHz memorias,PCI Express 3.0 x16,https://www.solotodo.com/products/43579-asus-cerberus-gtx1070ti-a8g-90yv0bj1-m0na00
EVGA GeForce RTX 2060 SUPER SC BLACK GAMING (08G-P4-3062-KR),487.990,NVIDIA GeForce RTX 2060 Super,8 GB GDDR6 (256 bit),1470 MHz core / 1750 MHz memorias,PCI Express 3.0 x16,https://www.solotodo.com/products/71012-evga-geforce-rtx-2060-super-sc-black-gaming-08g-p4-3062-kr
MSI GeForce RTX 2060 SUPER GAMING X,489.990,NVIDIA GeForce RTX 2060 Super,8 GB GDDR6 (256 bit),1407 MHz core / 1750 MHz memorias,PCI Express 3.0 x16,https://www.solotodo.com/products/63989-msi-geforce-rtx-2060-super-gaming-x
Gigabyte GeForce RTX 2060 SUPER WINDFORCE OC 8G (GV-N206SWF2OC-8GD REV2.0),499.900,NVIDIA GeForce RTX 2060 Super,8 GB GDDR6 (256 bit),1680 MHz core / 1750 MHz memorias,PCI Express 3.0 x16,https://www.solotodo.com/products/67602-gigabyte-geforce-rtx-2060-super-windforce-oc-8g-gv-n206swf2oc-8gd-rev20
PNY Quadro P2000 (VCQP2000-BLK),499.900,NVIDIA Quadro P2000,5.0 GB GDDR5 (160 bit),1370 MHz core / 2002 MHz memorias,PCI Express 3.0 x16,https://www.solotodo.com/products/64485-pny-quadro-p2000-vcqp2000-blk
Zotac GAMING GeForce RTX 2060 SUPER AMP Extreme (ZT-T20610B-10P),519.900,NVIDIA GeForce RTX 2060 Super,8 GB GDDR6 (256 bit),1407 MHz core / 1750 MHz memorias,PCI Express 3.0 x16,https://www.solotodo.com/products/64446-zotac-gaming-geforce-rtx-2060-super-amp-extreme-zt-t20610b-10p
ASUS ROG-STRIX-RTX2060S-A8G-GAMING (90YV0DG1-M0NA00),532.900,NVIDIA GeForce RTX 2060 Super,8 GB GDDR6 (256 bit),1470 MHz core / 1750 MHz memorias,PCI Express 3.0 x16,https://www.solotodo.com/products/66542-asus-rog-strix-rtx2060s-a8g-gaming-90yv0dg1-m0na00
Zotac GAMING GeForce RTX 2070 SUPER MINI (ZT-T20710E-10M),539.900,NVIDIA GeForce RTX 2070 Super,8 GB GDDR6 (256 bit),1605 MHz core / 1750 MHz memorias,PCI Express 3.0 x16,https://www.solotodo.com/products/68054-zotac-gaming-geforce-rtx-2070-super-mini-zt-t20710e-10m
MSI GeForce RTX 2070 SUPER VENTUS OC,558.900,NVIDIA GeForce RTX 2070 Super,8 GB GDDR6 (256 bit),1605 MHz core / 1750 MHz memorias,PCI Express 3.0 x16,https://www.solotodo.com/products/63991-msi-geforce-rtx-2070-super-ventus-oc
ASUS ROG-STRIX-RXVEGA56-O8G-GAMING,570.000,AMD Radeon RX Vega 56,8 GB HBM2 (2048 bit),1297 MHz core / 800 MHz memorias,PCI Express 3.0 x16,https://www.solotodo.com/products/44219-asus-rog-strix-rxvega56-o8g-gaming
EVGA GeForce RTX 2070 SUPER GAMING (08G-P4-3070-KR),558.900,NVIDIA GeForce RTX 2070 Super,8 GB GDDR6 (256 bit),1605 MHz core / 1750 MHz memorias,PCI Express 3.0 x16,https://www.solotodo.com/products/68861-evga-geforce-rtx-2070-super-gaming-08g-p4-3070-kr
Gigabyte GeForce RTX 2070 SUPER GAMING OC 8G (GV-N207SGAMING OC-8GC),594.586,NVIDIA GeForce RTX 2070 Super,8 GB GDDR6 (256 bit),1815 MHz core / 1750 MHz memorias,PCI Express 3.0 x16,https://www.solotodo.com/products/64547-gigabyte-geforce-rtx-2070-super-gaming-oc-8g-gv-n207sgaming-oc-8gc
Zotac GAMING GeForce RTX 2070 SUPER Twin Fan (ZT-T20710F-10P),599.707,NVIDIA GeForce RTX 2070 Super,8 GB GDDR6 (256 bit),1605 MHz core / 1750 MHz memorias,PCI Express 3.0 x16,https://www.solotodo.com/products/64468-zotac-gaming-geforce-rtx-2070-super-twin-fan-zt-t20710f-10p
MSI GeForce RTX 2070 SUPER GAMING X,609.990,NVIDIA GeForce RTX 2070 Super,8 GB GDDR6 (256 bit),1605 MHz core / 1750 MHz memorias,PCI Express 3.0 x16,https://www.solotodo.com/products/67603-msi-geforce-rtx-2070-super-gaming-x
Galax GeForce RTX 2070 Super EX Gamer Black Edition (27ISL6MDW0BG),619.990,NVIDIA GeForce RTX 2070 Super,8 GB GDDR6 (256 bit),1605 MHz core / 1750 MHz memorias,PCI Express 3.0 x16,https://www.solotodo.com/products/69438-galax-geforce-rtx-2070-super-ex-gamer-black-edition-27isl6mdw0bg
HP Quadro P2000 (1ME41AA),621.376,NVIDIA Quadro P2000,5.0 GB GDDR5 (160 bit),1370 MHz core / 2002 MHz memorias,PCI Express 3.0 x16,https://www.solotodo.com/products/66154-hp-quadro-p2000-1me41aa
EVGA GeForce RTX 2070 SUPER BLACK GAMING (08G-P4-3071-KR),628.064,NVIDIA GeForce RTX 2070 Super,8 GB GDDR6 (256 bit),1605 MHz core / 1750 MHz memorias,PCI Express 3.0 x16,https://www.solotodo.com/products/66388-evga-geforce-rtx-2070-super-black-gaming-08g-p4-3071-kr
ASUS ROG-STRIX-RTX2070S-A8G-GAMING (90YV0DI1-MTAA00),663.690,NVIDIA GeForce RTX 2070 Super,8 GB GDDR6 (256 bit),1605 MHz core / 1750 MHz memorias,PCI Express 3.0 x16,https://www.solotodo.com/products/67144-asus-rog-strix-rtx2070s-a8g-gaming-90yv0di1-mtaa00
Gigabyte AORUS GeForce RTX 2070 SUPER 8G (GV-N207SAORUS-8GC),714.990,NVIDIA GeForce RTX 2070 Super,8 GB GDDR6 (256 bit),1905 MHz core / 1750 MHz memorias,PCI Express 3.0 x16,https://www.solotodo.com/products/70311-gigabyte-aorus-geforce-rtx-2070-super-8g-gv-n207saorus-8gc
EVGA GeForce RTX 2070 SUPER FTW3 GAMING (08G-P4-3273-KR),737.900,NVIDIA GeForce RTX 2070 Super,8 GB GDDR6 (256 bit),1605 MHz core / 1750 MHz memorias,PCI Express 3.0 x16,https://www.solotodo.com/products/76200-evga-geforce-rtx-2070-super-ftw3-gaming-08g-p4-3273-kr
MSI GeForce RTX 2080 VENTUS 8G OC,739.936,NVIDIA GeForce RTX 2080,8 GB GDDR6 (256 bit),1515 MHz core / 1750 MHz memorias,PCI Express 3.0 x16,https://www.solotodo.com/products/51686-msi-geforce-rtx-2080-ventus-8g-oc
Zotac GAMING GeForce RTX 2080 SUPER AMP (ZT-T20820D-10P),749.990,NVIDIA GeForce RTX 2080 Super,8 GB GDDR6 (256 bit),1650 MHz core / 1938 MHz memorias,PCI Express 3.0 x16,https://www.solotodo.com/products/64469-zotac-gaming-geforce-rtx-2080-super-amp-zt-t20820d-10p
Gigabyte GeForce RTX 2080 SUPER TURBO 8G (GV-N208STURBO-8GC),775.086,NVIDIA GeForce RTX 2080 Super,8 GB GDDR6 (256 bit),1815 MHz core / 1938 MHz memorias,PCI Express 3.0 x16,https://www.solotodo.com/products/64543-gigabyte-geforce-rtx-2080-super-turbo-8g-gv-n208sturbo-8gc
MSI GeForce RTX 2080 SUPER VENTUS XS OC,799.990,NVIDIA GeForce RTX 2080 Super,8 GB GDDR6 (256 bit),1650 MHz core / 1938 MHz memorias,PCI Express 3.0 x16,https://www.solotodo.com/products/71759-msi-geforce-rtx-2080-super-ventus-xs-oc
MSI GeForce RTX 2080 SUPER GAMING X TRIO,819.990,NVIDIA GeForce RTX 2080 Super,8 GB GDDR6 (256 bit),1650 MHz core / 1938 MHz memorias,PCI Express 3.0 x16,https://www.solotodo.com/products/65450-msi-geforce-rtx-2080-super-gaming-x-trio
MSI GeForce RTX 2080 SUPER VENTUS OC,820.373,NVIDIA GeForce RTX 2080 Super,8 GB GDDR6 (256 bit),1650 MHz core / 1938 MHz memorias,PCI Express 3.0 x16,https://www.solotodo.com/products/70022-msi-geforce-rtx-2080-super-ventus-oc
Galax GeForce RTX 2080 Super EX (1-Click OC) (28ISL6MDU9EX),824.990,NVIDIA GeForce RTX 2080 Super,8 GB GDDR6 (256 bit),1845 MHz core / 1938 MHz memorias,PCI Express 3.0 x16,https://www.solotodo.com/products/69798-galax-geforce-rtx-2080-super-ex-1-click-oc-28isl6mdu9ex
EVGA GeForce RTX 2080 SUPER BLACK GAMING (08G-P4-3081-KR),835.900,NVIDIA GeForce RTX 2080 Super,8 GB GDDR6 (256 bit),1650 MHz core / 1938 MHz memorias,PCI Express 3.0 x16,https://www.solotodo.com/products/66540-evga-geforce-rtx-2080-super-black-gaming-08g-p4-3081-kr
PNY Quadro P4000 (VCQP4000-ESPPB),849.990,NVIDIA Quadro P4000,8 GB GDDR5 (256 bit),1227 MHz core / 1502 MHz memorias,PCI Express 3.0 x16,https://www.solotodo.com/products/64481-pny-quadro-p4000-vcqp4000-esppb
Gigabyte GeForce RTX 2080 SUPER GAMING OC 8G (GV-N208SGAMING OC-8GC),864.990,NVIDIA GeForce RTX 2080 Super,8 GB GDDR6 (256 bit),1845 MHz core / 1938 MHz memorias,PCI Express 3.0 x16,https://www.solotodo.com/products/64539-gigabyte-geforce-rtx-2080-super-gaming-oc-8g-gv-n208sgaming-oc-8gc
ASUS ROG-STRIX-RTX2080S-A8G-GAMING,894.990,NVIDIA GeForce RTX 2080 Super,8 GB GDDR6 (256 bit),1650 MHz core / 1938 MHz memorias,PCI Express 3.0 x16,https://www.solotodo.com/products/67539-asus-rog-strix-rtx2080s-a8g-gaming
Gigabyte GeForce RTX 2080 SUPER WINDFORCE OC 8G (GV-N208SWF3OC-8GD),939.990,NVIDIA GeForce RTX 2080 Super,8 GB GDDR6 (256 bit),1830 MHz core / 1938 MHz memorias,PCI Express 3.0 x16,https://www.solotodo.com/products/66414-gigabyte-geforce-rtx-2080-super-windforce-oc-8g-gv-n208swf3oc-8gd
Gigabyte AORUS GeForce RTX 2080 SUPER WATERFORCE WB 8G (GV-N208SAORUS WB-8GC),997.590,NVIDIA GeForce RTX 2080 Super,8 GB GDDR6 (256 bit),1860 MHz core / 1938 MHz memorias,PCI Express 3.0 x16,https://www.solotodo.com/products/71153-gigabyte-aorus-geforce-rtx-2080-super-waterforce-wb-8g-gv-n208saorus-wb-8gc
Gigabyte GeForce RTX 2080 Ti GAMING 11G (GV-N208TGAMING OC-11GC),1.399.900,NVIDIA GeForce RTX 2080 Ti,11 GB GDDR6 (352 bit),1545 MHz core / 1750 MHz memorias,PCI Express 3.0 x16,https://www.solotodo.com/products/74141-gigabyte-geforce-rtx-2080-ti-gaming-11g-gv-n208tgaming-oc-11gc
MSI GeForce RTX 2080 TI GAMING X TRIO,1.399.990,NVIDIA GeForce RTX 2080 Ti,11 GB GDDR6 (352 bit),1350 MHz core / 1750 MHz memorias,PCI Express 3.0 x16,https://www.solotodo.com/products/52237-msi-geforce-rtx-2080-ti-gaming-x-trio
Zotac GAMING GeForce RTX 2080 Ti AMP MAXX (ZT-T20810H-10P),1.399.990,NVIDIA GeForce RTX 2080 Ti,11 GB GDDR6 (352 bit),1350 MHz core / 1750 MHz memorias,PCI Express 3.0 x16,https://www.solotodo.com/products/67604-zotac-gaming-geforce-rtx-2080-ti-amp-maxx-zt-t20810h-10p
ASUS ROG-STRIX-RTX2080TI-11G-GAMING,1.429.900,NVIDIA GeForce RTX 2080 Ti,11 GB GDDR6 (352 bit),1350 MHz core / 1750 MHz memorias,PCI Express 3.0 x16,https://www.solotodo.com/products/57073-asus-rog-strix-rtx2080ti-11g-gaming
EVGA GeForce RTX 2080 Ti BLACK EDITION GAMING (11G-P4-2281-KR),1.432.591,NVIDIA GeForce RTX 2080 Ti,11 GB GDDR6 (352 bit),1350 MHz core / 1750 MHz memorias,PCI Express 3.0 x16,https://www.solotodo.com/products/58322-evga-geforce-rtx-2080-ti-black-edition-gaming-11g-p4-2281-kr
Galax RTX 2080Ti HOF (28IULBUCV6DH),1.449.990,NVIDIA GeForce RTX 2080 Ti,11 GB GDDR6 (352 bit),1350 MHz core / 1750 MHz memorias,PCI Express 3.0 x16,https://www.solotodo.com/products/69333-galax-rtx-2080ti-hof-28iulbucv6dh
