nombre,precio,formato,fuentepoder,ubfuente,panellateral,link,imagen
Clio 6802 (KB-6802),19.990,ATX,650 W.,Inferior,Aluminio (Cubierto),https://www.solotodo.com/products/5682-clio-6802-kb-6802,https://s3.amazonaws.com/solotodo-core/media/cache/23/00/23008d510c2799f2a68827715d737e91.png
Clio S101 B (S101 B),19.990,Mini ITX,500 W.,Superior,Aluminio (Cubierto),https://www.solotodo.com/products/15386-clio-s101-b-s101-b,https://s3.amazonaws.com/solotodo-core/media/cache/fe/30/fe301b06b4149457279b8c5f4045b16f.png
Cougar MG110 (385JMP0.0001),20.900,Micro ATX,No posee,Inferior,Aluminio (Cubierto),https://www.solotodo.com/products/39448-cougar-mg110-385jmp00001,https://s3.amazonaws.com/solotodo-core/media/cache/69/e8/69e82c8703a2c3cf4fce512f5857a631.png
Redfox 5851BS,20.900,ATX,650 W.,Superior,Aluminio (Cubierto),https://www.solotodo.com/products/7720-redfox-5851bs,https://s3.amazonaws.com/solotodo-core/media/cache/91/31/9131c29b24ac6b9cd3601380f3071e76.png
Sunshine Q5B,21.990,ATX,650 W.,Superior,Aluminio (Cubierto),https://www.solotodo.com/products/53920-sunshine-q5b,https://s3.amazonaws.com/solotodo-core/media/cache/f1/12/f11273e83995022d60bc8f1219b62977.png
Spektra Poison 25M,22.990,Micro ATX,200 W.,Superior,Aluminio (Cubierto),https://www.solotodo.com/products/60877-spektra-poison-25m,https://s3.amazonaws.com/solotodo-core/media/cache/54/f7/54f77d492a6068346c71183600c1e438.png
Multimarca S605,22.900,Micro ATX,350 W.,Superior,Aluminio (Cubierto),https://www.solotodo.com/products/5719-multimarca-s605,https://s3.amazonaws.com/solotodo-core/media/cache/d4/d3/d4d333867266abb368f24bfc714085f3.png
XTech XTQ-100,23.900,Micro ATX,600 W.,Superior,Aluminio (Cubierto),https://www.solotodo.com/products/41043-xtech-xtq-100,https://s3.amazonaws.com/solotodo-core/media/cache/00/53/00531ba450aac6c5b63a2755cb8838d5.png
XTech XTQ-103,23.990,Micro ATX,500 W.,Superior,Aluminio (Cubierto),https://www.solotodo.com/products/40546-xtech-xtq-103,https://s3.amazonaws.com/solotodo-core/media/cache/f3/f6/f3f6e9cf361b37e86c913ba54e63cc67.png
Gamemax Expedition H605 - Blue,24.225,Micro ATX,No posee,Inferior,Acrílico,https://www.solotodo.com/products/65517-gamemax-expedition-h605-blue,https://s3.amazonaws.com/solotodo-core/media/cache/9b/88/9b881a762869db2a669f588bedd3e563.png
Gamemax Expedition H605 - White,24.225,Micro ATX,No posee,Inferior,Acrílico,https://www.solotodo.com/products/65518-gamemax-expedition-h605-white,https://s3.amazonaws.com/solotodo-core/media/cache/fa/b8/fab83e69359f54570b8d588c8211b11e.png
Gamemax Expedition - Blue,24.900,Micro ATX,No posee,Inferior,Acrílico,https://www.solotodo.com/products/62090-gamemax-expedition-blue,https://solotodo-core.s3.amazonaws.com/media/cache/9b/88/9b881a762869db2a669f588bedd3e563.png
Gamemax Expedition H605 - Red,24.900,Micro ATX,No posee,Inferior,Acrílico,https://www.solotodo.com/products/65913-gamemax-expedition-h605-red,https://s3.amazonaws.com/solotodo-core/media/cache/b9/58/b9583676630b966d809325cefd9fa2e4.png
Clio S603 Plus,24.990,Micro ATX,500 W.,Superior,Aluminio (Cubierto),https://www.solotodo.com/products/33245-clio-s603-plus,https://s3.amazonaws.com/solotodo-core/media/cache/1a/f0/1af0092b3257d2a401bdbdcaff3d332a.png
Gamemax Expedition H605 - Black,25.900,Micro ATX,No posee,Inferior,Acrílico,https://www.solotodo.com/products/65516-gamemax-expedition-h605-black,https://s3.amazonaws.com/solotodo-core/media/cache/48/ba/48ba0c9331cf4ef33436a8b85da9ce69.png
Infor-Ingen IS03-R,26.900,ATX,No posee,Superior,Acrílico,https://www.solotodo.com/products/39271-infor-ingen-is03-r,https://s3.amazonaws.com/solotodo-core/media/cache/84/69/846946ed2fd8cb5cd882e7517dbb19a4.png
Infor-Ingen IS03-B,26.900,ATX,600 W.,Superior,Acrílico,https://www.solotodo.com/products/39270-infor-ingen-is03-b,https://s3.amazonaws.com/solotodo-core/media/cache/82/59/8259dbcc29126dedd3a416431ff1ea41.png
Clio 5830,27.990,ATX,650 W.,Superior,Aluminio (Cubierto),https://www.solotodo.com/products/5555-clio-5830,https://s3.amazonaws.com/solotodo-core/media/cache/4a/99/4a99c5cdfc5f31478fb4a0a425d91ada.png
Sunshine S605BK,28.990,Micro ATX,650 W.,Superior,Aluminio (Cubierto),https://www.solotodo.com/products/29759-sunshine-s605bk,https://s3.amazonaws.com/solotodo-core/media/cache/d4/d3/d4d333867266abb368f24bfc714085f3.png
Spektra Leeroy V2.0,29.990,ATX,230 W.,Superior,Aluminio (Cubierto),https://www.solotodo.com/products/60879-spektra-leeroy-v20,https://s3.amazonaws.com/solotodo-core/media/cache/10/7c/107caf4f39943a0362e7ea325fe61a8b.png
Spektra One,29.990,Micro ATX,230 W.,Superior,Aluminio (Cubierto),https://www.solotodo.com/products/60878-spektra-one,https://solotodo-core.s3.amazonaws.com/media/cache/46/df/46df752371f63d31f0a600363b4f7fb3.png
Infor-Ingen IS11,29.900,ATX,No posee,Superior,Acrílico,https://www.solotodo.com/products/73568-infor-ingen-is11,https://s3.amazonaws.com/solotodo-core/media/cache/35/ea/35ea730e287a0704a1c0ea8278e3f57a.png
Cougar MG130-G (385TM10.0002),31.900,Micro ATX,No posee,Inferior,Vidrio templado,https://www.solotodo.com/products/70181-cougar-mg130-g-385tm100002,https://s3.amazonaws.com/solotodo-core/media/cache/bd/09/bd09ac56ee516f7790f1b2eb82964367.png
Cougar MX330-G (385NC10.0006),31.900,ATX,No posee,Inferior,Vidrio templado,https://www.solotodo.com/products/70182-cougar-mx330-g-385nc100006,https://s3.amazonaws.com/solotodo-core/media/cache/68/8d/688d5afa0f6357e5097250a3d7416654.png
XTech Delirium (XT-GMR1),34.900,ATX,No posee,Inferior,Acrílico,https://www.solotodo.com/products/55044-xtech-delirium-xt-gmr1,https://s3.amazonaws.com/solotodo-core/media/cache/6e/9c/6e9c72703f2d43b0eef28e652f8e598f.png
XTech Environ (XT-GMR2),34.900,ATX,No posee,Inferior,Acrílico,https://www.solotodo.com/products/55043-xtech-environ-xt-gmr2,https://s3.amazonaws.com/solotodo-core/media/cache/74/7b/747b198c8e14ddde406ce94f63ed55bc.png
Gamemax Matrix G562 (RGB),36.661,ATX,No posee,Superior,Acrílico,https://www.solotodo.com/products/47810-gamemax-matrix-g562-rgb,https://s3.amazonaws.com/solotodo-core/media/cache/bf/e0/bfe0d3c4a2b2dfa119059dff57936e43.png
Cougar MX330 (385NC10.0002),36.900,ATX,No posee,Inferior,Acrílico,https://www.solotodo.com/products/42511-cougar-mx330-385nc100002,https://s3.amazonaws.com/solotodo-core/media/cache/57/22/5722ae35ca31c391c25a087c461cf4ee.png
Azza Sirius 206 (CSAZ-206),36.900,ATX,No posee,Inferior,Acrílico,https://www.solotodo.com/products/44687-azza-sirius-206-csaz-206,https://s3.amazonaws.com/solotodo-core/media/cache/51/aa/51aa6b770c3e8d7330b1ee6f0aa9ff5b.png
Sentey SS2-2219,38.990,ATX,450 W.,Inferior,Aluminio (Cubierto),https://www.solotodo.com/products/14714-sentey-ss2-2219,https://s3.amazonaws.com/solotodo-core/media/cache/96/c3/96c3adb67dc7c6c7317b7dccfdc38a95.png
Sentey SS5-2514,38.990,Mini ITX,450 W.,Superior,Aluminio (Cubierto),https://www.solotodo.com/products/5556-sentey-ss5-2514,https://s3.amazonaws.com/solotodo-core/media/cache/ea/bb/eabbc67c7d7bf210f46a82110cd8d012.png
Fantech Strike CG72 RGB - Black,39.520,ATX,No posee,Inferior,Vidrio templado,https://www.solotodo.com/products/67621-fantech-strike-cg72-rgb-black,https://s3.amazonaws.com/solotodo-core/media/cache/a6/33/a6332adf2d11e9a34864d2e7ab4e660d.png
Fantech Pulse CG71 RGB - White,39.520,ATX,No posee,Inferior,Vidrio templado,https://www.solotodo.com/products/67619-fantech-pulse-cg71-rgb-white,https://s3.amazonaws.com/solotodo-core/media/cache/5c/68/5c68f6f8ac90914c91a77d9f9638671d.png
Thermaltake Versa H24 Window (CA-1C1-00M1WN-00),38.900,ATX,No posee,Inferior,Acrílico,https://www.solotodo.com/products/37422-thermaltake-versa-h24-window-ca-1c1-00m1wn-00,https://s3.amazonaws.com/solotodo-core/media/cache/6e/d8/6ed85a60a97bddda0ac04b194abcb846.png
DeepCool E-Shield (DP-ATX-E-SHIELD),39.990,Extended ATX,No posee,Inferior,Vidrio templado,https://www.solotodo.com/products/60875-deepcool-e-shield-dp-atx-e-shield,https://solotodo-core.s3.amazonaws.com/media/cache/ee/87/ee87e31e3d7298743ec8e94df0b6bb5d.png
Corsair Carbide Series SPEC-04 - Black / Red (CC-9011107-WW),39.900,ATX,No posee,Inferior,Acrílico,https://www.solotodo.com/products/43414-corsair-carbide-series-spec-04-black-red-cc-9011107-ww,https://s3.amazonaws.com/solotodo-core/media/cache/a9/49/a94974d7229705b62fce912c15cc2b9e.png
Corsair Carbide Series SPEC-04 - Black / Gray (CC-9011109-WW),39.900,ATX,No posee,Inferior,Acrílico,https://www.solotodo.com/products/40584-corsair-carbide-series-spec-04-black-gray-cc-9011109-ww,https://s3.amazonaws.com/solotodo-core/media/cache/7d/63/7d63e48014a9fdf464f395a87a8ea6b6.png
Aerocool Strike-X One,39.900,ATX,No posee,Inferior,Aluminio (Cubierto),https://www.solotodo.com/products/22373-aerocool-strike-x-one,https://s3.amazonaws.com/solotodo-core/media/cache/60/dc/60dc8d527fa017610a4fcd756c893cfe.png
Gamemax 9527,39.900,ATX,No posee,Inferior,Aluminio (Malla),https://www.solotodo.com/products/30527-gamemax-9527,https://s3.amazonaws.com/solotodo-core/media/cache/af/d7/afd78c482c135d165b8dc3112a26d51e.png
Thermaltake V3 AMD Edition (VL800P1W2N),39.900,ATX,No posee,Inferior,Acrílico,https://www.solotodo.com/products/8175-thermaltake-v3-amd-edition-vl800p1w2n,https://solotodo-core.s3.amazonaws.com/media/cache/b0/6b/b06b06208ec059a9a8a1c55dc5bf5583.png
PCYES VTI - Green,39.900,ATX,No posee,Inferior,Acrílico,https://www.solotodo.com/products/57661-pcyes-vti-green,https://s3.amazonaws.com/solotodo-core/media/cache/1f/f6/1ff655081903151be53c5372d3335089.png
Marvo CA-211,39.900,ATX,No posee,Inferior,Acrílico,https://www.solotodo.com/products/54676-marvo-ca-211,https://s3.amazonaws.com/solotodo-core/media/cache/c0/c5/c0c5ce0f5dd1b9fcc4019f7453a0bf17.png
Apexgaming A2 - Black,40.990,ATX,No posee,Inferior,Aluminio (Cubierto),https://www.solotodo.com/products/70002-apexgaming-a2-black,https://s3.amazonaws.com/solotodo-core/media/cache/df/e4/dfe4d92f9e942925ffabdb92554fecc2.png
Apexgaming A2 - White,40.990,ATX,No posee,Inferior,Aluminio (Cubierto),https://www.solotodo.com/products/70003-apexgaming-a2-white,https://s3.amazonaws.com/solotodo-core/media/cache/ac/98/ac98abcccffcdd2d522654775f598d57.png
DeepCool Tesseract WH SW,43.990,ATX,No posee,Inferior,Acrílico,https://www.solotodo.com/products/40582-deepcool-tesseract-wh-sw,https://s3.amazonaws.com/solotodo-core/media/cache/ae/05/ae05eaf51157cc89ec36c9f13d317c00.png
DeepCool Tesseract SW,44.990,ATX,No posee,Inferior,Acrílico,https://www.solotodo.com/products/27564-deepcool-tesseract-sw,https://s3.amazonaws.com/solotodo-core/media/cache/4e/d0/4ed0e4d0f54b9e6990c87b27523afdd0.png
DeepCool Tesseract SW RD,44.990,ATX,No posee,Inferior,Acrílico,https://www.solotodo.com/products/27566-deepcool-tesseract-sw-rd,https://s3.amazonaws.com/solotodo-core/media/cache/b8/03/b80324ecc309356ecee39d3884a6d1ae.png
Apexgaming Hermès S1,44.990,Extended ATX,No posee,Inferior,Aluminio (Cubierto),https://www.solotodo.com/products/70004-apexgaming-hermes-s1,https://s3.amazonaws.com/solotodo-core/media/cache/2b/56/2b56e67c468c20e725e906374bc9d39a.png
Thermaltake Commander MS-I Epic Edition (VN400A1W2N-B),44.900,ATX,No posee,Inferior,Acrílico,https://www.solotodo.com/products/5956-thermaltake-commander-ms-i-epic-edition-vn400a1w2n-b,https://s3.amazonaws.com/solotodo-core/media/cache/fd/84/fd84d558682f66b092bd121ed455ef32.png
Gamemax G539 Nexus RGB,44.900,ATX,No posee,Inferior,Acrílico,https://www.solotodo.com/products/73253-gamemax-g539-nexus-rgb,https://solotodo-core.s3.amazonaws.com/media/cache/67/16/6716834b81f6a8ab888c2cdb2b8da662.png
Riotoro CR280,46.448,Mini ITX,No posee,Inferior,Acrílico,https://www.solotodo.com/products/30933-riotoro-cr280,https://s3.amazonaws.com/solotodo-core/media/cache/eb/5d/eb5dfd328d94ed85b09d3b125b8d5066.png
Cooler Master MasterBox MB520 - Red (MCB-B520-KANN-S00),46.900,ATX,No posee,Inferior,Acrílico,https://www.solotodo.com/products/52838-cooler-master-masterbox-mb520-red-mcb-b520-kann-s00,https://solotodo-core.s3.amazonaws.com/media/cache/4b/05/4b05f45fef9ea27c0b70349c52f86669.png
Gamemax 9536 G536,45.900,ATX,No posee,Inferior,Acrílico,https://www.solotodo.com/products/26815-gamemax-9536-g536,https://s3.amazonaws.com/solotodo-core/media/cache/67/59/6759f1294455f48158760a132e763eb1.png
Gamemax 9536 G536 Black,45.900,ATX,No posee,Inferior,Acrílico,https://www.solotodo.com/products/26835-gamemax-9536-g536-black,https://s3.amazonaws.com/solotodo-core/media/cache/3a/83/3a83628f404698d5918931ddbf7fda6b.png
Thermaltake Core V31 (CA-1C8-00M1WN-00),48.900,ATX,No posee,Inferior,Acrílico,https://www.solotodo.com/products/21721-thermaltake-core-v31-ca-1c8-00m1wn-00,https://s3.amazonaws.com/solotodo-core/media/cache/f1/b6/f1b64d90bd727634d90a12688037d53b.png
Riotoro CR400,49.014,ATX,No posee,Inferior,Acrílico,https://www.solotodo.com/products/59733-riotoro-cr400,https://solotodo-core.s3.amazonaws.com/media/cache/b2/b9/b2b98784fdd7b3dcb67a6974ee1d179b.png
Thermaltake LANBOX Lite VF6000BNS,49.900,Micro ATX,No posee,Superior,Aluminio (Cubierto),https://www.solotodo.com/products/21044-thermaltake-lanbox-lite-vf6000bns,https://s3.amazonaws.com/solotodo-core/media/cache/ab/71/ab71b56570b8288cdaec0e22e7df2a0d.png
DeepCool Matrexx 50 (DP-ATX-MATREXX50),49.990,Extended ATX,No posee,Inferior,Vidrio templado,https://www.solotodo.com/products/64530-deepcool-matrexx-50-dp-atx-matrexx50,https://s3.amazonaws.com/solotodo-core/media/cache/6c/b0/6cb095d71700f0187c00618460448026.png
Apexgaming X1,49.990,Extended ATX,No posee,Inferior,Vidrio templado,https://www.solotodo.com/products/70009-apexgaming-x1,https://s3.amazonaws.com/solotodo-core/media/cache/d2/0d/d20d41dcdc1b7a30573108b70ea43627.png
Thermaltake Commander MS-I (VN400A1W2N),48.900,ATX,No posee,Inferior,Acrílico,https://www.solotodo.com/products/5530-thermaltake-commander-ms-i-vn400a1w2n,https://s3.amazonaws.com/solotodo-core/media/cache/c3/92/c392f09bbedc4e919cc0da9ff1506844.png
Azza Raven 420 (CSAZ-420),49.900,ATX,No posee,Inferior,Vidrio templado,https://www.solotodo.com/products/62042-azza-raven-420-csaz-420,https://s3.amazonaws.com/solotodo-core/media/cache/35/a2/35a2600ec672d983fa7a49956a8e5485.png
Gamemax Aurora W901 RGB,49.900,Extended ATX,No posee,Inferior,Vidrio templado,https://www.solotodo.com/products/65914-gamemax-aurora-w901-rgb,https://s3.amazonaws.com/solotodo-core/media/cache/1f/c7/1fc738ce1c9494224d163b4f647402ae.png
Raidmax Horus - Black (ATX-322WB),49.900,ATX,No posee,Inferior,Acrílico,https://www.solotodo.com/products/20215-raidmax-horus-black-atx-322wb,https://s3.amazonaws.com/solotodo-core/media/cache/c8/8a/c88a1b96d8540d5f0b166391086ee25b.png
Thermaltake Versa H25 (Window) (CA-1C2-00M1WN-00),49.900,ATX,No posee,Inferior,Acrílico,https://www.solotodo.com/products/19901-thermaltake-versa-h25-window-ca-1c2-00m1wn-00,https://s3.amazonaws.com/solotodo-core/media/cache/d4/3b/d43bc8650f8144b64041a0d4933079bb.png
Cooler Master NR600 w/ ODD (MCB-NR600-KG5N-S00),51.900,ATX,No posee,Inferior,Vidrio templado,https://www.solotodo.com/products/68306-cooler-master-nr600-w-odd-mcb-nr600-kg5n-s00,https://s3.amazonaws.com/solotodo-core/media/cache/d2/3d/d23d5033884338b274f201013c8feb3c.png
Gamemax Polaris RGB,51.900,ATX,No posee,Inferior,Vidrio templado,https://www.solotodo.com/products/46739-gamemax-polaris-rgb,https://s3.amazonaws.com/solotodo-core/media/cache/39/3a/393ad0fcfd54e7c6db9f957c06b9f0d3.png
Apexgaming Hermès C1,51.990,Extended ATX,No posee,Inferior,Vidrio templado,https://www.solotodo.com/products/70005-apexgaming-hermes-c1,https://s3.amazonaws.com/solotodo-core/media/cache/ac/ed/aced6fbe9d6e496c16e8bcd5fa6aa211.png
Apexgaming Hermès C2,51.990,Extended ATX,No posee,Inferior,Vidrio templado,https://www.solotodo.com/products/70007-apexgaming-hermes-c2,https://s3.amazonaws.com/solotodo-core/media/cache/af/2d/af2d3ec832662ed5aebc3eb159990086.png
BitFenix Nova Mesh - Black (BFC-NVM-300-KKXSK-RP),52.500,Extended ATX,No posee,Inferior,Aluminio (Cubierto),https://www.solotodo.com/products/70399-bitfenix-nova-mesh-black-bfc-nvm-300-kkxsk-rp,https://s3.amazonaws.com/solotodo-core/media/cache/65/f7/65f720a5db1d8b2cea416097be1fd9a3.png
Riotoro CR488,52.990,ATX,No posee,Inferior,Acrílico,https://www.solotodo.com/products/51547-riotoro-cr488,https://s3.amazonaws.com/solotodo-core/media/cache/46/20/462067342de3e198582e164e4e168dc7.png
Cooler Master MasterBox Q500L (MCB-Q500L-KANN-S00),53.990,ATX,No posee,Superior,Acrílico,https://www.solotodo.com/products/67339-cooler-master-masterbox-q500l-mcb-q500l-kann-s00,https://s3.amazonaws.com/solotodo-core/media/cache/64/4d/644d882edd6b291014b8e372687c7d64.png
Cooler Master MasterBox Pro 5 (MCY-B5P2-KWGN-00),52.900,Extended ATX,No posee,Inferior,Vidrio templado,https://www.solotodo.com/products/46634-cooler-master-masterbox-pro-5-mcy-b5p2-kwgn-00,https://s3.amazonaws.com/solotodo-core/media/cache/db/0d/db0d7496f2685ae8244022a7c27959f3.png
Thermaltake View 21 Tempered Glass Edition (CA-1I3-00M1WN-00),54.900,ATX,No posee,Inferior,Vidrio templado,https://www.solotodo.com/products/40551-thermaltake-view-21-tempered-glass-edition-ca-1i3-00m1wn-00,https://s3.amazonaws.com/solotodo-core/media/cache/0e/7d/0e7d576242d7df985fba3c6f15aab085.png
Cooler Master MasterBox NR600 (MCB-NR600-KGNN-S00),54.900,ATX,No posee,Inferior,Vidrio templado,https://www.solotodo.com/products/71204-cooler-master-masterbox-nr600-mcb-nr600-kgnn-s00,https://s3.amazonaws.com/solotodo-core/media/cache/10/fe/10fec0ebfc1342717c661f839d85a139.png
Thermaltake Versa H17 Window + PSU 450W (CA-3J1-45S1WU-00),54.990,Micro ATX,450 W.,Inferior,Acrílico,https://www.solotodo.com/products/52705-thermaltake-versa-h17-window-psu-450w-ca-3j1-45s1wu-00,https://s3.amazonaws.com/solotodo-core/media/cache/d7/f2/d7f294099ee9c87630d9024fb169a14b.png
DeepCool Matrexx 55 RGB (DP-ATX-MATREXX55-AR),54.990,Extended ATX,No posee,Inferior,Vidrio templado,https://www.solotodo.com/products/56446-deepcool-matrexx-55-rgb-dp-atx-matrexx55-ar,https://s3.amazonaws.com/solotodo-core/media/cache/64/5b/645b4977c0861248372634f82d11925f.png
DeepCool Matrexx 55 RGB WH (DP-ATX-MATREXX55-AR-WH),54.990,Extended ATX,No posee,Inferior,Vidrio templado,https://www.solotodo.com/products/60870-deepcool-matrexx-55-rgb-wh-dp-atx-matrexx55-ar-wh,https://s3.amazonaws.com/solotodo-core/media/cache/79/99/79992a57a5a4bd0e03dff540638fbf63.png
Cooler Master MasterBox MS600 - White (MCB-MS600-WGNN-S00),55.990,ATX,No posee,Inferior,Vidrio templado,https://www.solotodo.com/products/64685-cooler-master-masterbox-ms600-white-mcb-ms600-wgnn-s00,https://s3.amazonaws.com/solotodo-core/media/cache/f2/66/f2667e73f6faac9b0c1639e8a187a648.png
Thermaltake LANBOX Lite VF6000BWS,54.900,Micro ATX,No posee,Superior,Acrílico,https://www.solotodo.com/products/5538-thermaltake-lanbox-lite-vf6000bws,https://s3.amazonaws.com/solotodo-core/media/cache/bf/4f/bf4f19feef6cb2e8ab63cb4cb6371b9f.png
Cooler Master MasterBox MB520 (MCB-B520-KGNN-S00),56.544,ATX,No posee,Inferior,Vidrio templado,https://www.solotodo.com/products/65505-cooler-master-masterbox-mb520-mcb-b520-kgnn-s00,https://s3.amazonaws.com/solotodo-core/media/cache/d8/d9/d8d9a9d7f7b004089dea827edce2080a.png
Nox Infinity Neon RGB,57.220,ATX,No posee,Inferior,Vidrio templado,https://www.solotodo.com/products/68693-nox-infinity-neon-rgb,https://s3.amazonaws.com/solotodo-core/media/cache/1c/c4/1cc476bb508c6dec8773f4156ae1eaa9.png
Thermaltake View 22 (CA-1J3-00M1WN-00),57.990,ATX,No posee,Inferior,Vidrio templado,https://www.solotodo.com/products/43829-thermaltake-view-22-ca-1j3-00m1wn-00,https://s3.amazonaws.com/solotodo-core/media/cache/6b/77/6b778a48e73402f8f8ba8c9efd6f3a8d.png
Cooler Master MasterBox 5t (MCX-B5S3T-RWNN),57.900,ATX,No posee,Inferior,Acrílico,https://www.solotodo.com/products/41037-cooler-master-masterbox-5t-mcx-b5s3t-rwnn,https://s3.amazonaws.com/solotodo-core/media/cache/ca/f2/caf280ab3d2c66d3c0111aa55f4e44a7.png
Gamemax Abyss M908,59.900,Extended ATX,No posee,Inferior,Acrílico,https://www.solotodo.com/products/62943-gamemax-abyss-m908,https://s3.amazonaws.com/solotodo-core/media/cache/c5/96/c596a385f9f3deb510c305d0495f2c8a.png
Cougar Trofeo (385AMA0),59.990,Extended ATX,No posee,Inferior,Vidrio templado,https://www.solotodo.com/products/63644-cougar-trofeo-385ama0,https://solotodo-core.s3.amazonaws.com/media/cache/9f/8a/9f8aeaf70193099df122d8e4b8e25b98.png
Nox Hummer TGM,59.990,ATX,No posee,Inferior,Vidrio templado,https://www.solotodo.com/products/68694-nox-hummer-tgm,https://s3.amazonaws.com/solotodo-core/media/cache/c3/e6/c3e6988c899536bd7ae6c29020395ff8.png
Nox Infinity Sigma,59.990,ATX,No posee,Inferior,Vidrio templado,https://www.solotodo.com/products/68543-nox-infinity-sigma,https://s3.amazonaws.com/solotodo-core/media/cache/88/bd/88bd4ccf0b353c85660cc61b9f07f11b.png
In Win 301 - White,59.990,Micro ATX,No posee,Superior,Vidrio templado,https://www.solotodo.com/products/40593-in-win-301-white,https://s3.amazonaws.com/solotodo-core/media/cache/af/12/af12df491c6c1b0889ed7a53be629e62.png
In Win 301 - Black,59.990,Micro ATX,No posee,Superior,Vidrio templado,https://www.solotodo.com/products/40592-in-win-301-black,https://s3.amazonaws.com/solotodo-core/media/cache/b3/22/b32230f4cf2459512204bf92d19df767.png
BitFenix Nova Mesh TG - White (BFC-NVM-300-WWGKW-4A),59.990,Extended ATX,No posee,Inferior,Vidrio templado,https://www.solotodo.com/products/67616-bitfenix-nova-mesh-tg-white-bfc-nvm-300-wwgkw-4a,https://s3.amazonaws.com/solotodo-core/media/cache/a8/9e/a89e724b27b0de56cc0e99df41cb750f.png
Gamdias Argus E1,59.990,ATX,No posee,Inferior,Acrílico,https://www.solotodo.com/products/60871-gamdias-argus-e1,https://s3.amazonaws.com/solotodo-core/media/cache/dd/bc/ddbcb11490d80284d31ad2796c4e27ef.png
Sharkoon VG7-W RGB,59.990,ATX,No posee,Inferior,Acrílico,https://www.solotodo.com/products/63642-sharkoon-vg7-w-rgb,https://s3.amazonaws.com/solotodo-core/media/cache/a4/57/a457992b7c0de23325bbb8f5fe3224fa.png
Sharkoon VG6-W RGB,59.990,ATX,No posee,Inferior,Acrílico,https://www.solotodo.com/products/63643-sharkoon-vg6-w-rgb,https://s3.amazonaws.com/solotodo-core/media/cache/96/65/96659f9b9868445c7273d14e0a5ec6f4.png
DeepCool Matrexx 55 V3 ADD-RGB (DP-ATX-MATREXX55V3-AR),59.990,Extended ATX,No posee,Inferior,Vidrio templado,https://www.solotodo.com/products/76857-deepcool-matrexx-55-v3-add-rgb-dp-atx-matrexx55v3-ar,https://s3.amazonaws.com/solotodo-core/media/cache/a3/fb/a3fbd66ffa8a61de31fb88b1a331e4ca.png
NZXT Guardian 921RB - Red (921RB-001-RD),58.900,ATX,No posee,Inferior,Acrílico,https://www.solotodo.com/products/25508-nzxt-guardian-921rb-red-921rb-001-rd,https://s3.amazonaws.com/solotodo-core/media/cache/f4/d8/f4d823456091a8abbc5255e72cd40595.png
Cooler Master HAF 912 (RC-912-KKN1),59.900,ATX,No posee,Inferior,Aluminio (Cubierto),https://www.solotodo.com/products/5551-cooler-master-haf-912-rc-912-kkn1,https://s3.amazonaws.com/solotodo-core/media/cache/09/38/09382c35bd7c70e58dcce4048992d431.png
Aerocool Xpredator X1 - Black Edition,59.900,ATX,No posee,Inferior,Aluminio (Cubierto),https://www.solotodo.com/products/22399-aerocool-xpredator-x1-black-edition,https://s3.amazonaws.com/solotodo-core/media/cache/15/1d/151d7d97d0c6a1740de888cecfbf2d4e.png
Cooler Master Storm Enforcer (SGC-1000-KWN1),59.900,ATX,No posee,Inferior,Acrílico,https://www.solotodo.com/products/8668-cooler-master-storm-enforcer-sgc-1000-kwn1,https://s3.amazonaws.com/solotodo-core/media/cache/77/97/77975f6f7e47285eafc216a94382251b.png
Gamemax Abyss TR M908 TG,61.900,Extended ATX,No posee,Inferior,Vidrio templado,https://www.solotodo.com/products/65886-gamemax-abyss-tr-m908-tg,https://s3.amazonaws.com/solotodo-core/media/cache/d4/73/d4730cb33df2e3c715d8f79d858dbb08.png
be quiet! Pure Base 600 - Black (BG021),62.990,ATX,No posee,Inferior,Aluminio (Cubierto),https://www.solotodo.com/products/51055-be-quiet-pure-base-600-black-bg021,https://s3.amazonaws.com/solotodo-core/media/cache/e0/44/e04488465f3bad7a0f9d86a261eb84ff.png
be quiet! Pure Base 600 - Silver (BG022),62.990,ATX,No posee,Inferior,Aluminio (Cubierto),https://www.solotodo.com/products/51054-be-quiet-pure-base-600-silver-bg022,https://s3.amazonaws.com/solotodo-core/media/cache/54/2a/542a2886fa09338c3aadb99b5e38a270.png
In Win GT1 - White,63.980,ATX,No posee,Inferior,Acrílico,https://www.solotodo.com/products/29907-in-win-gt1-white,https://s3.amazonaws.com/solotodo-core/media/cache/f5/3a/f53a6c0e1fd3b08e5c15ed283a05d520.png
Cooler Master MasterBox MS600 - Silver (MCB-MS600-SGNN-S00),63.990,ATX,No posee,Inferior,Vidrio templado,https://www.solotodo.com/products/52855-cooler-master-masterbox-ms600-silver-mcb-ms600-sgnn-s00,https://s3.amazonaws.com/solotodo-core/media/cache/a5/bd/a5bd96e2d08b18711df0efc88977dea4.png
Thermaltake View 27 Gull-Wing Window (CA-1G7-00M1WN-02),62.900,ATX,No posee,Inferior,Acrílico,https://www.solotodo.com/products/40559-thermaltake-view-27-gull-wing-window-ca-1g7-00m1wn-02,https://s3.amazonaws.com/solotodo-core/media/cache/89/bc/89bc8789d6621577818792d3d8b217f2.png
EVGA DG-73 (130-P0-0020-KR),65.900,ATX,No posee,Inferior,Acrílico,https://www.solotodo.com/products/42988-evga-dg-73-130-p0-0020-kr,https://s3.amazonaws.com/solotodo-core/media/cache/4e/1f/4e1f9b1a8d3464548fd588aa5ab363ce.png
NZXT H200 - Black / Blue (CA-H200B-BL),64.900,Mini ITX,No posee,Inferior,Vidrio templado,https://www.solotodo.com/products/49141-nzxt-h200-black-blue-ca-h200b-bl,https://solotodo-core.s3.amazonaws.com/media/cache/5f/f2/5ff232f89c9a02db06d3e54159e228e8.png
NZXT H200 - Black / Red (CA-H200B-BR),64.900,Mini ITX,No posee,Inferior,Vidrio templado,https://www.solotodo.com/products/49140-nzxt-h200-black-red-ca-h200b-br,https://s3.amazonaws.com/solotodo-core/media/cache/bc/57/bc57a4f80bf63705bafb3eb6a80ccbd6.png
Cougar Turret (385QMY0),66.900,ATX,No posee,Inferior,Vidrio templado,https://www.solotodo.com/products/63645-cougar-turret-385qmy0,https://s3.amazonaws.com/solotodo-core/media/cache/2e/9d/2e9dba864d3faf9da03d2bee76a2169f.png
Thermaltake Versa H23 (con Fuente) (Window) (CA-3B1-50M1WU-01),66.990,ATX,500 W.,Inferior,Acrílico,https://www.solotodo.com/products/20260-thermaltake-versa-h23-con-fuente-window-ca-3b1-50m1wu-01,https://s3.amazonaws.com/solotodo-core/media/cache/45/e6/45e6150eb0071160929eac21cd0fd2e6.png
Thermaltake Versa C23 Tempered Glass RGB Edition (CA-1H7-00M1WN-00),67.500,ATX,No posee,Inferior,Vidrio templado,https://www.solotodo.com/products/41040-thermaltake-versa-c23-tempered-glass-rgb-edition-ca-1h7-00m1wn-00,https://s3.amazonaws.com/solotodo-core/media/cache/4f/9e/4f9e7924ab49c655146427b79d3bb707.png
Thermaltake Core V51 (CA-1C6-00M1WN-00),65.900,Extended ATX,No posee,Inferior,Acrílico,https://www.solotodo.com/products/38565-thermaltake-core-v51-ca-1c6-00m1wn-00,https://s3.amazonaws.com/solotodo-core/media/cache/6c/c1/6cc19d9c4e887ea98dfafab34ebdae93.png
DeepCool Matrexx 70 (DP-ATX-MATREXX70-BKG0P),68.990,Extended ATX,No posee,Inferior,Vidrio templado,https://www.solotodo.com/products/62690-deepcool-matrexx-70-dp-atx-matrexx70-bkg0p,https://s3.amazonaws.com/solotodo-core/media/cache/81/69/81697c98fb60934797a48438016ae78b.png
Cooler Master MasterBox TD500 (MCB-D500D-KANN-S00),69.572,ATX,No posee,Inferior,Acrílico,https://www.solotodo.com/products/53233-cooler-master-masterbox-td500-mcb-d500d-kann-s00,https://s3.amazonaws.com/solotodo-core/media/cache/99/0c/990c02bbb6ead4cb393bc7ca470f3d50.png
Cooler Master MasterCase Pro 3 (MCY-C3P1-KWNN),69.900,Micro ATX,No posee,Inferior,Acrílico,https://www.solotodo.com/products/37425-cooler-master-mastercase-pro-3-mcy-c3p1-kwnn,https://s3.amazonaws.com/solotodo-core/media/cache/d1/0c/d10cf30f4edacdd55beafdc217aa08ab.png
be quiet! Pure Base 600 Window - Orange (BGW20),69.990,ATX,No posee,Inferior,Vidrio templado,https://www.solotodo.com/products/51076-be-quiet-pure-base-600-window-orange-bgw20,https://s3.amazonaws.com/solotodo-core/media/cache/d1/0c/d10cf30f4edacdd55beafdc217aa08ab.png
be quiet! Pure Base 600 Window - Black (BGW21),69.990,ATX,No posee,Inferior,Vidrio templado,https://www.solotodo.com/products/51075-be-quiet-pure-base-600-window-black-bgw21,https://s3.amazonaws.com/solotodo-core/media/cache/f3/c7/f3c7bae7ba365745e21f42977d9d1d56.png
Apexgaming Hermès C1 ARGB,69.990,Extended ATX,No posee,Inferior,Vidrio templado,https://www.solotodo.com/products/70006-apexgaming-hermes-c1-argb,https://s3.amazonaws.com/solotodo-core/media/cache/fe/2e/fe2e9753ff2633fa2e2c858aaf3a069a.png
Apexgaming Hermès C2 ARGB,69.990,Extended ATX,No posee,Inferior,Vidrio templado,https://www.solotodo.com/products/70008-apexgaming-hermes-c2-argb,https://solotodo-core.s3.amazonaws.com/media/cache/ff/cf/ffcf5a9d5030e2da0e80942332202697.png
Raidmax Cobra Z - Green (ATX-502WBG),68.900,ATX,No posee,Inferior,Acrílico,https://www.solotodo.com/products/52398-raidmax-cobra-z-green-atx-502wbg,https://s3.amazonaws.com/solotodo-core/media/cache/41/19/41196fa2436d5294a584177bff96a6ef.png
Gamemax Vision RC,68.900,ATX,No posee,Inferior,Vidrio templado,https://www.solotodo.com/products/65521-gamemax-vision-rc,https://s3.amazonaws.com/solotodo-core/media/cache/c3/ea/c3ea534fc119bf5d989e4f231a4fe66d.png
Gamemax M911 Rainbow,69.900,Extended ATX,No posee,Inferior,Acrílico,https://www.solotodo.com/products/65523-gamemax-m911-rainbow,https://s3.amazonaws.com/solotodo-core/media/cache/bc/b7/bcb767350af73150f8471dc9e47457e2.png
Corsair Carbide Series 300R (CC-9011017-WW),69.900,ATX,No posee,Inferior,Acrílico,https://www.solotodo.com/products/7487-corsair-carbide-series-300r-cc-9011017-ww,https://s3.amazonaws.com/solotodo-core/media/cache/f9/1c/f91cd0cd5fac72a7dd6c542efe87c4a8.png
Thermaltake V200 Tempered Glass + PSU 600W (CA-3K8-60M1WU-01),71.990,ATX,600 W.,Inferior,Vidrio templado,https://www.solotodo.com/products/49904-thermaltake-v200-tempered-glass-psu-600w-ca-3k8-60m1wu-01,https://s3.amazonaws.com/solotodo-core/media/cache/7e/c8/7ec824b33c5d4dbc6f2159851831e8fc.png
Cooler Master MasterBox MB511 RGB (MCB-B511D-KGNN-RGB),72.339,ATX,No posee,Inferior,Vidrio templado,https://www.solotodo.com/products/65130-cooler-master-masterbox-mb511-rgb-mcb-b511d-kgnn-rgb,https://solotodo-core.s3.amazonaws.com/media/cache/39/7c/397cf1b72d1a4af10796d9201c1549e6.png
MSI MPG GUNGNIR 100D,72.900,Extended ATX,No posee,Inferior,Vidrio templado,https://www.solotodo.com/products/61303-msi-mpg-gungnir-100d,https://s3.amazonaws.com/solotodo-core/media/cache/f3/fb/f3fb1d24eae665cc2eeb190c09f51bc4.png
Thermaltake Level 10 GTS Snow Edition White (VO30006N2N),70.900,ATX,No posee,Inferior,Aluminio (Cubierto),https://www.solotodo.com/products/5971-thermaltake-level-10-gts-snow-edition-white-vo30006n2n,https://s3.amazonaws.com/solotodo-core/media/cache/20/e7/20e7dafc0f3e71e8f820e7b2ce993c67.png
Riotoro CR1088 Prism RGB,74.502,ATX,No posee,Inferior,Acrílico,https://www.solotodo.com/products/51078-riotoro-cr1088-prism-rgb,https://s3.amazonaws.com/solotodo-core/media/cache/ab/fc/abfc3317066237620e5a274848957e8d.png
Gamemax Onyx II,76.900,Extended ATX,No posee,Inferior,Vidrio templado,https://www.solotodo.com/products/65522-gamemax-onyx-ii,https://s3.amazonaws.com/solotodo-core/media/cache/fb/8a/fb8a709295a37647dec020b1bf3d2196.png
Cooler Master Masterbox 5 (MCY-B5S1-KWYN-04),74.900,ATX,No posee,Inferior,Aluminio (Cubierto),https://www.solotodo.com/products/29708-cooler-master-masterbox-5-mcy-b5s1-kwyn-04,https://s3.amazonaws.com/solotodo-core/media/cache/dd/52/dd52e3f518ef7d354348a1aced73a26a.png
Gamdias Talos M1A,76.990,ATX,No posee,Inferior,Vidrio templado,https://www.solotodo.com/products/70001-gamdias-talos-m1a,https://s3.amazonaws.com/solotodo-core/media/cache/5f/0b/5f0b7d9a2f88cfbb7035d6cc8c9f1a93.png
Corsair Graphite Series 230T (CC-9011036-WW),78.990,ATX,No posee,Inferior,Aluminio (Cubierto),https://www.solotodo.com/products/40588-corsair-graphite-series-230t-cc-9011036-ww,https://s3.amazonaws.com/solotodo-core/media/cache/57/53/575352eab862c3bd2fd5c827b1ba1a2a.png
Corsair Carbide Series 330R Titanium Edition Silent (CC-9011071-WW),76.900,ATX,No posee,Inferior,Aluminio (Cubierto),https://www.solotodo.com/products/37421-corsair-carbide-series-330r-titanium-edition-silent-cc-9011071-ww,https://s3.amazonaws.com/solotodo-core/media/cache/1b/4e/1b4e5fd0e120878b93781940de42600e.png
In Win 301C - White,79.990,Micro ATX,No posee,Superior,Vidrio templado,https://www.solotodo.com/products/49225-in-win-301c-white,https://s3.amazonaws.com/solotodo-core/media/cache/f3/16/f31631332a4c1923645b659f5719e487.png
BitFenix Aurora - Black (BFC-ARA-300-KKWSK-RP),79.990,Extended ATX,No posee,Inferior,Vidrio templado,https://www.solotodo.com/products/51939-bitfenix-aurora-black-bfc-ara-300-kkwsk-rp,https://solotodo-core.s3.amazonaws.com/media/cache/76/1d/761dd5698ce3316075af722336bcdb74.png
Fractal Design Define C (FD-CA-DEF-C-BK-W),79.990,ATX,No posee,Inferior,Acrílico,https://www.solotodo.com/products/37912-fractal-design-define-c-fd-ca-def-c-bk-w,https://s3.amazonaws.com/solotodo-core/media/cache/ea/aa/eaaaf1738ef1c631742db51f3002670d.png
Sharkoon Night Shark - RGB,79.990,Extended ATX,No posee,Superior,Vidrio templado,https://www.solotodo.com/products/55100-sharkoon-night-shark-rgb,https://s3.amazonaws.com/solotodo-core/media/cache/8b/fb/8bfb608f70b2f887a07136fd171ba03a.png
Sharkoon Pure Steel RGB - Black,79.990,Extended ATX,No posee,Superior,Vidrio templado,https://www.solotodo.com/products/55101-sharkoon-pure-steel-rgb-black,https://s3.amazonaws.com/solotodo-core/media/cache/22/da/22dad04bac9713ea0f07aace3a79d5f4.png
Corsair Graphite Series 230T - Rebel Orange (CC-9011038-WW),79.900,ATX,No posee,Inferior,Acrílico,https://www.solotodo.com/products/36715-corsair-graphite-series-230t-rebel-orange-cc-9011038-ww,https://s3.amazonaws.com/solotodo-core/media/cache/80/89/8089c9f8ea77881ff995cdd7c9d3ecaa.png
EVGA DG-76 Matte Black (160-B0-2230-KR),79.900,ATX,No posee,Inferior,Vidrio templado,https://www.solotodo.com/products/43843-evga-dg-76-matte-black-160-b0-2230-kr,https://s3.amazonaws.com/solotodo-core/media/cache/69/86/6986a5262c6adc2bf0641f2f7ebe92f8.png
NZXT Phantom 410 - Black (CA-PH410-B1),80.900,ATX,No posee,Inferior,Acrílico,https://www.solotodo.com/products/25493-nzxt-phantom-410-black-ca-ph410-b1,https://s3.amazonaws.com/solotodo-core/media/cache/a8/54/a854ff112f9cd5f6a4d94972dcaa394d.png
Riotoro CR500,83.990,ATX,No posee,Inferior,Vidrio templado,https://www.solotodo.com/products/41813-riotoro-cr500,https://s3.amazonaws.com/solotodo-core/media/cache/a0/b2/a0b2385f1231d47fccc20e8e02255a2a.png
Aerocool Mechatron - Black Steel Edition,84.900,ATX,No posee,Inferior,Aluminio (Cubierto),https://www.solotodo.com/products/19734-aerocool-mechatron-black-steel-edition,https://s3.amazonaws.com/solotodo-core/media/cache/9f/e8/9fe8e772946d461ec57fd6ee864d397b.png
Corsair Carbide Series 270R Windowed (CC-9011105-WW),84.990,ATX,No posee,Inferior,Acrílico,https://www.solotodo.com/products/40587-corsair-carbide-series-270r-windowed-cc-9011105-ww,https://solotodo-core.s3.amazonaws.com/media/cache/89/89/89897e188a9340211fbd3de64b7b4fc7.png
In Win 101C - White,84.990,ATX,No posee,Superior,Vidrio templado,https://www.solotodo.com/products/49227-in-win-101c-white,https://s3.amazonaws.com/solotodo-core/media/cache/1f/6c/1f6c2734655f35f358dc0f14b3cc3d7b.png
In Win 101C - Black,84.990,ATX,No posee,Superior,Vidrio templado,https://www.solotodo.com/products/49597-in-win-101c-black,https://s3.amazonaws.com/solotodo-core/media/cache/38/5a/385aa7588661ea306aea9800c56225a6.png
Thermaltake Commander C31 TG ARGB Edition (CA-1N2-00M1WN-00),87.900,ATX,No posee,Inferior,Vidrio templado,https://www.solotodo.com/products/63997-thermaltake-commander-c31-tg-argb-edition-ca-1n2-00m1wn-00,https://s3.amazonaws.com/solotodo-core/media/cache/a3/7f/a37fb7630da00c887e9cac63366886a2.png
Lian Li Lancool One Digital - White,89.990,Extended ATX,No posee,Inferior,Vidrio templado,https://www.solotodo.com/products/60872-lian-li-lancool-one-digital-white,https://s3.amazonaws.com/solotodo-core/media/cache/62/f5/62f58d29ce0164f0f8a14dfab83bc931.png
In Win 301C - Black,89.990,Micro ATX,No posee,Superior,Vidrio templado,https://www.solotodo.com/products/49226-in-win-301c-black,https://s3.amazonaws.com/solotodo-core/media/cache/43/1d/431d1b99793bcb65cc62d79f06a267df.png
Thermaltake View 37 ARGB Edition (CA-1J7-00M1WN-04),89.984,Extended ATX,No posee,Inferior,Acrílico,https://www.solotodo.com/products/63847-thermaltake-view-37-argb-edition-ca-1j7-00m1wn-04,https://s3.amazonaws.com/solotodo-core/media/cache/bb/c6/bbc6433dcc92c93360a2cebc0b98bf87.png
EVGA DG-75 (150-B0-2020-KR),89.990,ATX,No posee,Inferior,Vidrio templado,https://www.solotodo.com/products/42989-evga-dg-75-150-b0-2020-kr,https://solotodo-core.s3.amazonaws.com/media/cache/f5/60/f5600c887f02ff00cabf3fd80626b48a.png
EVGA DG-75 Alpine White (156-F1-2022-KR),89.990,ATX,No posee,Inferior,Aluminio (Cubierto),https://www.solotodo.com/products/43845-evga-dg-75-alpine-white-156-f1-2022-kr,https://s3.amazonaws.com/solotodo-core/media/cache/1d/d9/1dd9c658171497ff5799e771884ae62e.png
Cooler Master Silencio S600 TG (MCS-S600-KG5N-S00),89.990,ATX,No posee,Inferior,Vidrio templado,https://www.solotodo.com/products/64686-cooler-master-silencio-s600-tg-mcs-s600-kg5n-s00,https://s3.amazonaws.com/solotodo-core/media/cache/ef/a5/efa57c381c65d78577a9c3f98a685419.png
In Win 305 - Black,89.990,ATX,No posee,Inferior,Vidrio templado,https://www.solotodo.com/products/40599-in-win-305-black,https://s3.amazonaws.com/solotodo-core/media/cache/85/15/8515468ae2112082b33384fd79bfaccd.png
Azza Titan 240 (CSAZ-240),89.900,ATX,No posee,Inferior,Vidrio templado,https://www.solotodo.com/products/34788-azza-titan-240-csaz-240,https://s3.amazonaws.com/solotodo-core/media/cache/57/50/5750ebd5b36042cb9425051835f8ee8a.png
EVGA DG-76 Apline White (166-W1-2232-KR),89.900,ATX,No posee,Inferior,Vidrio templado,https://www.solotodo.com/products/43844-evga-dg-76-apline-white-166-w1-2232-kr,https://s3.amazonaws.com/solotodo-core/media/cache/06/a5/06a5457a5db7a75075549e579522fa9b.png
Thermaltake Commander C32 TG ARGB Edition (CA-1N3-00M1WN-00),95.201,ATX,No posee,Inferior,Vidrio templado,https://www.solotodo.com/products/63998-thermaltake-commander-c32-tg-argb-edition-ca-1n3-00m1wn-00,https://s3.amazonaws.com/solotodo-core/media/cache/f7/5d/f75d8e49c8aee4761e2c3da813f022aa.png
Corsair Obsidian Series 450D (CC-9011049-WW),94.900,Extended ATX,No posee,Inferior,Acrílico,https://www.solotodo.com/products/19741-corsair-obsidian-series-450d-cc-9011049-ww,https://s3.amazonaws.com/solotodo-core/media/cache/30/d4/30d4c28b07d3f8d0b360bab6f9eb1c5b.png
Gamemax Raider XT,99.900,Extended ATX,No posee,Inferior,Vidrio templado,https://www.solotodo.com/products/67623-gamemax-raider-xt,https://s3.amazonaws.com/solotodo-core/media/cache/ea/a2/eaa2eca1e2db23a66c5e8f3297cc253f.png
NZXT Manta - Black Windowless (CA-MANTC-M1),99.990,Mini ITX,No posee,Inferior,Aluminio (Cubierto),https://www.solotodo.com/products/35236-nzxt-manta-black-windowless-ca-mantc-m1,https://s3.amazonaws.com/solotodo-core/media/cache/a7/14/a714463beda7fc09200f2eb7fb9dc6f9.png
Sharkoon CA200G Elite Shark,99.990,Extended ATX,No posee,Inferior,Vidrio templado,https://www.solotodo.com/products/69994-sharkoon-ca200g-elite-shark,https://s3.amazonaws.com/solotodo-core/media/cache/8a/3d/8a3d2a3cbdab751f03586239cc5ea545.png
Sharkoon CA200M Elite Shark,99.990,Extended ATX,No posee,Inferior,Vidrio templado,https://www.solotodo.com/products/69993-sharkoon-ca200m-elite-shark,https://s3.amazonaws.com/solotodo-core/media/cache/0a/f2/0af247139ff5828c7254b457219a94a2.png
NZXT Phantom 530 - Black (CA-PH530-B1),98.900,Extended ATX,No posee,Inferior,Acrílico,https://www.solotodo.com/products/25485-nzxt-phantom-530-black-ca-ph530-b1,https://s3.amazonaws.com/solotodo-core/media/cache/79/48/794833f6362b964378e75faf1e355842.png
NZXT Phantom - White (PHAN-001WT),98.900,Extended ATX,No posee,Inferior,Aluminio (Cubierto),https://www.solotodo.com/products/25505-nzxt-phantom-white-phan-001wt,https://s3.amazonaws.com/solotodo-core/media/cache/ab/32/ab32da233c756e18ad7d636ead24148b.png
Corsair Carbide Series 500R - White (CC-9011013-WW),99.900,ATX,No posee,Inferior,Aluminio (Malla),https://www.solotodo.com/products/5962-corsair-carbide-series-500r-white-cc-9011013-ww,https://s3.amazonaws.com/solotodo-core/media/cache/b3/7c/b37c7fd213e981328143f661bdd1c229.png
Thermaltake Core P3 (CA-1G4-00M1WN-00),99.900,ATX,No posee,Inferior,Acrílico,https://www.solotodo.com/products/33573-thermaltake-core-p3-ca-1g4-00m1wn-00,https://s3.amazonaws.com/solotodo-core/media/cache/f6/5c/f65c2a8d95992ce06059db87ebeb6163.png
Corsair Crystal Series 280X RGB - Black (CC-9011135-WW),109.990,Micro ATX,No posee,Inferior,Vidrio templado,https://www.solotodo.com/products/53382-corsair-crystal-series-280x-rgb-black-cc-9011135-ww,https://s3.amazonaws.com/solotodo-core/media/cache/40/f0/40f094e0133a44114cb4c47c18e2b35d.png
Riotoro CR1280 PRISM RGB,111.100,Extended ATX,No posee,Inferior,Acrílico,https://www.solotodo.com/products/30624-riotoro-cr1280-prism-rgb,https://s3.amazonaws.com/solotodo-core/media/cache/36/40/36408a0dac13f06b10779a743d6a54fa.png
Cooler Master MasterBox CM694 Tempered Glass (MCB-CM694-KG5N-S00),113.990,Extended ATX,No posee,Inferior,Vidrio templado,https://www.solotodo.com/products/64590-cooler-master-masterbox-cm694-tempered-glass-mcb-cm694-kg5n-s00,https://s3.amazonaws.com/solotodo-core/media/cache/72/14/72140323e59fac38b6009c1f833f62ea.png
Cooler Master MasterCase Maker 5 (MCZ-005M-KWN00),119.990,ATX,No posee,Inferior,Acrílico,https://www.solotodo.com/products/29721-cooler-master-mastercase-maker-5-mcz-005m-kwn00,https://s3.amazonaws.com/solotodo-core/media/cache/e2/d8/e2d8f9bfea7f7cfe258c2fd616fb1b09.png
Cooler Master MasterBox MB530P (MCB-B530P-KHNN-S01),119.990,ATX,No posee,Inferior,Vidrio templado,https://www.solotodo.com/products/53415-cooler-master-masterbox-mb530p-mcb-b530p-khnn-s01,https://s3.amazonaws.com/solotodo-core/media/cache/04/9d/049d15e1ceb5bc1edaae3cba0575277d.png
In Win 303C - Black,119.990,ATX,No posee,Superior,Vidrio templado,https://www.solotodo.com/products/40596-in-win-303c-black,https://s3.amazonaws.com/solotodo-core/media/cache/a1/e3/a1e35f95ffec626c2696f9e484a0f208.png
In Win 303C - White,119.990,ATX,No posee,Superior,Vidrio templado,https://www.solotodo.com/products/40597-in-win-303c-white,https://s3.amazonaws.com/solotodo-core/media/cache/f6/f1/f6f1dd5d09dfc75824c5b73dd28f1ce7.png
Cooler Master MasterCase H500 (MCM-H500-IGNN-S00),119.990,ATX,No posee,Inferior,Vidrio templado,https://www.solotodo.com/products/52856-cooler-master-mastercase-h500-mcm-h500-ignn-s00,https://s3.amazonaws.com/solotodo-core/media/cache/8c/98/8c9835059229584ffa503e4ea53311c2.png
Thermaltake View 31 Tempered Glass RGB Edition (CA-1H8-00M1WN-01),121.990,ATX,No posee,Inferior,Vidrio templado,https://www.solotodo.com/products/40695-thermaltake-view-31-tempered-glass-rgb-edition-ca-1h8-00m1wn-01,https://s3.amazonaws.com/solotodo-core/media/cache/f7/df/f7dfa6e9f44b424336b6b1b6a2373167.png
Corsair Carbide Series Clear 600C (CC-9011079-WW),118.900,Extended ATX,No posee,Superior,Acrílico,https://www.solotodo.com/products/36716-corsair-carbide-series-clear-600c-cc-9011079-ww,https://solotodo-core.s3.amazonaws.com/media/cache/06/7b/067b7d85e7b1a87c5a6b4b7cb7296a97.png
Cooler Master Storm Trooper (SGC-5000-KWN1),118.900,XL-ATX,No posee,Inferior,Aluminio (Cubierto),https://www.solotodo.com/products/28832-cooler-master-storm-trooper-sgc-5000-kwn1,https://s3.amazonaws.com/solotodo-core/media/cache/90/ef/90ef6890bccfe9923a7ae0ed2b38bb4f.png
Corsair Crystal Series 460X RGB - White (CC-9011129-WW),119.900,ATX,No posee,Inferior,Vidrio templado,https://www.solotodo.com/products/43413-corsair-crystal-series-460x-rgb-white-cc-9011129-ww,https://s3.amazonaws.com/solotodo-core/media/cache/d6/12/d612ebffeb6d3f7888b5157eff643c26.png
NZXT Phantom - Black (PHAN-001BK),119.900,Extended ATX,No posee,Inferior,Aluminio (Cubierto),https://www.solotodo.com/products/25504-nzxt-phantom-black-phan-001bk,https://solotodo-core.s3.amazonaws.com/media/cache/f8/ce/f8ce639f6951ed787e4204fff21555c7.png
Corsair Crystal Series 460X (CC-9011099-WW),124.990,ATX,No posee,Inferior,Vidrio templado,https://www.solotodo.com/products/31633-corsair-crystal-series-460x-cc-9011099-ww,https://s3.amazonaws.com/solotodo-core/media/cache/41/b6/41b69e423ef7b3eb0470d06ac2abfc28.png
Azza Storm 6000B (CSAZ-6000RGB/W/B),125.990,Extended ATX,No posee,Inferior,Vidrio templado,https://www.solotodo.com/products/44688-azza-storm-6000b-csaz-6000rgbwb,https://s3.amazonaws.com/solotodo-core/media/cache/d5/4a/d54a5fc7506d76a9e7824f3b9481f405.png
Cougar Gemini T (106KMT0004-01),129.900,ATX,No posee,Inferior,Vidrio templado,https://www.solotodo.com/products/70400-cougar-gemini-t-106kmt0004-01,https://s3.amazonaws.com/solotodo-core/media/cache/f7/e2/f7e27949f623d905902425e49f7556e5.png
Corsair Crystal Series 280X RGB - White (CC-9011137-WW),129.990,Micro ATX,No posee,Inferior,Vidrio templado,https://www.solotodo.com/products/53383-corsair-crystal-series-280x-rgb-white-cc-9011137-ww,https://s3.amazonaws.com/solotodo-core/media/cache/f0/8c/f08c8e4dd581741d136b611fa0356b0b.png
DeepCool GamerStorm New Ark 90SE (DP-ATX-NARK90SE),129.990,Extended ATX,No posee,Inferior,Vidrio templado,https://www.solotodo.com/products/62942-deepcool-gamerstorm-new-ark-90se-dp-atx-nark90se,https://s3.amazonaws.com/solotodo-core/media/cache/4c/94/4c940c5d532a7ec954fd71fd6910feed.png
Fractal Design Meshify S2 - White (FD-CA-MESH-S2-WT-TGC),129.990,Extended ATX,No posee,Inferior,Vidrio templado,https://www.solotodo.com/products/65508-fractal-design-meshify-s2-white-fd-ca-mesh-s2-wt-tgc,https://s3.amazonaws.com/solotodo-core/media/cache/aa/90/aa90985160ddb72e01ba6bb80bbdb984.png
Corsair Crystal Series 460X RGB (CC-9011101-WW),132.990,ATX,No posee,Inferior,Vidrio templado,https://www.solotodo.com/products/31634-corsair-crystal-series-460x-rgb-cc-9011101-ww,https://s3.amazonaws.com/solotodo-core/media/cache/1b/fe/1bfe7054f3a66df9a5a29fd9ea67b26a.png
Thermaltake Level 10 GT (VN10001W2N),129.900,Extended ATX,No posee,Inferior,Acrílico,https://www.solotodo.com/products/5549-thermaltake-level-10-gt-vn10001w2n,https://s3.amazonaws.com/solotodo-core/media/cache/c6/ec/c6ec44814b95085e1ff3b3ed252620e4.png
Cooler Master MasterCase H500P Mesh White (MCM-H500P-WGNN-S00),134.976,Extended ATX,No posee,Inferior,Vidrio templado,https://www.solotodo.com/products/46282-cooler-master-mastercase-h500p-mesh-white-mcm-h500p-wgnn-s00,https://s3.amazonaws.com/solotodo-core/media/cache/c4/a5/c4a50c1955d287d8b81bfe775ccbf39f.png
In Win 805 - Red,135.990,ATX,No posee,Inferior,Vidrio templado,https://www.solotodo.com/products/29764-in-win-805-red,https://s3.amazonaws.com/solotodo-core/media/cache/0a/97/0a977496003f9859dedd3e4751fe8e3c.png
Cooler Master MasterCase MC500Mt (MCM-M500T-RH5N-S00),139.990,Extended ATX,No posee,Inferior,Vidrio templado,https://www.solotodo.com/products/45226-cooler-master-mastercase-mc500mt-mcm-m500t-rh5n-s00,https://s3.amazonaws.com/solotodo-core/media/cache/d2/5f/d25f9fdc8d6b7c4d4940f607c82f52ee.png
Fractal Design Meshify S2 - Black (FD-CA-MESH-S2-BKO-TGL),139.990,Extended ATX,No posee,Inferior,Vidrio templado,https://www.solotodo.com/products/65507-fractal-design-meshify-s2-black-fd-ca-mesh-s2-bko-tgl,https://solotodo-core.s3.amazonaws.com/media/cache/f8/bc/f8bca8e489822bb56d339df33000dabb.png
Thermaltake Chaser MK-I (VN300M1W2N),139.900,ATX,No posee,Inferior,Acrílico,https://www.solotodo.com/products/5545-thermaltake-chaser-mk-i-vn300m1w2n,https://s3.amazonaws.com/solotodo-core/media/cache/bf/be/bfbe577938f7383814615b55b9ba3aa3.png
Cooler Master MasterCase H500P Mesh (MCM-H500P-MGNN-S10),148.900,Extended ATX,No posee,Inferior,Vidrio templado,https://www.solotodo.com/products/65129-cooler-master-mastercase-h500p-mesh-mcm-h500p-mgnn-s10,https://s3.amazonaws.com/solotodo-core/media/cache/49/d4/49d437f9f882cf64045e957978eadf26.png
Riotoro GPX-100 Morpheus,149.568,Extended ATX,No posee,Inferior,Acrílico,https://www.solotodo.com/products/65064-riotoro-gpx-100-morpheus,https://s3.amazonaws.com/solotodo-core/media/cache/ea/97/ea970093eec6219b0d28b68230ea91da.png
Fractal Design Define R6 USB-C Tempered Glass White (FD-CA-DEF-R6C-WT-TGC),149.990,Extended ATX,No posee,Inferior,Vidrio templado,https://www.solotodo.com/products/65509-fractal-design-define-r6-usb-c-tempered-glass-white-fd-ca-def-r6c-wt-tgc,https://s3.amazonaws.com/solotodo-core/media/cache/1c/39/1c3992ec9642d19420113f466431391c.png
Fractal Design Define R6 USB-C Tempered Glass Blackout (FD-CA-DEF-R6C-BKO-TGL),149.990,Extended ATX,No posee,Inferior,Vidrio templado,https://www.solotodo.com/products/65484-fractal-design-define-r6-usb-c-tempered-glass-blackout-fd-ca-def-r6c-bko-tgl,https://s3.amazonaws.com/solotodo-core/media/cache/0d/ae/0daea1d643b8f080ac43e1f6cbe9568a.png
Fractal Design Define R6 USB-C Tempered Glass Gunmetal (FD-CA-DEF-R6C-GY-TGL),149.990,Extended ATX,No posee,Inferior,Vidrio templado,https://www.solotodo.com/products/65511-fractal-design-define-r6-usb-c-tempered-glass-gunmetal-fd-ca-def-r6c-gy-tgl,https://s3.amazonaws.com/solotodo-core/media/cache/16/49/1649bf2421fe62aaac5814656a54e93a.png
Gamdias Talos P1,159.990,Extended ATX,No posee,Inferior,Vidrio templado,https://www.solotodo.com/products/60869-gamdias-talos-p1,https://solotodo-core.s3.amazonaws.com/media/cache/e5/89/e58979010b77d02d5760ea47ea56502d.png
Corsair Crystal Series 570X RGB (CC-9011098-WW),160.270,ATX,No posee,Inferior,Vidrio templado,https://www.solotodo.com/products/43415-corsair-crystal-series-570x-rgb-cc-9011098-ww,https://s3.amazonaws.com/solotodo-core/media/cache/c8/07/c807709a46213008b655beeb17f3f531.png
NZXT Phantom 630 - Glossy White (CA-P630W-W1),159.900,XL-ATX,No posee,Inferior,Acrílico,https://www.solotodo.com/products/25491-nzxt-phantom-630-glossy-white-ca-p630w-w1,https://s3.amazonaws.com/solotodo-core/media/cache/23/74/2374d2c1ae48186d9549082618f8d718.png
NZXT Phantom 630 - Black (CA-P630W-M1),159.900,XL-ATX,No posee,Inferior,Acrílico,https://www.solotodo.com/products/25490-nzxt-phantom-630-black-ca-p630w-m1,https://s3.amazonaws.com/solotodo-core/media/cache/f1/d0/f1d0cf98b796aaca19ed6edd5fbeacee.png
DeepCool Gamer Storm Genome II,179.990,ATX,No posee,Inferior,Acrílico,https://www.solotodo.com/products/31204-deepcool-gamer-storm-genome-ii,https://s3.amazonaws.com/solotodo-core/media/cache/ea/22/ea220fa92740d486a4f5318015395fff.png
ASUS TUF Gaming GT501 (90DC0012-B40000),179.990,Extended ATX,No posee,Inferior,Vidrio templado,https://www.solotodo.com/products/60955-asus-tuf-gaming-gt501-90dc0012-b40000,https://s3.amazonaws.com/solotodo-core/media/cache/c5/3f/c53f35c3fc43c0e6bd9fc2a732c1bc66.png
Cooler Master MasterCase H500M (MCM-H500M-IHNN-S00),182.400,Extended ATX,No posee,Inferior,Vidrio templado,https://www.solotodo.com/products/60909-cooler-master-mastercase-h500m-mcm-h500m-ihnn-s00,https://s3.amazonaws.com/solotodo-core/media/cache/18/d3/18d3a679e51273a56800d289ee5eef76.png
Cooler Master MasterCase SL600M (MCM-SL600M-SGNN-S00),184.290,ATX,No posee,Inferior,Vidrio templado,https://www.solotodo.com/products/60956-cooler-master-mastercase-sl600m-mcm-sl600m-sgnn-s00,https://s3.amazonaws.com/solotodo-core/media/cache/63/2f/632fd56dadd69ccfe57a4f6ea0f00f3d.png
Corsair Graphite Series 760T - Artic White (CC-9011074-WW),189.900,Extended ATX,No posee,Inferior,Acrílico,https://www.solotodo.com/products/27257-corsair-graphite-series-760t-artic-white-cc-9011074-ww,https://s3.amazonaws.com/solotodo-core/media/cache/27/f9/27f9c23fced7e02366d7629fb95b4192.png
In Win 805 Infinity,199.990,ATX,No posee,Inferior,Vidrio templado,https://www.solotodo.com/products/29967-in-win-805-infinity,https://s3.amazonaws.com/solotodo-core/media/cache/31/fc/31fc8c3cd6d9c6127224959ba2f818dd.png
Fractal Design Define S2 Vision RGB (FD-CA-DEF-S2V-RGB-BKO-TGD),199.990,Extended ATX,No posee,Inferior,Vidrio templado,https://www.solotodo.com/products/65512-fractal-design-define-s2-vision-rgb-fd-ca-def-s2v-rgb-bko-tgd,https://s3.amazonaws.com/solotodo-core/media/cache/8e/1e/8e1efdda4f3901f9f0751a58751178b8.png
Gamemax Hot Wheels,245.900,ATX,No posee,Lateral,Acrílico,https://www.solotodo.com/products/60677-gamemax-hot-wheels,https://s3.amazonaws.com/solotodo-core/media/cache/cf/2d/cf2de8d9a8b1f8b5ca8a03a78fafd34b.png
Gamemax Hot Wheels (Silver),245.900,ATX,No posee,Lateral,Acrílico,https://www.solotodo.com/products/77130-gamemax-hot-wheels-silver,https://s3.amazonaws.com/solotodo-core/media/cache/80/55/8055d19b981e84352e5d48f81336373c.png
Cooler Master Cosmos C700P Black Edition (MCC-C700P-KG5N-S00),299.990,Extended ATX,No posee,Inferior,Vidrio templado,https://www.solotodo.com/products/64589-cooler-master-cosmos-c700p-black-edition-mcc-c700p-kg5n-s00,https://solotodo-core.s3.amazonaws.com/media/cache/6d/f0/6df096f2d4d2d8f82c7b13bf376dd646.png
ASUS ROG Strix Helios (90DC0020-B30000),307.440,Extended ATX,No posee,Inferior,Vidrio templado,https://www.solotodo.com/products/67340-asus-rog-strix-helios-90dc0020-b30000,https://s3.amazonaws.com/solotodo-core/media/cache/da/44/da44402993fcb9c73c791dcf185aba01.png
DeepCool GamerStorm Quadstellar (DP-EATX-QUADSTLR),339.990,Extended ATX,No posee,Inferior,Vidrio templado,https://www.solotodo.com/products/51943-deepcool-gamerstorm-quadstellar-dp-eatx-quadstlr,https://solotodo-core.s3.amazonaws.com/media/cache/47/69/4769506e7845f44e03421f18f089af64.png
Cooler Master Cosmos C700M (MCC-C700M-MG5N-S00),399.990,Extended ATX,No posee,Inferior,Vidrio templado,https://www.solotodo.com/products/61298-cooler-master-cosmos-c700m-mcc-c700m-mg5n-s00,https://s3.amazonaws.com/solotodo-core/media/cache/22/7a/227a22f0bb1c459f9efc8d84c2b01d72.png
