nombre,precio,gpu,memoria,frecuencias,bus,link,imagen
MSI N210-MD1G/D3,39.990,NVIDIA GeForce G 210,1 GB DDR3 (64 bit),589 MHz core / 500 MHz memorias,PCI Express 2.0 x16,https://www.solotodo.com/products/2543-msi-n210-md1gd3,https://publicapi.solotodo.com/products/2543/picture/?width=375&height=375
Zotac GeForce GT 710 1GB (ZT-71301-20L),49.900,NVIDIA GeForce GT 710,1 GB DDR3 (64 bit),954 MHz core / 800 MHz memorias,PCI Express 2.0 x16,https://www.solotodo.com/products/24536-zotac-geforce-gt-710-1gb-zt-71301-20l,https://publicapi.solotodo.com/products/24536/picture/?width=375&height=375
MSI GT 710 1GD3H LP,48.900,NVIDIA GeForce GT 710,1 GB DDR3 (64 bit),954 MHz core / 800 MHz memorias,PCI Express 2.0 x16,https://www.solotodo.com/products/26136-msi-gt-710-1gd3h-lp,https://publicapi.solotodo.com/products/26136/picture/?width=375&height=375
Galax GeForce GT 710 (71GGF4DC00WG),49.990,NVIDIA GeForce GT 710,1 GB DDR3 (64 bit),954 MHz core / 500 MHz memorias,PCI Express 2,0 x8,https://www.solotodo.com/products/69398-galax-geforce-gt-710-71ggf4dc00wg,https://s3.amazonaws.com/solotodo-core/media/cache/81/08/81084d5545b28c3669b41a893509a655.png
ASUS GT710-SL-1GD5 (90YV0AL2-M0NA00),48.900,NVIDIA GeForce GT 710,1 GB GDDR5 (32 bit),954 MHz core / 1253 MHz memorias,PCI Express 2.0 x16,https://www.solotodo.com/products/43567-asus-gt710-sl-1gd5-90yv0al2-m0na00,https://publicapi.solotodo.com/products/43567/picture/?width=375&height=375
EVGA GT 710 (02G-P3-2713-KR),49.900,NVIDIA GeForce GT 710,2 GB DDR3 (64 bit),954 MHz core / 900 MHz memorias,PCI Express 2.0 x16,https://www.solotodo.com/products/26597-evga-gt-710-02g-p3-2713-kr,https://s3.amazonaws.com/solotodo-core/media/cache/2a/00/2a0052f0376a116a7899da282c4e2e74.png
MSI GT 710 2GD3 LP,50.900,NVIDIA GeForce GT 710,2 GB DDR3 (64 bit),954 MHz core / 800 MHz memorias,PCI Express 2.0 x16,https://www.solotodo.com/products/26233-msi-gt-710-2gd3-lp,https://publicapi.solotodo.com/products/26233/picture/?width=375&height=375
ASUS 710-2-SL-CSM,57.900,NVIDIA GeForce GT 710,2 GB DDR3 (64 bit),954 MHz core / 450 MHz memorias,PCI Express 2.0 x16,https://www.solotodo.com/products/25187-asus-710-2-sl-csm,https://publicapi.solotodo.com/products/25187/picture/?width=375&height=375
Galax GeForce GT 710 (71GPF4HI00GX),59.990,NVIDIA GeForce GT 710,2 GB DDR3 (64 bit),954 MHz core / 500 MHz memorias,PCI Express 2,0 x8,https://www.solotodo.com/products/69399-galax-geforce-gt-710-71gpf4hi00gx,https://s3.amazonaws.com/solotodo-core/media/cache/ab/17/ab17091a7877fff579c807196ee8f81a.png
ASUS GT710-SL-2GD5,64.990,NVIDIA GeForce GT 710,2 GB GDDR5 (64 bit),954 MHz core / 1253 MHz memorias,PCI Express 2.0 x16,https://www.solotodo.com/products/67931-asus-gt710-sl-2gd5,https://publicapi.solotodo.com/products/67931/picture/?width=375&height=375
MSI N730-2GD3V3,68.900,NVIDIA GeForce GT 730 (128 bits DDR3),2 GB DDR3 (128 bit),700 MHz core / 900 MHz memorias,PCI Express 2.0 x16,https://www.solotodo.com/products/22506-msi-n730-2gd3v3,https://publicapi.solotodo.com/products/22506/picture/?width=375&height=375
ASUS R7240-2GD3-L (90YV04T0-M0NA00),79.990,AMD Radeon R7 240,2 GB DDR3 (128 bit),780 MHz core / 900 MHz memorias,PCI Express 3.0 x16,https://www.solotodo.com/products/14197-asus-r7240-2gd3-l-90yv04t0-m0na00,https://s3.amazonaws.com/solotodo-core/media/cache/98/4f/984f303c6fef3fb717a7e6349eae3a3a.png
Zotac GT 730 (64 bits DDR3) (ZT-71113-20L),80.900,NVIDIA GeForce GT 730 (64 bits DDR3),2 GB DDR3 (64 bit),902 MHz core / 800 MHz memorias,PCI Express 2.0 x16,https://www.solotodo.com/products/18601-zotac-gt-730-64-bits-ddr3-zt-71113-20l,https://s3.amazonaws.com/solotodo-core/media/cache/e7/ff/e7ff52f342c9288af71786e60915e781.png
Zotac GT 730 (64 bits DDR3) (ZT-71115-20L),92.340,NVIDIA GeForce GT 730 (64 bits DDR3),4 GB DDR3 (64 bit),902 MHz core / 800 MHz memorias,PCI Express 2.0 x16,https://www.solotodo.com/products/20186-zotac-gt-730-64-bits-ddr3-zt-71115-20l,https://s3.amazonaws.com/solotodo-core/media/cache/cd/f4/cdf4721f3dc5c906c496c931ad343ab3.png
MSI GeForce GT 1030 2G LP OC,94.900,NVIDIA GeForce GT 1030,2 GB GDDR5 (64 bit),1265 MHz core / 1502 MHz memorias,PCI Express 3.0 x16,https://www.solotodo.com/products/36721-msi-geforce-gt-1030-2g-lp-oc,https://s3.amazonaws.com/solotodo-core/media/cache/82/4a/824a6362a64a1dff83ccfc51086b4728.png
EVGA GeForce GT 1030 DDR4 (02G-P4-6232-KR),99.712,NVIDIA GeForce GT 1030,2 GB DDR4 (64 bit),1189 MHz core / 1050 MHz memorias,PCI Express 3.0 x16,https://www.solotodo.com/products/46293-evga-geforce-gt-1030-ddr4-02g-p4-6232-kr,https://s3.amazonaws.com/solotodo-core/media/cache/35/50/35502cb9c2535231db977bdef224aa0f.png
Zotac GeForce GT 1030 2GB GDDR5 HDMI/DVI Low Profile (ZT-P10300A-10L),99.990,NVIDIA GeForce GT 1030,2 GB GDDR5 (64 bit),1227 MHz core / 1500 MHz memorias,PCI Express 3.0 x16,https://www.solotodo.com/products/36876-zotac-geforce-gt-1030-2gb-gddr5-hdmidvi-low-profile-zt-p10300a-10l,https://solotodo-core.s3.amazonaws.com/media/cache/83/ae/83ae35b9982a0d3e61adbfa2c1136c52.png
Sapphire RX 550 Pulse (11268-15-20G),99.990,AMD Radeon RX 550,4 GB GDDR5 (128 bit),1071 MHz core / 1500 MHz memorias,PCI Express 3.0 x16,https://www.solotodo.com/products/73893-sapphire-rx-550-pulse-11268-15-20g,https://s3.amazonaws.com/solotodo-core/media/cache/82/31/8231a2e922fe6e7211afd3c53d146e47.png
ASUS GT1030-2G-CSM (90YV0AT1-M0NA00),99.900,NVIDIA GeForce GT 1030,2 GB GDDR5 (64 bit),1228 MHz core / 1502 MHz memorias,PCI Express 3.0 x16,https://www.solotodo.com/products/37502-asus-gt1030-2g-csm-90yv0at1-m0na00,https://s3.amazonaws.com/solotodo-core/media/cache/39/f7/39f71e06b6032bc5df84d0bcbce062a6.png
PNY Quadro NVS 300 (VCNVS300X16-PB),131.900,NVIDIA Quadro NVS 300,512 MB DDR3 (64 bit),589 MHz core / 790 MHz memorias,PCI Express 2.0 x16,https://www.solotodo.com/products/2936-pny-quadro-nvs-300-vcnvs300x16-pb,https://s3.amazonaws.com/solotodo-core/media/cache/5a/11/5a119e58318507eca448f09436db2285.png
Sapphire Radeon RX 460 2G D5 OC (11257-00),129.900,AMD Radeon RX 460,2 GB GDDR5 (128 bit),1090 MHz core / 1750 MHz memorias,PCI Express 3.0 x16,https://www.solotodo.com/products/28479-sapphire-radeon-rx-460-2g-d5-oc-11257-00,https://s3.amazonaws.com/solotodo-core/media/cache/67/66/676630fb2181173abbd8b6a97c1e3f96.png
MSI GeForce GT 1030 2GD4 LP OC,134.520,NVIDIA GeForce GT 1030,2 GB DDR4 (64 bit),1189 MHz core / 1050 MHz memorias,PCI Express 3.0 x16,https://www.solotodo.com/products/53421-msi-geforce-gt-1030-2gd4-lp-oc,https://s3.amazonaws.com/solotodo-core/media/cache/c7/66/c766cd600501361f68b93d802ee1f710.png
EVGA GeForce GTX 1050 SC GAMING (03G-P4-6153-KR),132.900,NVIDIA GeForce GTX 1050,3 GB GDDR5 (96 bit),1455 MHz core / 1752 MHz memorias,PCI Express 3.0 x16,https://www.solotodo.com/products/49589-evga-geforce-gtx-1050-sc-gaming-03g-p4-6153-kr,https://s3.amazonaws.com/solotodo-core/media/cache/29/69/296958631ef57461f897463e653f2eff.png
PNY Quadro P400 (VCQP400-BLK),138.899,NVIDIA Quadro P400,2 GB GDDR5 (64 bit),1228 MHz core / 1003 MHz memorias,PCI Express 3.0 x16,https://www.solotodo.com/products/70612-pny-quadro-p400-vcqp400-blk,https://s3.amazonaws.com/solotodo-core/media/cache/0f/11/0f1125c217a112e83cabe03d9585a2c8.png
MSI GeForce GTX 1050 2GT OC,139.900,NVIDIA GeForce GTX 1050,2 GB GDDR5 (128 bit),1404 MHz core / 1752 MHz memorias,PCI Express 3.0 x16,https://www.solotodo.com/products/30445-msi-geforce-gtx-1050-2gt-oc,https://solotodo-core.s3.amazonaws.com/media/cache/31/5c/315c4b53b94fc0939a966896321deb94.png
Sapphire Radeon Dual-X R7 370 2G D5 (11240-06-20G),139.900,AMD Radeon R7 370,2 GB GDDR5 (256 bit),985 MHz core / 1400 MHz memorias,PCI Express 3.0 x16,https://www.solotodo.com/products/20921-sapphire-radeon-dual-x-r7-370-2g-d5-11240-06-20g,https://s3.amazonaws.com/solotodo-core/media/cache/dc/03/dc0385bbe6b99927c4e98f759e8dfb23.png
MSI Radeon R9 380 2GD5T OC,150.000,AMD Radeon R9 380,2 GB GDDR5 (256 bit),980 MHz core / 1375 MHz memorias,PCI Express 3.0 x16,https://www.solotodo.com/products/20492-msi-radeon-r9-380-2gd5t-oc,https://s3.amazonaws.com/solotodo-core/media/cache/45/ad/45adea9f2386cf489a11cfb5e6f4e979.png
MSI Radeon RX 570 ARMOR 4G OC,149.990,AMD Radeon RX 570,4 GB GDDR5 (256 bit),1268 MHz core / 1750 MHz memorias,PCI Express 3.0 x16,https://www.solotodo.com/products/35134-msi-radeon-rx-570-armor-4g-oc,https://s3.amazonaws.com/solotodo-core/media/cache/3f/e3/3fe35634911440b7e76a3713d6322598.png
ASRock Phantom Gaming D Radeon RX570 4G (PHANTOM GDR RX570 4G),149.900,AMD Radeon RX 570,4 GB GDDR5 (256 bit),1244 MHz core / 1750 MHz memorias,PCI Express 3.0 x16,https://www.solotodo.com/products/57277-asrock-phantom-gaming-d-radeon-rx570-4g-phantom-gdr-rx570-4g,https://s3.amazonaws.com/solotodo-core/media/cache/5f/bd/5fbdb30b621630cf39cccab6e2e459c8.png
Zotac GAMING GeForce GTX 1650 OC (ZT-T16500F-10L),169.900,NVIDIA GeForce GTX 1650,4 GB GDDR5 (128 bit),1485 MHz core / 2000 MHz memorias,PCI Express 3.0 x16,https://www.solotodo.com/products/60284-zotac-gaming-geforce-gtx-1650-oc-zt-t16500f-10l,https://s3.amazonaws.com/solotodo-core/media/cache/17/39/1739556dc1c8ab9be50e37b0c766629c.png
ASUS ROG-STRIX-RX570-O4G-GAMING (90YV0AJ0-M0NA00),169.990,AMD Radeon RX 570,4 GB GDDR5 (256 bit),1300 MHz core / 1750 MHz memorias,PCI Express 3.0 x16,https://www.solotodo.com/products/37715-asus-rog-strix-rx570-o4g-gaming-90yv0aj0-m0na00,https://s3.amazonaws.com/solotodo-core/media/cache/1c/d9/1cd95eb592b56e6f38bd2768dc910296.png
ASRock Phantom Gaming D Radeon RX570 8G OC (PG D RADEON RX570 8G OC),169.900,AMD Radeon RX 570,8 GB GDDR5 (256 bit),1270 MHz core / 1750 MHz memorias,PCI Express 3.0 x16,https://www.solotodo.com/products/57823-asrock-phantom-gaming-d-radeon-rx570-8g-oc-pg-d-radeon-rx570-8g-oc,https://s3.amazonaws.com/solotodo-core/media/cache/d8/8a/d88a069967a2478ab22725c3356a566a.png
Gigabyte GeForce GTX 1050 Ti OC 4G (GV-N105TOC-4GD),169.900,NVIDIA GeForce GTX 1050 Ti,4 GB GDDR5 (128 bit),1316 MHz core / 1752 MHz memorias,PCI Express 3.0 x16,https://www.solotodo.com/products/30291-gigabyte-geforce-gtx-1050-ti-oc-4g-gv-n105toc-4gd,https://solotodo-core.s3.amazonaws.com/media/cache/7a/c4/7ac4d564b94d9fc9d52a6f7cd16c56d5.png
EVGA GeForce GTX 1650 SC ULTRA GAMING (04G-P4-1057-KR),177.900,NVIDIA GeForce GTX 1650,4 GB GDDR5 (128 bit),1485 MHz core / 2000 MHz memorias,PCI Express 3.0 x16,https://www.solotodo.com/products/61752-evga-geforce-gtx-1650-sc-ultra-gaming-04g-p4-1057-kr,https://s3.amazonaws.com/solotodo-core/media/cache/a4/8b/a48b136e893b04f24833f35f637245e7.png
MSI GeForce GTX 1650 SUPER VENTUS XS OC,185.900,NVIDIA GeForce GTX 1650 Super,4 GB GDDR6 (128 bit),1530 MHz core / 1500 MHz memorias,PCI Express 3.0 x16,https://www.solotodo.com/products/69213-msi-geforce-gtx-1650-super-ventus-xs-oc,https://s3.amazonaws.com/solotodo-core/media/cache/81/f1/81f15991b230ca42a8c3129e931ad1df.png
Gigabyte GeForce GTX 1650 OC Low Profile 4G (GV-N1650OC-4GL),185.900,NVIDIA GeForce GTX 1650,4 GB GDDR5 (128 bit),1695 MHz core / 2001 MHz memorias,PCI Express 3.0 x16,https://www.solotodo.com/products/72321-gigabyte-geforce-gtx-1650-oc-low-profile-4g-gv-n1650oc-4gl,https://s3.amazonaws.com/solotodo-core/media/cache/54/86/5486e49bb2352089ac5be73fd97dc8a0.png
ASRock Radeon RX 5500 XT Challenger D 4G OC (RX5500XT CLD 4GO),189.890,AMD Radeon RX 5500 XT,4 GB GDDR6 (128 bit),1685 MHz core / 1750 MHz memorias,PCI Express 4.0 x8,https://www.solotodo.com/products/73460-asrock-radeon-rx-5500-xt-challenger-d-4g-oc-rx5500xt-cld-4go,https://s3.amazonaws.com/solotodo-core/media/cache/10/0c/100cf7fbbdd4fc80d68260d65739898c.png
MSI GeForce GTX 1650 SUPER AERO ITX OC,189.900,NVIDIA GeForce GTX 1650 Super,4 GB GDDR6 (128 bit),1530 MHz core / 1500 MHz memorias,PCI Express 3.0 x16,https://www.solotodo.com/products/71157-msi-geforce-gtx-1650-super-aero-itx-oc,https://s3.amazonaws.com/solotodo-core/media/cache/0e/64/0e64db368d9abe87496d12070ce73116.png
AMD Radeon PRO WX 3100,189.990,AMD Radeon Pro WX 3100,4 GB GDDR5 (256 bit),1219 MHz core / 1500 MHz memorias,PCI Express 3.0 x16,https://www.solotodo.com/products/69112-amd-radeon-pro-wx-3100,https://s3.amazonaws.com/solotodo-core/media/cache/0c/22/0c222076424cdcdefb55fa69a03cea49.png
EVGA GeForce GTX 1650 SUPER SC ULTRA GAMING (04G-P4-1357-KR),190.900,NVIDIA GeForce GTX 1650 Super,4 GB GDDR6 (128 bit),1530 MHz core / 1500 MHz memorias,PCI Express 3.0 x16,https://www.solotodo.com/products/70308-evga-geforce-gtx-1650-super-sc-ultra-gaming-04g-p4-1357-kr,https://s3.amazonaws.com/solotodo-core/media/cache/56/d8/56d8057a42f4f02cd0c2a219e154074c.png
MSI GeForce GTX 1650 SUPER GAMING X,196.900,NVIDIA GeForce GTX 1650 Super,4 GB GDDR6 (128 bit),1530 MHz core / 1500 MHz memorias,PCI Express 3.0 x16,https://www.solotodo.com/products/70059-msi-geforce-gtx-1650-super-gaming-x,https://s3.amazonaws.com/solotodo-core/media/cache/2e/02/2e0224cff8aab49b3e2cccb6f750960a.png
ASUS PH-GTX1650S-O4G,198.313,NVIDIA GeForce GTX 1650 Super,4 GB GDDR6 (128 bit),1530 MHz core / 1500 MHz memorias,PCI Express 3.0 x16,https://www.solotodo.com/products/71770-asus-ph-gtx1650s-o4g,https://s3.amazonaws.com/solotodo-core/media/cache/82/99/8299ccc105d661bd17d987275123fff2.png
Zotac GAMING GeForce GTX 1650 SUPER Twin Fan (ZT-T16510F-10L),199.000,NVIDIA GeForce GTX 1650 Super,4 GB GDDR6 (128 bit),1530 MHz core / 1500 MHz memorias,PCI Express 3.0 x16,https://www.solotodo.com/products/70309-zotac-gaming-geforce-gtx-1650-super-twin-fan-zt-t16510f-10l,https://solotodo-core.s3.amazonaws.com/media/cache/71/40/714061995f583eae4d93affd824fda4c.png
Zotac GeForce GTX 1050 Ti OC Edition (ZT-P10510B-10L),199.990,NVIDIA GeForce GTX 1050 Ti,4 GB GDDR5 (128 bit),1392 MHz core / 1750 MHz memorias,PCI Express 3.0 x16,https://www.solotodo.com/products/29774-zotac-geforce-gtx-1050-ti-oc-edition-zt-p10510b-10l,https://s3.amazonaws.com/solotodo-core/media/cache/06/06/0606c16b45aafdec4bc50b9224dcb0c3.png
PNY Quadro P620 (VCQP620-PB),201.400,NVIDIA Quadro P620,2 GB GDDR5 (128 bit),1266 MHz core / 1003 MHz memorias,PCI Express 3.0 x16,https://www.solotodo.com/products/64850-pny-quadro-p620-vcqp620-pb,https://s3.amazonaws.com/solotodo-core/media/cache/e1/88/e1886d615be24004e2975485255e7ba0.png
ASUS TUF-GTX1650S-O4G-GAMING (90YV0E42-M0NA00),205.900,NVIDIA GeForce GTX 1650 Super,4 GB GDDR6 (128 bit),1530 MHz core / 1500 MHz memorias,PCI Express 3.0 x16,https://www.solotodo.com/products/70611-asus-tuf-gtx1650s-o4g-gaming-90yv0e42-m0na00,https://s3.amazonaws.com/solotodo-core/media/cache/b0/cf/b0cfeceb4523dbbf36ddae8bf7407c5f.png
ASRock Phantom Gaming D Radeon RX580 8G OC (90-GA0MZZ-00UANZ),206.990,AMD Radeon RX 580,8 GB GDDR5 (256 bit),1380 MHz core / 2000 MHz memorias,PCI Express 3.0 x16,https://www.solotodo.com/products/75875-asrock-phantom-gaming-d-radeon-rx580-8g-oc-90-ga0mzz-00uanz,https://s3.amazonaws.com/solotodo-core/media/cache/21/19/2119cea18bf7a74a7b8f38f4f6022a7d.png
MSI GeForce GTX 1650 GAMING X 4G,208.990,NVIDIA GeForce GTX 1650,4 GB GDDR5 (128 bit),1485 MHz core / 2000 MHz memorias,PCI Express 3.0 x16,https://www.solotodo.com/products/60282-msi-geforce-gtx-1650-gaming-x-4g,https://s3.amazonaws.com/solotodo-core/media/cache/d1/7a/d17acadc08b5033c53cc12e589cdefa3.png
MSI Radeon RX 5500 XT MECH 4G OC,212.990,AMD Radeon RX 5500 XT,4 GB GDDR6 (128 bit),1647 MHz core / 1750 MHz memorias,PCI Express 4.0 x16,https://www.solotodo.com/products/75024-msi-radeon-rx-5500-xt-mech-4g-oc,https://s3.amazonaws.com/solotodo-core/media/cache/e9/1d/e91deef5259e77066c64416509021172.png
PNY Quadro P620 V2 (VCQP620V2-PB),217.664,NVIDIA Quadro P620,2 GB GDDR5 (128 bit),1266 MHz core / 1003 MHz memorias,PCI Express 3.0 x16,https://www.solotodo.com/products/74767-pny-quadro-p620-v2-vcqp620v2-pb,https://s3.amazonaws.com/solotodo-core/media/cache/bf/11/bf118c25edbdc1242b4dc3c9ea7d8ff2.png
ASRock Radeon RX 5500 XT Challenger D 8G OC (RX5500XT CLD 8GO),219.900,AMD Radeon RX 5500 XT,8 GB GDDR6 (128 bit),1685 MHz core / 1750 MHz memorias,PCI Express 4.0 x8,https://www.solotodo.com/products/73459-asrock-radeon-rx-5500-xt-challenger-d-8g-oc-rx5500xt-cld-8go,https://s3.amazonaws.com/solotodo-core/media/cache/f0/03/f003f7355d2176fc495187ba119d59ca.png
Galax GeForce GTX 1650 Super EX (1-Click OC) (65SQL8DS61EX),219.990,NVIDIA GeForce GTX 1650 Super,4 GB GDDR6 (128 bit),1530 MHz core / 1500 MHz memorias,PCI Express 3.0 x16,https://www.solotodo.com/products/74179-galax-geforce-gtx-1650-super-ex-1-click-oc-65sql8ds61ex,https://solotodo-core.s3.amazonaws.com/media/cache/5f/23/5f23c8a5be083a392010720cca72ba7c.png
Gigabyte Radeon RX 5500 XT OC 8G (GV-R55XTOC-8GD),229.900,AMD Radeon RX 5500 XT,8 GB GDDR6 (128 bit),1717 MHz core / 1750 MHz memorias,PCI Express 4.0 x16,https://www.solotodo.com/products/71772-gigabyte-radeon-rx-5500-xt-oc-8g-gv-r55xtoc-8gd,https://solotodo-core.s3.amazonaws.com/media/cache/9b/42/9b4294e6f22404ea48dccc10d7bb5e7f.png
MSI Radeon RX 5500 XT MECH 8G OC,229.990,AMD Radeon RX 5500 XT,8 GB GDDR6 (128 bit),1647 MHz core / 1750 MHz memorias,PCI Express 4.0 x16,https://www.solotodo.com/products/71014-msi-radeon-rx-5500-xt-mech-8g-oc,https://s3.amazonaws.com/solotodo-core/media/cache/c7/98/c79875da57a8b7eb1026e2be13362b51.png
Gigabyte Radeon RX 5500 XT OC 4G (GV-R55XTOC-4GD),229.990,AMD Radeon RX 5500 XT,4 GB GDDR6 (128 bit),1717 MHz core / 1750 MHz memorias,PCI Express 4.0 x16,https://www.solotodo.com/products/73438-gigabyte-radeon-rx-5500-xt-oc-4g-gv-r55xtoc-4gd,https://s3.amazonaws.com/solotodo-core/media/cache/48/75/487572da8a68fa74d39f7de238b08c86.png
HP Quadro P620 (3ME25AA),233.472,NVIDIA Quadro P620,2 GB GDDR5 (128 bit),1266 MHz core / 1003 MHz memorias,PCI Express 3.0 x16,https://www.solotodo.com/products/66013-hp-quadro-p620-3me25aa,https://s3.amazonaws.com/solotodo-core/media/cache/cd/f6/cdf61d9e9ad1495ae5b3effa315a7aac.png
EVGA GeForce GTX 1060 SC GAMING (06G-P4-6163-KR),229.900,NVIDIA GeForce GTX 1060 (6 GB),6 GB GDDR5 (192 bit),1607 MHz core / 2002 MHz memorias,PCI Express 3.0 x16,https://www.solotodo.com/products/30237-evga-geforce-gtx-1060-sc-gaming-06g-p4-6163-kr,https://s3.amazonaws.com/solotodo-core/media/cache/a5/fa/a5fa0e490bd7680548a7750572c631b8.png
PNY GeForce GTX 1660 XLR8 Gaming Overclocked Edition (VCG16606SFPPB-O),239.990,NVIDIA GeForce GTX 1660,6 GB GDDR5 (192 bit),1530 MHz core / 2000 MHz memorias,PCI Express 3.0 x16,https://www.solotodo.com/products/67932-pny-geforce-gtx-1660-xlr8-gaming-overclocked-edition-vcg16606sfppb-o,https://s3.amazonaws.com/solotodo-core/media/cache/e8/a1/e8a121c75c8ba5f4cab4861862560fec.png
ASUS ROG-STRIX-RX570-4G-GAMING (90YV0AJ1-M0NA00),235.900,AMD Radeon RX 570,4 GB GDDR5 (256 bit),1254 MHz core / 1750 MHz memorias,PCI Express 3.0 x16,https://www.solotodo.com/products/43711-asus-rog-strix-rx570-4g-gaming-90yv0aj1-m0na00,https://s3.amazonaws.com/solotodo-core/media/cache/84/81/84814cb492c4ba9fcd3e414f704a37ec.png
ASRock Phantom Gaming X Radeon RX570 8G OC (PHANTOM GXR RX570 8G OC),239.900,AMD Radeon RX 570,8 GB GDDR5 (256 bit),1280 MHz core / 1750 MHz memorias,PCI Express 3.0 x16,https://www.solotodo.com/products/57021-asrock-phantom-gaming-x-radeon-rx570-8g-oc-phantom-gxr-rx570-8g-oc,https://s3.amazonaws.com/solotodo-core/media/cache/07/cf/07cfeecd3a324672f1422914a940000c.png
MSI Radeon RX 5500 XT GAMING X 8G,253.990,AMD Radeon RX 5500 XT,8 GB GDDR6 (128 bit),1685 MHz core / 1750 MHz memorias,PCI Express 4.0 x16,https://www.solotodo.com/products/73694-msi-radeon-rx-5500-xt-gaming-x-8g,https://s3.amazonaws.com/solotodo-core/media/cache/8b/ff/8bff5bec60d1833a393d643bf6a1fd96.png
Zotac GAMING GeForce GTX 1660 6GB GDDR5 (ZT-T16600F-10L),259.900,NVIDIA GeForce GTX 1660,6 GB GDDR5 (192 bit),1530 MHz core / 2000 MHz memorias,PCI Express 3.0 x16,https://www.solotodo.com/products/58929-zotac-gaming-geforce-gtx-1660-6gb-gddr5-zt-t16600f-10l,https://solotodo-core.s3.amazonaws.com/media/cache/77/91/7791d2f6cce7a02635644a1f569e2c00.png
Gigabyte GeForce GTX 1660 OC 6G (GV-N1660OC-6GD),259.900,NVIDIA GeForce GTX 1660,6 GB GDDR5 (192 bit),1530 MHz core / 2000 MHz memorias,PCI Express 3.0 x16,https://www.solotodo.com/products/58931-gigabyte-geforce-gtx-1660-oc-6g-gv-n1660oc-6gd,https://s3.amazonaws.com/solotodo-core/media/cache/04/52/0452981a9e4f5c0993486945ce33b947.png
MSI GeForce GTX 1660 SUPER VENTUS XS OC,260.990,NVIDIA GeForce GTX 1660 Super,6 GB GDDR6 (192 bit),1530 MHz core / 1750 MHz memorias,PCI Express 3.0 x16,https://www.solotodo.com/products/69799-msi-geforce-gtx-1660-super-ventus-xs-oc,https://s3.amazonaws.com/solotodo-core/media/cache/85/1d/851d6d4cc8d273478306da7d978b26f0.png
Gigabyte GeForce GTX 1660 SUPER OC 6G (GV-N166SOC-6GD),265.900,NVIDIA GeForce GTX 1660 Super,6 GB GDDR6 (192 bit),1830 MHz core / 1750 MHz memorias,PCI Express 3.0 x16,https://www.solotodo.com/products/69110-gigabyte-geforce-gtx-1660-super-oc-6g-gv-n166soc-6gd,https://s3.amazonaws.com/solotodo-core/media/cache/f6/7a/f67a5780ea761e857a7de155c46a30c4.png
EVGA GTX 1060 (6 GB) (06G-P4-5161-KR),259.900,NVIDIA GeForce GTX 1060 (6 GB),6 GB GDDR5 (192 bit),1506 MHz core / 2002 MHz memorias,PCI Express 3.0 x16,https://www.solotodo.com/products/31385-evga-gtx-1060-6-gb-06g-p4-5161-kr,https://s3.amazonaws.com/solotodo-core/media/cache/b9/ac/b9acf2d955fec167974d4c48c32eec92.png
ASUS PH-GTX1660-O6G,259.900,NVIDIA GeForce GTX 1660,6 GB GDDR5 (192 bit),1530 MHz core / 2000 MHz memorias,PCI Express 3.0 x16,https://www.solotodo.com/products/60178-asus-ph-gtx1660-o6g,https://s3.amazonaws.com/solotodo-core/media/cache/ab/8b/ab8b75fef5f88c7783ddf0cd3526ae45.png
Galax GeForce GTX 1660 (1-Click OC) (60SRH7DSY91C),269.990,NVIDIA GeForce GTX 1660,6 GB GDDR5 (192 bit),1530 MHz core / 2000 MHz memorias,PCI Express 3.0 x16,https://www.solotodo.com/products/69401-galax-geforce-gtx-1660-1-click-oc-60srh7dsy91c,https://s3.amazonaws.com/solotodo-core/media/cache/71/d3/71d38d822066725096ff2ad9c48dfd3f.png
ASUS DUAL-RX5500XT-O8G-EVO (90YV0DV1-M0AA00),269.990,AMD Radeon RX 5500 XT,8 GB GDDR6 (128 bit),1685 MHz core / 1750 MHz memorias,PCI Express 4.0 x8,https://www.solotodo.com/products/75657-asus-dual-rx5500xt-o8g-evo-90yv0dv1-m0aa00,https://s3.amazonaws.com/solotodo-core/media/cache/32/ff/32ff7ecd05913725a95991dff54c2159.png
Zotac GAMING GeForce GTX 1660 AMP 6GB GDDR5 (ZT-T16600D-10M),264.900,NVIDIA GeForce GTX 1660,6 GB GDDR5 (192 bit),1530 MHz core / 2000 MHz memorias,PCI Express 3.0 x16,https://www.solotodo.com/products/58928-zotac-gaming-geforce-gtx-1660-amp-6gb-gddr5-zt-t16600d-10m,https://s3.amazonaws.com/solotodo-core/media/cache/c8/66/c866fcd0bcd423751c167c65afa10fac.png
ASUS PH-GTX1660S-O6G,272.900,NVIDIA GeForce GTX 1660 Super,6 GB GDDR6 (192 bit),1530 MHz core / 1750 MHz memorias,PCI Express 3.0 x16,https://www.solotodo.com/products/71156-asus-ph-gtx1660s-o6g,https://s3.amazonaws.com/solotodo-core/media/cache/f7/73/f773ced39d5b9f423e1b4889dee6c211.png
MSI GeForce GTX 1660 VENTUS XS 6G OC,274.980,NVIDIA GeForce GTX 1660,6 GB GDDR5 (192 bit),1530 MHz core / 2000 MHz memorias,PCI Express 3.0 x16,https://www.solotodo.com/products/58984-msi-geforce-gtx-1660-ventus-xs-6g-oc,https://s3.amazonaws.com/solotodo-core/media/cache/32/3e/323e89a68fde9457b060ad6fb054d859.png
Zotac GAMING GeForce GTX 1660 SUPER Twin Fan (ZT-T16620F-10L),275.500,NVIDIA GeForce GTX 1660 Super,6 GB GDDR6 (192 bit),1530 MHz core / 1750 MHz memorias,PCI Express 3.0 x16,https://www.solotodo.com/products/70641-zotac-gaming-geforce-gtx-1660-super-twin-fan-zt-t16620f-10l,https://solotodo-core.s3.amazonaws.com/media/cache/2b/9e/2b9eab760e2514a64dd66ea21cad14a5.png
ASUS TUF-GTX1660-O6G-GAMING (90YV0CU2-M0AA00),274.990,NVIDIA GeForce GTX 1660,6 GB GDDR5 (192 bit),1530 MHz core / 2000 MHz memorias,PCI Express 3.0 x16,https://www.solotodo.com/products/60146-asus-tuf-gtx1660-o6g-gaming-90yv0cu2-m0aa00,https://s3.amazonaws.com/solotodo-core/media/cache/99/6f/996fe14afb83c68919d14111184896b2.png
ASUS PH-GTX1060-6G (90YV0A68-M0NA00),269.900,NVIDIA GeForce GTX 1060 (6 GB),6 GB GDDR5 (192 bit),1506 MHz core / 2002 MHz memorias,PCI Express 3.0 x16,https://www.solotodo.com/products/45237-asus-ph-gtx1060-6g-90yv0a68-m0na00,https://s3.amazonaws.com/solotodo-core/media/cache/61/7f/617fc0c82bcd14bb9c14efa139563930.png
MSI GeForce GTX 1660 GAMING X 6G,279.990,NVIDIA GeForce GTX 1660,6 GB GDDR5 (192 bit),1530 MHz core / 2000 MHz memorias,PCI Express 3.0 x16,https://www.solotodo.com/products/58986-msi-geforce-gtx-1660-gaming-x-6g,https://s3.amazonaws.com/solotodo-core/media/cache/92/0c/920ca99d0249cd2d8d622d8fbc64c07e.png
EVGA GeForce GTX 1660 SUPER SC ULTRA GAMING (06G-P4-1068-KR),281.504,NVIDIA GeForce GTX 1660 Super,6 GB GDDR6 (192 bit),1530 MHz core / 1750 MHz memorias,PCI Express 3.0 x16,https://www.solotodo.com/products/68748-evga-geforce-gtx-1660-super-sc-ultra-gaming-06g-p4-1068-kr,https://solotodo-core.s3.amazonaws.com/media/cache/78/62/7862fe0c7a530ac7e12bf461395abff1.png
ASUS TUF-GTX1660S-O6G-GAMING (90YV0DT2-M0NA00),282.900,NVIDIA GeForce GTX 1660 Super,6 GB GDDR6 (192 bit),1530 MHz core / 1750 MHz memorias,PCI Express 3.0 x16,https://www.solotodo.com/products/70610-asus-tuf-gtx1660s-o6g-gaming-90yv0dt2-m0na00,https://s3.amazonaws.com/solotodo-core/media/cache/b4/98/b49870fdb649c04d7be3c9ca20d8b942.png
ASUS DUAL-GTX1660S-O6G-EVO (90YV0DS3-M0NA00),284.990,NVIDIA GeForce GTX 1660 Super,6 GB GDDR6 (192 bit),1530 MHz core / 1750 MHz memorias,PCI Express 3.0 x16,https://www.solotodo.com/products/71154-asus-dual-gtx1660s-o6g-evo-90yv0ds3-m0na00,https://s3.amazonaws.com/solotodo-core/media/cache/ae/e1/aee1c4975803e4f21c1b022cbfa1ae81.png
ASUS DUAL-GTX1060-O6G (90YV09X0-M0NA00),278.900,NVIDIA GeForce GTX 1060 (6 GB),6 GB GDDR5 (192 bit),1569 MHz core / 2002 MHz memorias,PCI Express 3.0 x16,https://www.solotodo.com/products/28898-asus-dual-gtx1060-o6g-90yv09x0-m0na00,https://s3.amazonaws.com/solotodo-core/media/cache/88/31/8831099043857c9cb967cee7bd130acf.png
XFX RX 580 (RX-580P8DFD6),279.900,AMD Radeon RX 580,8 GB GDDR5 (256 bit),1366 MHz core / 2000 MHz memorias,PCI Express 3.0 x16,https://www.solotodo.com/products/42318-xfx-rx-580-rx-580p8dfd6,https://s3.amazonaws.com/solotodo-core/media/cache/fd/c1/fdc1dc8f02fe420aa991b63a23b22c3f.png
EVGA GeForce GTX 1060 SSC GAMING (06G-P4-6267-KR),279.900,NVIDIA GeForce GTX 1060 (6 GB),6 GB GDDR5 (192 bit),1607 MHz core / 2002 MHz memorias,PCI Express 3.0 x16,https://www.solotodo.com/products/35353-evga-geforce-gtx-1060-ssc-gaming-06g-p4-6267-kr,https://s3.amazonaws.com/solotodo-core/media/cache/cd/ba/cdbab8acd759d5531aad4dc31f91a18c.png
Galax GeForce GTX 1660 Super EX White (1-Click OC) (60SRL7DS04WS),299.990,NVIDIA GeForce GTX 1660 Super,6 GB GDDR6 (192 bit),1530 MHz core / 1750 MHz memorias,PCI Express 3.0 x16,https://www.solotodo.com/products/69406-galax-geforce-gtx-1660-super-ex-white-1-click-oc-60srl7ds04ws,https://s3.amazonaws.com/solotodo-core/media/cache/3e/9d/3e9d165e2053521547efab83a8e65ece.png
PowerColor RX 580 (AXRX 580 8GBD5-3DH/OC),299.900,AMD Radeon RX 580,8 GB GDDR5 (256 bit),1380 MHz core / 2000 MHz memorias,PCI Express 3.0 x16,https://www.solotodo.com/products/45381-powercolor-rx-580-axrx-580-8gbd5-3dhoc,https://s3.amazonaws.com/solotodo-core/media/cache/f1/2d/f12d6895c03b84a765b0007f625152e2.png
MSI GeForce GTX 1660 SUPER GAMING X,309.472,NVIDIA GeForce GTX 1660 Super,6 GB GDDR6 (192 bit),1530 MHz core / 1750 MHz memorias,PCI Express 3.0 x16,https://www.solotodo.com/products/69212-msi-geforce-gtx-1660-super-gaming-x,https://s3.amazonaws.com/solotodo-core/media/cache/27/24/2724d1653537a49a847a62bfe6245d43.png
PNY GeForce GTX 1660 Ti XLR8 Gaming OC (VCG1660T6SFPPB-O),309.990,NVIDIA GeForce GTX 1660 Ti,6 GB GDDR6 (192 bit),1500 MHz core / 1500 MHz memorias,PCI Express 3.0 x16,https://www.solotodo.com/products/67168-pny-geforce-gtx-1660-ti-xlr8-gaming-oc-vcg1660t6sfppb-o,https://s3.amazonaws.com/solotodo-core/media/cache/ec/e2/ece292fa3997ca611c6476c99463293f.png
Zotac GAMING GeForce GTX 1660 Ti 6GB GDDR6 (ZT-T16610F-10L),314.900,NVIDIA GeForce GTX 1660 Ti,6 GB GDDR6 (192 bit),1500 MHz core / 1500 MHz memorias,PCI Express 3.0 x16,https://www.solotodo.com/products/58078-zotac-gaming-geforce-gtx-1660-ti-6gb-gddr6-zt-t16610f-10l,https://s3.amazonaws.com/solotodo-core/media/cache/e5/55/e555c35485b5e633753885bc2fd05cee.png
MSI Radeon RX 570 ARMOR MK2 8G OC,319.990,AMD Radeon RX 570,8 GB GDDR5 (256 bit),1268 MHz core / 1750 MHz memorias,PCI Express 3.0 x16,https://www.solotodo.com/products/42859-msi-radeon-rx-570-armor-mk2-8g-oc,https://s3.amazonaws.com/solotodo-core/media/cache/d0/e5/d0e55506e8237d7839748ccd0f14ad59.png
EVGA GeForce GTX 980 SC GAMING ACX 2.0 (04G-P4-2983-KR),320.000,NVIDIA GeForce GTX 980,4 GB GDDR5 (256 bit),1266 MHz core / 1750 MHz memorias,PCI Express 3.0 x16,https://www.solotodo.com/products/17733-evga-geforce-gtx-980-sc-gaming-acx-20-04g-p4-2983-kr,https://s3.amazonaws.com/solotodo-core/media/cache/dd/84/dd841c918ba07fc2f07513101e9ccee4.png
EVGA GeForce GTX 1660 Ti SC ULTRA GAMING (06G-P4-1667-KR),319.990,NVIDIA GeForce GTX 1660 Ti,6 GB GDDR6 (192 bit),1500 MHz core / 1500 MHz memorias,PCI Express 3.0 x16,https://www.solotodo.com/products/62648-evga-geforce-gtx-1660-ti-sc-ultra-gaming-06g-p4-1667-kr,https://s3.amazonaws.com/solotodo-core/media/cache/5b/23/5b2364b7cb405fb1812b394cea126e15.png
ASRock Radeon RX 5600 XT Phantom Gaming D2 6G OC (RX5600XT PGD2 6GO),325.990,AMD Radeon RX 5600 XT,6 GB GDDR6 (192 bit),1420 MHz core / 1500 MHz memorias,PCI Express 4.0 x16,https://www.solotodo.com/products/74765-asrock-radeon-rx-5600-xt-phantom-gaming-d2-6g-oc-rx5600xt-pgd2-6go,https://s3.amazonaws.com/solotodo-core/media/cache/00/68/0068460a96f44c672d3468fd5bca16cd.png
ASRock Radeon RX 5600 XT Challenger D 6G OC (RX5600XT CLD 6GO),326.990,AMD Radeon RX 5600 XT,6 GB GDDR6 (192 bit),1420 MHz core / 1500 MHz memorias,PCI Express 4.0 x16,https://www.solotodo.com/products/74766-asrock-radeon-rx-5600-xt-challenger-d-6g-oc-rx5600xt-cld-6go,https://s3.amazonaws.com/solotodo-core/media/cache/e2/4e/e24e942df3be16af01933084b6f0cbfc.png
AMD Radeon Pro WX 4100 (100-506008),329.900,AMD Radeon Pro WX 4100,4 GB GDDR5 (128 bit),925 MHz core / 1750 MHz memorias,PCI Express 3.0 x16,https://www.solotodo.com/products/72747-amd-radeon-pro-wx-4100-100-506008,https://s3.amazonaws.com/solotodo-core/media/cache/df/ce/dfce42eef7366b95b054b9317f988630.png
MSI GeForce GTX 1660 Ti VENTUS XS 6G OC,339.990,NVIDIA GeForce GTX 1660 Ti,6 GB GDDR6 (192 bit),1500 MHz core / 1500 MHz memorias,PCI Express 3.0 x16,https://www.solotodo.com/products/58219-msi-geforce-gtx-1660-ti-ventus-xs-6g-oc,https://s3.amazonaws.com/solotodo-core/media/cache/7c/17/7c17443fd53df8d095468dc43a2f369b.png
MSI GeForce GTX 1660 Ti GAMING X 6G,342.990,NVIDIA GeForce GTX 1660 Ti,6 GB GDDR6 (192 bit),1500 MHz core / 1500 MHz memorias,PCI Express 3.0 x16,https://www.solotodo.com/products/57895-msi-geforce-gtx-1660-ti-gaming-x-6g,https://s3.amazonaws.com/solotodo-core/media/cache/b6/b1/b6b1e80fba3ed5546841fe71882b1df3.png
MSI Radeon RX 5600 XT MECH OC 6G,345.990,AMD Radeon RX 5600 XT,6 GB GDDR6 (192 bit),1460 MHz core / 1500 MHz memorias,PCI Express 4.0 x16,https://www.solotodo.com/products/77516-msi-radeon-rx-5600-xt-mech-oc-6g,https://solotodo-core.s3.amazonaws.com/media/cache/11/27/11277a2653270de7d5a015ef6804e953.png
Zotac GAMING GeForce GTX 1660 Ti AMP 6GB GDDR6 (ZT-T16610D-10M),346.788,NVIDIA GeForce GTX 1660 Ti,6 GB GDDR6 (192 bit),1500 MHz core / 1500 MHz memorias,PCI Express 3.0 x16,https://www.solotodo.com/products/58603-zotac-gaming-geforce-gtx-1660-ti-amp-6gb-gddr6-zt-t16610d-10m,https://s3.amazonaws.com/solotodo-core/media/cache/a8/5e/a85e72eac29440f6faf5a8addb314dc3.png
Gigabyte Radeon RX 5600 XT WINDFORCE OC 6G (GV-R56XTWF2OC-6GD),349.990,AMD Radeon RX 5600 XT,6 GB GDDR6 (192 bit),1130 MHz core / 1500 MHz memorias,PCI Express 4.0 x16,https://www.solotodo.com/products/74688-gigabyte-radeon-rx-5600-xt-windforce-oc-6g-gv-r56xtwf2oc-6gd,https://s3.amazonaws.com/solotodo-core/media/cache/7e/44/7e448c1c92ce02be7b0111ec18d6edad.png
Sapphire PULSE RX 5600 XT 6G GDDR6 (11296-01-20G),349.990,AMD Radeon RX 5600 XT,6 GB GDDR6 (192 bit),1130 MHz core / 1750 MHz memorias,PCI Express 4.0 x16,https://www.solotodo.com/products/74617-sapphire-pulse-rx-5600-xt-6g-gddr6-11296-01-20g,https://s3.amazonaws.com/solotodo-core/media/cache/e4/82/e482d06a29c312c65bdb468878aff9a9.png
PNY Quadro P1000 (VCQP1000-BLK),366.624,NVIDIA Quadro P1000,4 GB GDDR5 (128 bit),1354 MHz core / 1752 MHz memorias,PCI Express 3.0 x16,https://www.solotodo.com/products/64489-pny-quadro-p1000-vcqp1000-blk,https://s3.amazonaws.com/solotodo-core/media/cache/6b/5b/6b5b22fdf0e3ac67fcdfe2a6bdb25b81.png
ASUS ROG-STRIX-RXVEGA64-O8G-GAMING (90YV0B00-M0NA00),369.900,AMD Radeon RX Vega 64,8 GB HBM2 (2048 bit),1298 MHz core / 945 MHz memorias,PCI Express 3.0 x16,https://www.solotodo.com/products/43434-asus-rog-strix-rxvega64-o8g-gaming-90yv0b00-m0na00,https://s3.amazonaws.com/solotodo-core/media/cache/73/20/732048873f91c87ff74b758d5ca5a5ff.png
ASUS ROG-STRIX-GTX1660TI-O6G-GAMING,374.990,NVIDIA GeForce GTX 1660 Ti,6 GB GDDR6 (192 bit),1500 MHz core / 1500 MHz memorias,PCI Express 3.0 x16,https://www.solotodo.com/products/59320-asus-rog-strix-gtx1660ti-o6g-gaming,https://s3.amazonaws.com/solotodo-core/media/cache/81/e8/81e8e24ca741ef23dd27d691b23deb35.png
Gigabyte GeForce RTX 2060 OC (rev. 2.0) (GV-N2060OC-6GD),379.990,NVIDIA GeForce RTX 2060,6 GB GDDR6 (192 bit),1755 MHz core / 1750 MHz memorias,PCI Express 3.0 x16,https://www.solotodo.com/products/57894-gigabyte-geforce-rtx-2060-oc-rev-20-gv-n2060oc-6gd,https://s3.amazonaws.com/solotodo-core/media/cache/f2/c9/f2c9f7300017b494184296af903d438c.png
ASUS TUF-RTX2060-O6G-GAMING,379.990,NVIDIA GeForce RTX 2060,6 GB GDDR6 (192 bit),1365 MHz core / 1750 MHz memorias,PCI Express 3.0 x16,https://www.solotodo.com/products/59228-asus-tuf-rtx2060-o6g-gaming,https://solotodo-core.s3.amazonaws.com/media/cache/b8/51/b8512ba75d25cbf99276be46a8f7d96c.png
Galax RTX 2060 (1-Click OC) (26NRL7HPX7OC),379.990,NVIDIA GeForce RTX 2060,6 GB GDDR6 (192 bit),1365 MHz core / 1750 MHz memorias,PCI Express 3.0 x16,https://www.solotodo.com/products/69355-galax-rtx-2060-1-click-oc-26nrl7hpx7oc,https://s3.amazonaws.com/solotodo-core/media/cache/7d/f3/7df39975eb94022c0969a8a01c021519.png
EVGA Geforce RTX 2060 KO (06G-P4-2068-KR),389.900,NVIDIA GeForce RTX 2060,6 GB GDDR6 (192 bit),1365 MHz core / 1750 MHz memorias,PCI Express 3.0 x16,https://www.solotodo.com/products/74961-evga-geforce-rtx-2060-ko-06g-p4-2068-kr,https://s3.amazonaws.com/solotodo-core/media/cache/2d/8d/2d8db20d1e7a6de22a1ef6d1cf6bfee1.png
ASRock Radeon RX 5700 Challenger D 8G OC (RX5700 CLD 8GO),389.900,AMD Radeon RX 5700,8 GB GDDR6 (256 bit),1515 MHz core / 1750 MHz memorias,PCI Express 4.0 x16,https://www.solotodo.com/products/75871-asrock-radeon-rx-5700-challenger-d-8g-oc-rx5700-cld-8go,https://s3.amazonaws.com/solotodo-core/media/cache/e4/8b/e48b1d5dc20a1d113bd6ea5eb43ea204.png
EVGA GeForce GTX 1070 GAMING (08G-P4-6171-KR),379.900,NVIDIA GeForce GTX 1070,8 GB GDDR5 (256 bit),1506 MHz core / 2000 MHz memorias,PCI Express 3.0 x16,https://www.solotodo.com/products/27217-evga-geforce-gtx-1070-gaming-08g-p4-6171-kr,https://s3.amazonaws.com/solotodo-core/media/cache/e6/eb/e6ebef336208831fe7b9a1472e445b44.png
EVGA GTX 1070 (08G-P4-6173-KR),380.900,NVIDIA GeForce GTX 1070,8 GB GDDR5 (256 bit),1594 MHz core / 2002 MHz memorias,PCI Express 3.0 x16,https://www.solotodo.com/products/26813-evga-gtx-1070-08g-p4-6173-kr,https://s3.amazonaws.com/solotodo-core/media/cache/b3/5b/b35bd461a139f8246a070f9d5eedd985.png
MSI Radeon RX 5700 MECH OC,392.990,AMD Radeon RX 5700,8 GB GDDR6 (256 bit),1515 MHz core / 1750 MHz memorias,PCI Express 4.0 x16,https://www.solotodo.com/products/71013-msi-radeon-rx-5700-mech-oc,https://solotodo-core.s3.amazonaws.com/media/cache/5d/af/5dafbe9de398f742d67177bb1d2fc9d4.png
ASUS TURBO-RTX2060-6G,396.036,NVIDIA GeForce RTX 2060,6 GB GDDR6 (192 bit),1365 MHz core / 1750 MHz memorias,PCI Express 3.0 x16,https://www.solotodo.com/products/77518-asus-turbo-rtx2060-6g,https://s3.amazonaws.com/solotodo-core/media/cache/4b/76/4b76380ac91b3cefb6caa541bf387389.png
EVGA GeForce GTX 980 Ti SC+ GAMING ACX 2.0+ (06G-P4-4995-KR),399.900,NVIDIA GeForce GTX 980 Ti,6 GB GDDR5 (384 bit),1102 MHz core / 1753 MHz memorias,PCI Express 3.0 x16,https://www.solotodo.com/products/26130-evga-geforce-gtx-980-ti-sc-gaming-acx-20-06g-p4-4995-kr,https://s3.amazonaws.com/solotodo-core/media/cache/a1/ad/a1ad399211c3aaf31c58f615d105e32a.png
PNY Quadro P1000 (VCQP1000-ESPPB),399.950,NVIDIA Quadro P1000,4 GB GDDR5 (128 bit),1354 MHz core / 1752 MHz memorias,PCI Express 3.0 x16,https://www.solotodo.com/products/64487-pny-quadro-p1000-vcqp1000-esppb,https://s3.amazonaws.com/solotodo-core/media/cache/44/a4/44a47fd6c4c13c25f01fdc4504aa56df.png
MSI Radeon RX 5700 EVOKE OC,399.990,AMD Radeon RX 5700,8 GB GDDR6 (256 bit),1540 MHz core / 1750 MHz memorias,PCI Express 4.0 x16,https://www.solotodo.com/products/75354-msi-radeon-rx-5700-evoke-oc,https://s3.amazonaws.com/solotodo-core/media/cache/6b/5b/6b5b22fdf0e3ac67fcdfe2a6bdb25b81.png
Zotac GAMING GeForce RTX 2060 (ZT-T20600H-10M),398.990,NVIDIA GeForce RTX 2060,6 GB GDDR6 (192 bit),1365 MHz core / 1750 MHz memorias,PCI Express 3.0 x16,https://www.solotodo.com/products/71249-zotac-gaming-geforce-rtx-2060-zt-t20600h-10m,https://s3.amazonaws.com/solotodo-core/media/cache/5e/54/5e543433319f974a3e0648a1b38ac29b.png
MSI GeForce RTX 2060 VENTUS 6G OC,399.990,NVIDIA GeForce RTX 2060,6 GB GDDR6 (192 bit),1365 MHz core / 1750 MHz memorias,PCI Express 3.0 x16,https://www.solotodo.com/products/56217-msi-geforce-rtx-2060-ventus-6g-oc,https://s3.amazonaws.com/solotodo-core/media/cache/57/e9/57e9054494776a9de2e740b14b103c52.png
ASUS DUAL-RTX2060-O6G,399.900,NVIDIA GeForce RTX 2060,6 GB GDDR6 (192 bit),1365 MHz core / 1750 MHz memorias,PCI Express 3.0 x16,https://www.solotodo.com/products/55953-asus-dual-rtx2060-o6g,https://s3.amazonaws.com/solotodo-core/media/cache/0c/41/0c41812fcb4f14a1e47cce63523b06b4.png
Gigabyte Radeon RX 5600 XT GAMING OC 6G (GV-R56XTGAMING OC-6GD),399.990,AMD Radeon RX 5600 XT,6 GB GDDR6 (192 bit),1130 MHz core / 1500 MHz memorias,PCI Express 4.0 x16,https://www.solotodo.com/products/73974-gigabyte-radeon-rx-5600-xt-gaming-oc-6g-gv-r56xtgaming-oc-6gd,https://s3.amazonaws.com/solotodo-core/media/cache/fe/d1/fed16b7cadef52dc89a8b71cb1fe9c64.png
EVGA GeForce RTX 2060 SC BLACK GAMING (06G-P4-1762-KR),409.990,NVIDIA GeForce RTX 2060,6 GB GDDR6 (192 bit),1365 MHz core / 1750 MHz memorias,PCI Express 3.0 x16,https://www.solotodo.com/products/76199-evga-geforce-rtx-2060-sc-black-gaming-06g-p4-1762-kr,https://s3.amazonaws.com/solotodo-core/media/cache/9f/db/9fdbb9657fb2f99829924356007a882a.png
MSI GeForce RTX 2060 GAMING Z 6G,419.520,NVIDIA GeForce RTX 2060,6 GB GDDR6 (192 bit),1365 MHz core / 1750 MHz memorias,PCI Express 3.0 x16,https://www.solotodo.com/products/55909-msi-geforce-rtx-2060-gaming-z-6g,https://s3.amazonaws.com/solotodo-core/media/cache/be/30/be309c665cb7b728775969ce832ea070.png
Zotac GAMING GeForce RTX 2060 SUPER MINI (ZT-T20610E-10M),409.900,NVIDIA GeForce RTX 2060 Super,8 GB GDDR6 (256 bit),1365 MHz core / 1750 MHz memorias,PCI Express 3.0 x16,https://www.solotodo.com/products/65126-zotac-gaming-geforce-rtx-2060-super-mini-zt-t20610e-10m,https://s3.amazonaws.com/solotodo-core/media/cache/67/4d/674dc1606940459ab3207817ba82937e.png
ASUS ROG-STRIX-RTX2060-O6G-GAMING (90YV0CI0-M0AA00),421.990,NVIDIA GeForce RTX 2060,6 GB GDDR6 (192 bit),1365 MHz core / 1750 MHz memorias,PCI Express 3.0 x16,https://www.solotodo.com/products/55949-asus-rog-strix-rtx2060-o6g-gaming-90yv0ci0-m0aa00,https://s3.amazonaws.com/solotodo-core/media/cache/dc/7d/dc7db7396fd04ffba970f31fbb8d283b.png
MSI Radeon RX 5700 XT MECH OC,427.990,AMD Radeon RX 5700 XT,8 GB GDDR6 (256 bit),1670 MHz core / 1750 MHz memorias,PCI Express 4.0 x16,https://www.solotodo.com/products/66158-msi-radeon-rx-5700-xt-mech-oc,https://s3.amazonaws.com/solotodo-core/media/cache/74/45/744589a870104bb330a52f3cf431ccbe.png
ASUS ROG-STRIX-RTX2060-A6G-GAMING,429.990,NVIDIA GeForce RTX 2060,6 GB GDDR6 (192 bit),1365 MHz core / 1750 MHz memorias,PCI Express 3.0 x16,https://www.solotodo.com/products/55958-asus-rog-strix-rtx2060-a6g-gaming,https://s3.amazonaws.com/solotodo-core/media/cache/8d/c4/8dc45f146ba95b35e7f583031437fc16.png
MSI Radeon RX 5700 GAMING X 8G,439.990,AMD Radeon RX 5700,8 GB GDDR6 (256 bit),1610 MHz core / 1750 MHz memorias,PCI Express 4.0 x16,https://www.solotodo.com/products/75454-msi-radeon-rx-5700-gaming-x-8g,https://s3.amazonaws.com/solotodo-core/media/cache/0b/c9/0bc91581604156feebffe4a652371389.png
ASUS TUF 3-RX5700-O8G-GAMING (90YV0DC0-M0NA00),429.900,AMD Radeon RX 5700,8 GB GDDR6 (256 bit),1565 MHz core / 1750 MHz memorias,PCI Express 4.0 x16,https://www.solotodo.com/products/70345-asus-tuf-3-rx5700-o8g-gaming-90yv0dc0-m0na00,https://s3.amazonaws.com/solotodo-core/media/cache/79/ab/79ab2cc0f7e603b8af22ff9160764892.png
MSI GeForce RTX 2060 SUPER VENTUS GP OC,446.990,NVIDIA GeForce RTX 2060 Super,8 GB GDDR6 (256 bit),1407 MHz core / 1750 MHz memorias,PCI Express 3.0 x16,https://www.solotodo.com/products/72322-msi-geforce-rtx-2060-super-ventus-gp-oc,https://s3.amazonaws.com/solotodo-core/media/cache/3e/50/3e5097fca37d6fb1398c0b0ca84ca862.png
Gigabyte GeForce RTX 2060 SUPER WINDFORCE OC 8G (GV-N206SWF2OC-8GD),449.990,NVIDIA GeForce RTX 2060 Super,8 GB GDDR6 (256 bit),1680 MHz core / 1750 MHz memorias,PCI Express 3.0 x16,https://www.solotodo.com/products/64788-gigabyte-geforce-rtx-2060-super-windforce-oc-8g-gv-n206swf2oc-8gd,https://s3.amazonaws.com/solotodo-core/media/cache/fb/bb/fbbbe6bcca64c5781e2c67d7dbe399ce.png
Galax GeForce RTX 2060 Super (1-Click OC) (26ISL6HP39SS),449.990,NVIDIA GeForce RTX 2060 Super,8 GB GDDR6 (256 bit),1470 MHz core / 1750 MHz memorias,PCI Express 3.0 x16,https://www.solotodo.com/products/69416-galax-geforce-rtx-2060-super-1-click-oc-26isl6hp39ss,https://s3.amazonaws.com/solotodo-core/media/cache/01/23/0123e5ada6079a4ae26f70b43744bf77.png
ASUS ROG-STRIX-RX5700-O8G-GAMING (90YV0DD0-M0NA00),449.990,AMD Radeon RX 5700,8 GB GDDR6 (256 bit),1610 MHz core / 1750 MHz memorias,PCI Express 4.0 x16,https://www.solotodo.com/products/70061-asus-rog-strix-rx5700-o8g-gaming-90yv0dd0-m0na00,https://s3.amazonaws.com/solotodo-core/media/cache/fb/a6/fba6f6d6737f54c99b165cd2bef023ef.png
MSI GeForce RTX 2060 SUPER VENTUS OC,458.900,NVIDIA GeForce RTX 2060 Super,8 GB GDDR6 (256 bit),1407 MHz core / 1750 MHz memorias,PCI Express 3.0 x16,https://www.solotodo.com/products/64585-msi-geforce-rtx-2060-super-ventus-oc,https://solotodo-core.s3.amazonaws.com/media/cache/32/a4/32a49c70e05083bf30a8d8c24db4c183.png
PNY Quadro P2200 RET SCB SB (VCQP2200-SB),459.990,NVIDIA Quadro P2200,5.0 GB GDDR5X (160 bit),1000 MHz core / 1253 MHz memorias,PCI Express 3.0 x16,https://www.solotodo.com/products/69980-pny-quadro-p2200-ret-scb-sb-vcqp2200-sb,https://solotodo-core.s3.amazonaws.com/media/cache/38/1b/381b582352ab531ecc568e8e6626753c.png
MSI Radeon RX 5700 XT GAMING X,464.990,AMD Radeon RX 5700 XT,8 GB GDDR6 (256 bit),1730 MHz core / 1750 MHz memorias,PCI Express 3.0 x16,https://www.solotodo.com/products/75469-msi-radeon-rx-5700-xt-gaming-x,https://s3.amazonaws.com/solotodo-core/media/cache/fd/07/fd07541f7f08ccf4c038957a293edabc.png
EVGA GeForce RTX 2060 SC Ultra GAMING (06G-P4-2067-KR),471.584,NVIDIA GeForce RTX 2060,6 GB GDDR6 (192 bit),1365 MHz core / 1750 MHz memorias,PCI Express 3.0 x16,https://www.solotodo.com/products/60281-evga-geforce-rtx-2060-sc-ultra-gaming-06g-p4-2067-kr,https://s3.amazonaws.com/solotodo-core/media/cache/0c/a9/0ca9af56751a6454bbbec24b8385e305.png
ASUS CERBERUS-GTX1070TI-A8G (90YV0BJ1-M0NA00),469.900,NVIDIA GeForce GTX 1070 Ti,8 GB GDDR5 (256 bit),1607 MHz core / 2002 MHz memorias,PCI Express 3.0 x16,https://www.solotodo.com/products/43579-asus-cerberus-gtx1070ti-a8g-90yv0bj1-m0na00,https://s3.amazonaws.com/solotodo-core/media/cache/8e/50/8e50b8ebb3eed1d1e25b470a44523a08.png
EVGA GeForce RTX 2060 SUPER SC BLACK GAMING (08G-P4-3062-KR),487.990,NVIDIA GeForce RTX 2060 Super,8 GB GDDR6 (256 bit),1470 MHz core / 1750 MHz memorias,PCI Express 3.0 x16,https://www.solotodo.com/products/71012-evga-geforce-rtx-2060-super-sc-black-gaming-08g-p4-3062-kr,https://s3.amazonaws.com/solotodo-core/media/cache/ba/a9/baa956bab87514de265c2a7d547e786e.png
MSI GeForce RTX 2060 SUPER GAMING X,489.990,NVIDIA GeForce RTX 2060 Super,8 GB GDDR6 (256 bit),1407 MHz core / 1750 MHz memorias,PCI Express 3.0 x16,https://www.solotodo.com/products/63989-msi-geforce-rtx-2060-super-gaming-x,https://s3.amazonaws.com/solotodo-core/media/cache/f5/4f/f54fc5d34a3fd987c9d5690d954740f2.png
Gigabyte GeForce RTX 2060 SUPER WINDFORCE OC 8G (GV-N206SWF2OC-8GD REV2.0),499.900,NVIDIA GeForce RTX 2060 Super,8 GB GDDR6 (256 bit),1680 MHz core / 1750 MHz memorias,PCI Express 3.0 x16,https://www.solotodo.com/products/67602-gigabyte-geforce-rtx-2060-super-windforce-oc-8g-gv-n206swf2oc-8gd-rev20,https://s3.amazonaws.com/solotodo-core/media/cache/fb/bb/fbbbe6bcca64c5781e2c67d7dbe399ce.png
PNY Quadro P2000 (VCQP2000-BLK),499.900,NVIDIA Quadro P2000,5.0 GB GDDR5 (160 bit),1370 MHz core / 2002 MHz memorias,PCI Express 3.0 x16,https://www.solotodo.com/products/64485-pny-quadro-p2000-vcqp2000-blk,https://s3.amazonaws.com/solotodo-core/media/cache/f5/f4/f5f4f15e486a58c40393729b2f7d2bfb.png
Zotac GAMING GeForce RTX 2060 SUPER AMP Extreme (ZT-T20610B-10P),519.900,NVIDIA GeForce RTX 2060 Super,8 GB GDDR6 (256 bit),1407 MHz core / 1750 MHz memorias,PCI Express 3.0 x16,https://www.solotodo.com/products/64446-zotac-gaming-geforce-rtx-2060-super-amp-extreme-zt-t20610b-10p,https://s3.amazonaws.com/solotodo-core/media/cache/55/e0/55e0e2acaf0830bf68244c701f87cf82.png
ASUS ROG-STRIX-RTX2060S-A8G-GAMING (90YV0DG1-M0NA00),532.900,NVIDIA GeForce RTX 2060 Super,8 GB GDDR6 (256 bit),1470 MHz core / 1750 MHz memorias,PCI Express 3.0 x16,https://www.solotodo.com/products/66542-asus-rog-strix-rtx2060s-a8g-gaming-90yv0dg1-m0na00,https://s3.amazonaws.com/solotodo-core/media/cache/9c/86/9c8646099fb758f4271eee749fed1fe2.png
Zotac GAMING GeForce RTX 2070 SUPER MINI (ZT-T20710E-10M),539.900,NVIDIA GeForce RTX 2070 Super,8 GB GDDR6 (256 bit),1605 MHz core / 1750 MHz memorias,PCI Express 3.0 x16,https://www.solotodo.com/products/68054-zotac-gaming-geforce-rtx-2070-super-mini-zt-t20710e-10m,https://s3.amazonaws.com/solotodo-core/media/cache/12/96/12964a7cfdb3d1ac2b62f579abae4b8b.png
MSI GeForce RTX 2070 SUPER VENTUS OC,558.900,NVIDIA GeForce RTX 2070 Super,8 GB GDDR6 (256 bit),1605 MHz core / 1750 MHz memorias,PCI Express 3.0 x16,https://www.solotodo.com/products/63991-msi-geforce-rtx-2070-super-ventus-oc,https://s3.amazonaws.com/solotodo-core/media/cache/c3/46/c3461a0c1bbdd630a285ec476049d9e0.png
ASUS ROG-STRIX-RXVEGA56-O8G-GAMING,570.000,AMD Radeon RX Vega 56,8 GB HBM2 (2048 bit),1297 MHz core / 800 MHz memorias,PCI Express 3.0 x16,https://www.solotodo.com/products/44219-asus-rog-strix-rxvega56-o8g-gaming,https://s3.amazonaws.com/solotodo-core/media/cache/21/b2/21b2c17f2f4643a62ce34a3686146d0f.png
EVGA GeForce RTX 2070 SUPER GAMING (08G-P4-3070-KR),558.900,NVIDIA GeForce RTX 2070 Super,8 GB GDDR6 (256 bit),1605 MHz core / 1750 MHz memorias,PCI Express 3.0 x16,https://www.solotodo.com/products/68861-evga-geforce-rtx-2070-super-gaming-08g-p4-3070-kr,https://s3.amazonaws.com/solotodo-core/media/cache/d9/c0/d9c0162aefa1af004a5bd2f8b3ff1b97.png
Gigabyte GeForce RTX 2070 SUPER GAMING OC 8G (GV-N207SGAMING OC-8GC),594.586,NVIDIA GeForce RTX 2070 Super,8 GB GDDR6 (256 bit),1815 MHz core / 1750 MHz memorias,PCI Express 3.0 x16,https://www.solotodo.com/products/64547-gigabyte-geforce-rtx-2070-super-gaming-oc-8g-gv-n207sgaming-oc-8gc,https://s3.amazonaws.com/solotodo-core/media/cache/49/ef/49ef2dc03a030c831e29605e85b66327.png
Zotac GAMING GeForce RTX 2070 SUPER Twin Fan (ZT-T20710F-10P),599.707,NVIDIA GeForce RTX 2070 Super,8 GB GDDR6 (256 bit),1605 MHz core / 1750 MHz memorias,PCI Express 3.0 x16,https://www.solotodo.com/products/64468-zotac-gaming-geforce-rtx-2070-super-twin-fan-zt-t20710f-10p,https://s3.amazonaws.com/solotodo-core/media/cache/35/c6/35c622554b80802eaa6bb061082c22ed.png
MSI GeForce RTX 2070 SUPER GAMING X,609.990,NVIDIA GeForce RTX 2070 Super,8 GB GDDR6 (256 bit),1605 MHz core / 1750 MHz memorias,PCI Express 3.0 x16,https://www.solotodo.com/products/67603-msi-geforce-rtx-2070-super-gaming-x,https://s3.amazonaws.com/solotodo-core/media/cache/cf/f4/cff4520bbc1adb15827547a7a109b5ee.png
Galax GeForce RTX 2070 Super EX Gamer Black Edition (27ISL6MDW0BG),619.990,NVIDIA GeForce RTX 2070 Super,8 GB GDDR6 (256 bit),1605 MHz core / 1750 MHz memorias,PCI Express 3.0 x16,https://www.solotodo.com/products/69438-galax-geforce-rtx-2070-super-ex-gamer-black-edition-27isl6mdw0bg,https://s3.amazonaws.com/solotodo-core/media/cache/ed/91/ed9154516bf55be313a340a26a3f5f74.png
HP Quadro P2000 (1ME41AA),621.376,NVIDIA Quadro P2000,5.0 GB GDDR5 (160 bit),1370 MHz core / 2002 MHz memorias,PCI Express 3.0 x16,https://www.solotodo.com/products/66154-hp-quadro-p2000-1me41aa,https://s3.amazonaws.com/solotodo-core/media/cache/97/08/970867aeeffbc00e09eeca2486cb983b.png
EVGA GeForce RTX 2070 SUPER BLACK GAMING (08G-P4-3071-KR),628.064,NVIDIA GeForce RTX 2070 Super,8 GB GDDR6 (256 bit),1605 MHz core / 1750 MHz memorias,PCI Express 3.0 x16,https://www.solotodo.com/products/66388-evga-geforce-rtx-2070-super-black-gaming-08g-p4-3071-kr,https://s3.amazonaws.com/solotodo-core/media/cache/7c/0d/7c0d545852ac19fd77a37d2356747ffd.png
ASUS ROG-STRIX-RTX2070S-A8G-GAMING (90YV0DI1-MTAA00),663.690,NVIDIA GeForce RTX 2070 Super,8 GB GDDR6 (256 bit),1605 MHz core / 1750 MHz memorias,PCI Express 3.0 x16,https://www.solotodo.com/products/67144-asus-rog-strix-rtx2070s-a8g-gaming-90yv0di1-mtaa00,https://s3.amazonaws.com/solotodo-core/media/cache/1d/d9/1dd9cbaea044837ef5df9caa199a945e.png
Gigabyte AORUS GeForce RTX 2070 SUPER 8G (GV-N207SAORUS-8GC),714.990,NVIDIA GeForce RTX 2070 Super,8 GB GDDR6 (256 bit),1905 MHz core / 1750 MHz memorias,PCI Express 3.0 x16,https://www.solotodo.com/products/70311-gigabyte-aorus-geforce-rtx-2070-super-8g-gv-n207saorus-8gc,https://solotodo-core.s3.amazonaws.com/media/cache/76/88/7688d8806d366a7b4f33ad133f953eec.png
EVGA GeForce RTX 2070 SUPER FTW3 GAMING (08G-P4-3273-KR),737.900,NVIDIA GeForce RTX 2070 Super,8 GB GDDR6 (256 bit),1605 MHz core / 1750 MHz memorias,PCI Express 3.0 x16,https://www.solotodo.com/products/76200-evga-geforce-rtx-2070-super-ftw3-gaming-08g-p4-3273-kr,https://s3.amazonaws.com/solotodo-core/media/cache/fa/c8/fac847ee2421a282f2d460456598ccec.png
MSI GeForce RTX 2080 VENTUS 8G OC,739.936,NVIDIA GeForce RTX 2080,8 GB GDDR6 (256 bit),1515 MHz core / 1750 MHz memorias,PCI Express 3.0 x16,https://www.solotodo.com/products/51686-msi-geforce-rtx-2080-ventus-8g-oc,https://s3.amazonaws.com/solotodo-core/media/cache/15/5c/155c2eca4ad97c93f3814d47689c4930.png
Zotac GAMING GeForce RTX 2080 SUPER AMP (ZT-T20820D-10P),749.990,NVIDIA GeForce RTX 2080 Super,8 GB GDDR6 (256 bit),1650 MHz core / 1938 MHz memorias,PCI Express 3.0 x16,https://www.solotodo.com/products/64469-zotac-gaming-geforce-rtx-2080-super-amp-zt-t20820d-10p,https://s3.amazonaws.com/solotodo-core/media/cache/da/a1/daa130666ccbe3b6592710a4ce29b84f.png
Gigabyte GeForce RTX 2080 SUPER TURBO 8G (GV-N208STURBO-8GC),775.086,NVIDIA GeForce RTX 2080 Super,8 GB GDDR6 (256 bit),1815 MHz core / 1938 MHz memorias,PCI Express 3.0 x16,https://www.solotodo.com/products/64543-gigabyte-geforce-rtx-2080-super-turbo-8g-gv-n208sturbo-8gc,https://s3.amazonaws.com/solotodo-core/media/cache/60/57/6057e4495cc89705a9d2bc05bb589a4c.png
MSI GeForce RTX 2080 SUPER VENTUS XS OC,799.990,NVIDIA GeForce RTX 2080 Super,8 GB GDDR6 (256 bit),1650 MHz core / 1938 MHz memorias,PCI Express 3.0 x16,https://www.solotodo.com/products/71759-msi-geforce-rtx-2080-super-ventus-xs-oc,https://s3.amazonaws.com/solotodo-core/media/cache/06/41/0641c01ecf2f0fe77ab3806e5d6a3f5c.png
MSI GeForce RTX 2080 SUPER GAMING X TRIO,819.990,NVIDIA GeForce RTX 2080 Super,8 GB GDDR6 (256 bit),1650 MHz core / 1938 MHz memorias,PCI Express 3.0 x16,https://www.solotodo.com/products/65450-msi-geforce-rtx-2080-super-gaming-x-trio,https://s3.amazonaws.com/solotodo-core/media/cache/ce/55/ce554e95d089d8d231ee9a8d9bb97cc5.png
MSI GeForce RTX 2080 SUPER VENTUS OC,820.373,NVIDIA GeForce RTX 2080 Super,8 GB GDDR6 (256 bit),1650 MHz core / 1938 MHz memorias,PCI Express 3.0 x16,https://www.solotodo.com/products/70022-msi-geforce-rtx-2080-super-ventus-oc,https://s3.amazonaws.com/solotodo-core/media/cache/ae/3b/ae3beae572b5570fc5e1ca40432c212d.png
Galax GeForce RTX 2080 Super EX (1-Click OC) (28ISL6MDU9EX),824.990,NVIDIA GeForce RTX 2080 Super,8 GB GDDR6 (256 bit),1845 MHz core / 1938 MHz memorias,PCI Express 3.0 x16,https://www.solotodo.com/products/69798-galax-geforce-rtx-2080-super-ex-1-click-oc-28isl6mdu9ex,https://s3.amazonaws.com/solotodo-core/media/cache/74/36/7436c9c961622044de503fa203de93a8.png
EVGA GeForce RTX 2080 SUPER BLACK GAMING (08G-P4-3081-KR),835.900,NVIDIA GeForce RTX 2080 Super,8 GB GDDR6 (256 bit),1650 MHz core / 1938 MHz memorias,PCI Express 3.0 x16,https://www.solotodo.com/products/66540-evga-geforce-rtx-2080-super-black-gaming-08g-p4-3081-kr,https://s3.amazonaws.com/solotodo-core/media/cache/19/e5/19e5007ffc186f594fd8e63fe93ad4d2.png
PNY Quadro P4000 (VCQP4000-ESPPB),849.990,NVIDIA Quadro P4000,8 GB GDDR5 (256 bit),1227 MHz core / 1502 MHz memorias,PCI Express 3.0 x16,https://www.solotodo.com/products/64481-pny-quadro-p4000-vcqp4000-esppb,https://s3.amazonaws.com/solotodo-core/media/cache/74/30/7430b47b6a8cd5d3cbcbeb590c674719.png
Gigabyte GeForce RTX 2080 SUPER GAMING OC 8G (GV-N208SGAMING OC-8GC),864.990,NVIDIA GeForce RTX 2080 Super,8 GB GDDR6 (256 bit),1845 MHz core / 1938 MHz memorias,PCI Express 3.0 x16,https://www.solotodo.com/products/64539-gigabyte-geforce-rtx-2080-super-gaming-oc-8g-gv-n208sgaming-oc-8gc,https://s3.amazonaws.com/solotodo-core/media/cache/2c/08/2c08a2fa6740d70186aa7cb4eaad8f8b.png
ASUS ROG-STRIX-RTX2080S-A8G-GAMING,894.990,NVIDIA GeForce RTX 2080 Super,8 GB GDDR6 (256 bit),1650 MHz core / 1938 MHz memorias,PCI Express 3.0 x16,https://www.solotodo.com/products/67539-asus-rog-strix-rtx2080s-a8g-gaming,https://s3.amazonaws.com/solotodo-core/media/cache/b4/18/b41848451605310e8be6c445d5ed7c2f.png
Gigabyte GeForce RTX 2080 SUPER WINDFORCE OC 8G (GV-N208SWF3OC-8GD),939.990,NVIDIA GeForce RTX 2080 Super,8 GB GDDR6 (256 bit),1830 MHz core / 1938 MHz memorias,PCI Express 3.0 x16,https://www.solotodo.com/products/66414-gigabyte-geforce-rtx-2080-super-windforce-oc-8g-gv-n208swf3oc-8gd,https://s3.amazonaws.com/solotodo-core/media/cache/3a/09/3a0934555fa7e48661ccaddbc0905d9e.png
Gigabyte AORUS GeForce RTX 2080 SUPER WATERFORCE WB 8G (GV-N208SAORUS WB-8GC),997.590,NVIDIA GeForce RTX 2080 Super,8 GB GDDR6 (256 bit),1860 MHz core / 1938 MHz memorias,PCI Express 3.0 x16,https://www.solotodo.com/products/71153-gigabyte-aorus-geforce-rtx-2080-super-waterforce-wb-8g-gv-n208saorus-wb-8gc,https://s3.amazonaws.com/solotodo-core/media/cache/1e/5e/1e5e7fac54cfce51c7d90c9475c5d099.png
Gigabyte GeForce RTX 2080 Ti GAMING 11G (GV-N208TGAMING OC-11GC),1.399.900,NVIDIA GeForce RTX 2080 Ti,11 GB GDDR6 (352 bit),1545 MHz core / 1750 MHz memorias,PCI Express 3.0 x16,https://www.solotodo.com/products/74141-gigabyte-geforce-rtx-2080-ti-gaming-11g-gv-n208tgaming-oc-11gc,https://s3.amazonaws.com/solotodo-core/media/cache/92/48/92485137bc0ae4c2274207be012dccb1.png
MSI GeForce RTX 2080 TI GAMING X TRIO,1.399.990,NVIDIA GeForce RTX 2080 Ti,11 GB GDDR6 (352 bit),1350 MHz core / 1750 MHz memorias,PCI Express 3.0 x16,https://www.solotodo.com/products/52237-msi-geforce-rtx-2080-ti-gaming-x-trio,https://s3.amazonaws.com/solotodo-core/media/cache/27/92/2792647e2a5cdc5f582ca07f3c67e63e.png
Zotac GAMING GeForce RTX 2080 Ti AMP MAXX (ZT-T20810H-10P),1.399.990,NVIDIA GeForce RTX 2080 Ti,11 GB GDDR6 (352 bit),1350 MHz core / 1750 MHz memorias,PCI Express 3.0 x16,https://www.solotodo.com/products/67604-zotac-gaming-geforce-rtx-2080-ti-amp-maxx-zt-t20810h-10p,https://s3.amazonaws.com/solotodo-core/media/cache/3c/db/3cdb830c1ceeca564c056fd54b271422.png
ASUS ROG-STRIX-RTX2080TI-11G-GAMING,1.429.900,NVIDIA GeForce RTX 2080 Ti,11 GB GDDR6 (352 bit),1350 MHz core / 1750 MHz memorias,PCI Express 3.0 x16,https://www.solotodo.com/products/57073-asus-rog-strix-rtx2080ti-11g-gaming,https://s3.amazonaws.com/solotodo-core/media/cache/b8/b0/b8b07802c10e6c1989ae3e8df229d89e.png
EVGA GeForce RTX 2080 Ti BLACK EDITION GAMING (11G-P4-2281-KR),1.432.591,NVIDIA GeForce RTX 2080 Ti,11 GB GDDR6 (352 bit),1350 MHz core / 1750 MHz memorias,PCI Express 3.0 x16,https://www.solotodo.com/products/58322-evga-geforce-rtx-2080-ti-black-edition-gaming-11g-p4-2281-kr,https://s3.amazonaws.com/solotodo-core/media/cache/84/30/84301a4e25e3351e96591497af26c4a6.png
Galax RTX 2080Ti HOF (28IULBUCV6DH),1.449.990,NVIDIA GeForce RTX 2080 Ti,11 GB GDDR6 (352 bit),1350 MHz core / 1750 MHz memorias,PCI Express 3.0 x16,https://www.solotodo.com/products/69333-galax-rtx-2080ti-hof-28iulbucv6dh,https://s3.amazonaws.com/solotodo-core/media/cache/7e/c6/7ec6edaa672a5428fb18d378291fe8c3.png
