nombre,precio,tipo,capacidad,rpm,tamano,bus,link,imagen
Seagate DB35.3 160 GB,7.990,HDD,160 GB,7200 rpm,3.5"",SATA 2 (3.0 Gb/s),https://www.solotodo.com/products/52641-seagate-db353-160-gb-st3160215sce,https://s3.amazonaws.com/solotodo-core/media/cache/35/80/3580e0e3be364bff555bb26ef6ed2c66.png
Seagate Pipeline 500 GB,19.990,HDD,500 GB,5900 rpm,3.5"",SATA 2 (3.0 Gb/s),https://www.solotodo.com/products/9373-seagate-pipeline-500-gb-st3500312cs,https://s3.amazonaws.com/solotodo-core/media/cache/80/69/80694b65bf73c80013fd261b62522e55.png
Hitachi Travelstar 500 GB,44.990,HDD,500 GB,5400 rpm,2.5"",SATA 2 (3.0 Gb/s),https://www.solotodo.com/products/29720-hitachi-travelstar-500-gb-hts5450b7e660,https://s3.amazonaws.com/solotodo-core/media/cache/53/72/5372fe49ddbc028a33780d9b3013bf00.png
Toshiba P300 500 GB,31.900,HDD,500 GB,7200 rpm,3.5"",SATA 3 (6.0 Gb/s),https://www.solotodo.com/products/27363-toshiba-p300-500-gb-hdwd105uzsva,https://s3.amazonaws.com/solotodo-core/media/cache/e4/c0/e4c0f83b20206e206db1dd44b4e4fa88.png
Toshiba L200 500 GB,43.990,HDD,500 GB,5400 rpm,2.5"",SATA 2 (3.0 Gb/s),https://www.solotodo.com/products/38694-toshiba-l200-500-gb-hdwk105uzsva,https://s3.amazonaws.com/solotodo-core/media/cache/88/99/8899afeba1ab26bbdf210af99f144d8f.png
Western Digital RE3 1 TB,31.990,HDD,1 TB,7200 rpm,3.5"",SATA 2 (3.0 Gb/s),https://www.solotodo.com/products/76900-western-digital-re3-1-tb-wd1002fbys-02a6b0,https://s3.amazonaws.com/solotodo-core/media/cache/4a/9a/4a9a57e65e24f0f304e9a8564cf72c10.png
Toshiba 500 GB,38.990,HDD,500 GB,7200 rpm,3.5"",SATA 3 (6.0 Gb/s),https://www.solotodo.com/products/8154-toshiba-500-gb-dt01aca050,https://s3.amazonaws.com/solotodo-core/media/cache/7e/73/7e739efd95c46af21f7992416418f4d1.png
Western Digital Scorpio Blue 500 GB,43.990,HDD,500 GB,5400 rpm,2.5"",SATA 3 (6.0 Gb/s),https://www.solotodo.com/products/10201-western-digital-scorpio-blue-500-gb-wd5000lpvx,https://s3.amazonaws.com/solotodo-core/media/cache/0e/a8/0ea8f433bf24dc19fbf0b10797c9959d.png
Toshiba P300 1 TB,38.990,HDD,1 TB,7200 rpm,3.5"",SATA 3 (6.0 Gb/s),https://www.solotodo.com/products/27364-toshiba-p300-1-tb-hdwd110uzsva,https://s3.amazonaws.com/solotodo-core/media/cache/91/41/914113a27daf76368f8914677a7a798e.png
Seagate Barracuda Compute 500 GB,37.990,HDD,500 GB,5400 rpm,2.5"",SATA 3 (6.0 Gb/s),https://www.solotodo.com/products/33619-seagate-barracuda-compute-500-gb-st500lm030,https://s3.amazonaws.com/solotodo-core/media/cache/91/c4/91c46da8aabd7d222aa67ef00c9b161c.png
Western Digital Blue 1 TB,51.990,HDD,1 TB,5400 rpm,2.5"",SATA 3 (6.0 Gb/s),https://www.solotodo.com/products/38697-western-digital-blue-1-tb-wd10spzx,https://s3.amazonaws.com/solotodo-core/media/cache/10/21/10219fc50f5951680e85372cd9ea9dcd.png
Western Digital Blue 500 GB,41.990,HDD,500 GB,7200 rpm,3.5"",SATA 3 (6.0 Gb/s),https://www.solotodo.com/products/22355-western-digital-blue-500-gb-wd5000azlx,https://s3.amazonaws.com/solotodo-core/media/cache/91/41/914113a27daf76368f8914677a7a798e.png
Western Digital Purple 1 TB,44.990,HDD,1 TB,5400 rpm,3.5"",SATA 3 (6.0 Gb/s),https://www.solotodo.com/products/37544-western-digital-purple-1-tb-wd10purz,https://solotodo-core.s3.amazonaws.com/media/cache/fa/e8/fae8edb3e4751f8e8d24fb666c873270.png
Seagate Barracuda 1 TB,40.900,HDD,1 TB,7200 rpm,3.5"",SATA 3 (6.0 Gb/s),https://www.solotodo.com/products/4822-seagate-barracuda-1-tb-st1000dm003,https://s3.amazonaws.com/solotodo-core/media/cache/f8/a0/f8a07e0d60e563f57d64211583bae9fb.png
Seagate Barracuda Compute 1 TB,40.900,HDD,1 TB,7200 rpm,3.5"",SATA 3 (6.0 Gb/s),https://www.solotodo.com/products/31383-seagate-barracuda-compute-1-tb-st1000dm010,https://s3.amazonaws.com/solotodo-core/media/cache/86/97/86971f16cc420d126279f361e864a15a.png
Seagate SkyHawk 1 TB,41.690,HDD,1 TB,5400 rpm,3.5"",SATA 3 (6.0 Gb/s),https://www.solotodo.com/products/33634-seagate-skyhawk-1-tb-st1000vx005,https://s3.amazonaws.com/solotodo-core/media/cache/05/7f/057fe725bffde81dd9d69a9055ceb44b.png
Hitachi Ultrastar 1 TB,41.990,HDD,1 TB,7200 rpm,3.5"",SATA 2 (3.0 Gb/s),https://www.solotodo.com/products/42155-hitachi-ultrastar-1-tb-hua721010kla330,https://s3.amazonaws.com/solotodo-core/media/cache/a4/25/a425dec8c774241f2bc1d90d6eed0448.png
Toshiba 1 TB,48.990,HDD,1 TB,5400 rpm,2.5"",SATA 3 (6.0 Gb/s),https://www.solotodo.com/products/45727-toshiba-1-tb-mq04abf100,https://s3.amazonaws.com/solotodo-core/media/cache/a9/a8/a9a82743a58b564edcf39beb1422e48a.png
Toshiba V300 1 TB,44.990,HDD,1 TB,5700 rpm,3.5"",SATA 3 (6.0 Gb/s),https://www.solotodo.com/products/53379-toshiba-v300-1-tb-hdwu110uzsva,https://s3.amazonaws.com/solotodo-core/media/cache/47/cd/47cd72fdf7089002b1ae4c84a3ac89ec.png
Seagate Pipeline 2 TB,44.990,HDD,2 TB,5900 rpm,3.5"",SATA 2 (3.0 Gb/s),https://www.solotodo.com/products/9662-seagate-pipeline-2-tb-st2000vm003,https://s3.amazonaws.com/solotodo-core/media/cache/b1/89/b189e1edf6fb8f6032db8e1c4e529d57.png
HGST Ultrastar A7K2000 1 TB,44.990,HDD,1 TB,7200 rpm,3.5"",SATA 2 (3.0 Gb/s),https://www.solotodo.com/products/69358-hgst-ultrastar-a7k2000-1-tb-hua722010cla331,https://s3.amazonaws.com/solotodo-core/media/cache/fa/e8/fae8edb3e4751f8e8d24fb666c873270.png
Hitachi Deskstar 500 GB,46.990,HDD,500 GB,5400 rpm,2.5"",SATA 3 (6.0 Gb/s),https://www.solotodo.com/products/32287-hitachi-deskstar-500-gb-0j41955,https://s3.amazonaws.com/solotodo-core/media/cache/0e/a8/0ea8f433bf24dc19fbf0b10797c9959d.png
Toshiba V300 2 TB,47.900,HDD,2 TB,5700 rpm,3.5"",SATA 3 (6.0 Gb/s),https://www.solotodo.com/products/53378-toshiba-v300-2-tb-hdwu120uzsva,https://s3.amazonaws.com/solotodo-core/media/cache/88/99/8899afeba1ab26bbdf210af99f144d8f.png
Toshiba L200 1 TB,49.990,HDD,1 TB,5400 rpm,2.5"",SATA 3 (6.0 Gb/s),https://www.solotodo.com/products/45865-toshiba-l200-1-tb-hdwl110uzsva,https://s3.amazonaws.com/solotodo-core/media/cache/9c/98/9c9863294c6d0075a1c71d7b7a1217b6.png
Western Digital Black 1 TB,71.490,HDD,1 TB,7200 rpm,2.5"",SATA 3 (6.0 Gb/s),https://www.solotodo.com/products/73012-western-digital-black-1-tb-wd10spsx,https://s3.amazonaws.com/solotodo-core/media/cache/7e/59/7e59fb57b869dba643465e35bc707eee.png
Seagate Momentus 1 TB,49.990,HDD,1 TB,5400 rpm,2.5"",SATA 3 (6.0 Gb/s),https://www.solotodo.com/products/33941-seagate-momentus-1-tb-st1000lm048,https://s3.amazonaws.com/solotodo-core/media/cache/86/97/86971f16cc420d126279f361e864a15a.png
Seagate Mobile HDD 1 TB,52.990,HDD,1 TB,5400 rpm,2.5"",SATA 3 (6.0 Gb/s),https://www.solotodo.com/products/35434-seagate-mobile-hdd-1-tb-st1000lm035,https://s3.amazonaws.com/solotodo-core/media/cache/d3/7e/d37e9c722524687b6f07de32ea9cb94e.png
Western Digital Blue 2 TB,56.990,HDD,2 TB,5400 rpm,3.5"",SATA 3 (6.0 Gb/s),https://www.solotodo.com/products/62343-western-digital-blue-2-tb-wd20ezaz,https://s3.amazonaws.com/solotodo-core/media/cache/fe/3f/fe3fd85eefb65d9b943b3f1f7addf7f1.png
Western Digital Black 500 GB,54.191,HDD,500 GB,7200 rpm,2.5"",SATA 3 (6.0 Gb/s),https://www.solotodo.com/products/21383-western-digital-black-500-gb-wd5000lplx,https://s3.amazonaws.com/solotodo-core/media/cache/03/b0/03b02da354acfac40a555300ba91235b.png
Seagate SkyHawk 2 TB,55.290,HDD,2 TB,5400 rpm,3.5"",SATA 3 (6.0 Gb/s),https://www.solotodo.com/products/33620-seagate-skyhawk-2-tb-st2000vx008,https://s3.amazonaws.com/solotodo-core/media/cache/1d/d4/1dd422de58ace2c29f036ed9ecb86584.png
Seagate Barracuda 2 TB,56.990,HDD,2 TB,7200 rpm,3.5"",SATA 3 (6.0 Gb/s),https://www.solotodo.com/products/59794-seagate-barracuda-2-tb-st2000dm008,https://s3.amazonaws.com/solotodo-core/media/cache/45/d0/45d0b8dffa82bdbf27ada1cebb8a20fa.png
Western Digital Purple 2 TB,64.900,HDD,2 TB,5400 rpm,3.5"",SATA 3 (6.0 Gb/s),https://www.solotodo.com/products/15268-western-digital-purple-2-tb-wd20purx,https://s3.amazonaws.com/solotodo-core/media/cache/55/3b/553ba24c47c8fafe554e16c024dc54fd.png
Toshiba P300 2 TB,58.990,HDD,2 TB,7200 rpm,3.5"",SATA 3 (6.0 Gb/s),https://www.solotodo.com/products/26555-toshiba-p300-2-tb-hdwd120uzsva,https://s3.amazonaws.com/solotodo-core/media/cache/e8/56/e856491dffee3d7589af8167f475b81a.png
Seagate IronWolf NAS 2 TB,69.990,HDD,2 TB,5900 rpm,3.5"",SATA 3 (6.0 Gb/s),https://www.solotodo.com/products/33744-seagate-ironwolf-nas-2-tb-st2000vn004,https://s3.amazonaws.com/solotodo-core/media/cache/46/aa/46aaa3a3140a2050c77183e8a6b4fe09.png
Toshiba L200 2 TB,72.352,HDD,2 TB,5400 rpm,2.5"",SATA 3 (6.0 Gb/s),https://www.solotodo.com/products/52640-toshiba-l200-2-tb-hdwl120uzsva,https://s3.amazonaws.com/solotodo-core/media/cache/c9/80/c9802e3b91d94b6b67663d5f5c7ee738.png
Seagate Barracuda Compute 2 TB,74.990,HDD,2 TB,5400 rpm,2.5"",SATA 3 (6.0 Gb/s),https://www.solotodo.com/products/35682-seagate-barracuda-compute-2-tb-st2000lm015,https://s3.amazonaws.com/solotodo-core/media/cache/34/ab/34abfb8ec46ea3ee9d010a834070f9d1.png
Seagate FireCuda 1 TB,75.098,HÃ­brido,1 TB,7200 rpm,3.5"",SATA 3 (6.0 Gb/s),https://www.solotodo.com/products/33616-seagate-firecuda-1-tb-st1000dx002,https://s3.amazonaws.com/solotodo-core/media/cache/56/74/56742a018b1872c0b2be1080311921a0.png
Western Digital Purple 3 TB,76.980,HDD,3 TB,5400 rpm,3.5"",SATA 3 (6.0 Gb/s),https://www.solotodo.com/products/37545-western-digital-purple-3-tb-wd30purz,https://s3.amazonaws.com/solotodo-core/media/cache/50/d0/50d078cc458b53b27290bb62b0444630.png
Western Digital Red 2 TB,87.990,HDD,2 TB,5400 rpm,3.5"",SATA 3 (6.0 Gb/s),https://www.solotodo.com/products/64466-western-digital-red-2-tb-wd20efax,https://solotodo-core.s3.amazonaws.com/media/cache/63/19/63194b35dd96b7a25fa01cf97d3fae55.png
Seagate Barracuda 4 TB,89.890,HDD,4 TB,5400 rpm,3.5"",SATA 3 (6.0 Gb/s),https://www.solotodo.com/products/41869-seagate-barracuda-4-tb-st4000dm004,https://s3.amazonaws.com/solotodo-core/media/cache/41/6d/416daf0b7ba824b12ed87543cd006fa3.png
Western Digital Purple 4 TB,92.900,HDD,4 TB,5400 rpm,3.5"",SATA 3 (6.0 Gb/s),https://www.solotodo.com/products/15747-western-digital-purple-4-tb-wd40purx,https://s3.amazonaws.com/solotodo-core/media/cache/d2/ed/d2ed14a3f5b6ad499ccbb780da127903.png
HP 1 TB,99.990,HDD,1 TB,7200 rpm,3.5"",SATA 3 (6.0 Gb/s),https://www.solotodo.com/products/46471-hp-1-tb-861686-b21,https://s3.amazonaws.com/solotodo-core/media/cache/92/45/92457dd209afb65d06f055cfade4af86.png
Western Digital Blue 3 TB,92.990,HDD,3 TB,5400 rpm,3.5"",SATA 3 (6.0 Gb/s),https://www.solotodo.com/products/22358-western-digital-blue-3-tb-wd30ezrz,https://s3.amazonaws.com/solotodo-core/media/cache/45/0b/450b7b8749ebba07e567e3ed6977d77d.png
Western Digital Black 2 TB,94.990,HDD,2 TB,7200 rpm,3.5"",SATA 3 (6.0 Gb/s),https://www.solotodo.com/products/14586-western-digital-black-2-tb-wd2003fzex,https://s3.amazonaws.com/solotodo-core/media/cache/7f/fc/7ffc0ec2d851547038ab2ab9659ddd37.png
Toshiba S300 4 TB,97.990,HDD,4 TB,5400 rpm,3.5"",SATA 3 (6.0 Gb/s),https://www.solotodo.com/products/46729-toshiba-s300-4-tb-hdwt140uzsva,https://s3.amazonaws.com/solotodo-core/media/cache/45/0b/450b7b8749ebba07e567e3ed6977d77d.png
IBM 1 TB,99.990,HDD,1 TB,7200 rpm,3.5"",SATA 3 (6.0 Gb/s),https://www.solotodo.com/products/24381-ibm-1-tb-43w7622,https://s3.amazonaws.com/solotodo-core/media/cache/3b/8a/3b8a2a8f54c13ef681eeb7263e065325.png
Seagate Barracuda Pro 2 TB,108.890,HDD,2 TB,7200 rpm,3.5"",SATA 3 (6.0 Gb/s),https://www.solotodo.com/products/40705-seagate-barracuda-pro-2-tb-st2000dm009,https://s3.amazonaws.com/solotodo-core/media/cache/36/70/3670e28a895a8b7522a6632d95f5a824.png
Western Digital Red 4 TB,118.990,HDD,4 TB,5400 rpm,3.5"",SATA 3 (6.0 Gb/s),https://www.solotodo.com/products/13872-western-digital-red-4-tb-wd40efrx,https://s3.amazonaws.com/solotodo-core/media/cache/2e/ab/2eabdda69fd8d1c2529d2b4e5fdda3f2.png
Seagate SkyHawk 4 TB,122.430,HDD,4 TB,5400 rpm,3.5"",SATA 3 (6.0 Gb/s),https://www.solotodo.com/products/33617-seagate-skyhawk-4-tb-st4000vx007,https://s3.amazonaws.com/solotodo-core/media/cache/05/be/05beb1c1be07aa2818ab7e015ee02ff5.png
Toshiba X300 4 TB,127.990,HDD,4 TB,7200 rpm,3.5"",SATA 3 (6.0 Gb/s),https://www.solotodo.com/products/23044-toshiba-x300-4-tb-hdwe140xzsta,https://s3.amazonaws.com/solotodo-core/media/cache/dd/2b/dd2b8d3a3ffd6a79b1ee94105cc97adf.png
Toshiba 4 TB,128.990,HDD,4 TB,7200 rpm,3.5"",SATA 3 (6.0 Gb/s),https://www.solotodo.com/products/18328-toshiba-4-tb-ph3400u-1i72,https://s3.amazonaws.com/solotodo-core/media/cache/09/59/0959a43af87785e07cc241c21f58ff52.png
Toshiba S300 5 TB,129.000,HDD,5 TB,5400 rpm,3.5"",SATA 3 (6.0 Gb/s),https://www.solotodo.com/products/49316-toshiba-s300-5-tb-hdwt150uzsva,https://s3.amazonaws.com/solotodo-core/media/cache/34/2a/342a00772d42b73c2ea49d4b2906c5e4.png
Lenovo 300 GB,129.981,SAS,300 GB,10000 rpm,2.5"",SAS,https://www.solotodo.com/products/58290-lenovo-300-gb-7xb7a00024,https://solotodo-core.s3.amazonaws.com/media/cache/86/e4/86e4c28f2c987314e98aaac1781188f1.png
Toshiba N300 4 TB,129.690,HDD,4 TB,7200 rpm,3.5"",SATA 3 (6.0 Gb/s),https://www.solotodo.com/products/36823-toshiba-n300-4-tb-hdwq140xzsta,https://s3.amazonaws.com/solotodo-core/media/cache/f2/ea/f2ea35dac9c020f77184e840e12bc644.png
Seagate IronWolf NAS 4 TB,143.250,HDD,4 TB,5900 rpm,3.5"",SATA 3 (6.0 Gb/s),https://www.solotodo.com/products/33704-seagate-ironwolf-nas-4-tb-st4000vn008,https://s3.amazonaws.com/solotodo-core/media/cache/84/e0/84e03b315a8ae62a8ce1ba4a004a9cfa.png
Dell 1 TB,144.990,HDD,1 TB,7200 rpm,3.5"",SATA 3 (6.0 Gb/s),https://www.solotodo.com/products/74976-dell-1-tb-400-aupw,https://s3.amazonaws.com/solotodo-core/media/cache/4b/5a/4b5abd745ca00854bcf2651ad913bfb6.png
HP 2 TB,149.990,HDD,2 TB,7200 rpm,3.5"",SATA 3 (6.0 Gb/s),https://www.solotodo.com/products/32992-hp-2-tb-801884-b21,https://s3.amazonaws.com/solotodo-core/media/cache/05/b8/05b82dcd59361ef8289ef9671600e01d.png
Toshiba X300 5 TB,150.990,HDD,5 TB,7200 rpm,3.5"",SATA 3 (6.0 Gb/s),https://www.solotodo.com/products/23050-toshiba-x300-5-tb-hdwe150xzsta,https://s3.amazonaws.com/solotodo-core/media/cache/07/f8/07f813a7a5249da897dc5fd4da6319ab.png
Lenovo 1 TB,153.252,HDD,1 TB,7200 rpm,3.5"",SATA 3 (6.0 Gb/s),https://www.solotodo.com/products/58104-lenovo-1-tb-4xb7a13554,https://s3.amazonaws.com/solotodo-core/media/cache/84/e0/84e03b315a8ae62a8ce1ba4a004a9cfa.png
Dell 2 TB,351.270,HDD,2 TB,7200 rpm,2.5"",SATA 3 (6.0 Gb/s),https://www.solotodo.com/products/58383-dell-2-tb-400-atjz,https://s3.amazonaws.com/solotodo-core/media/cache/d8/f1/d8f1a335966aaca6f9139ebf8fcd3e67.png
Western Digital Purple 6 TB,176.990,HDD,6 TB,5400 rpm,3.5"",SATA 3 (6.0 Gb/s),https://www.solotodo.com/products/18609-western-digital-purple-6-tb-wd60purx,https://s3.amazonaws.com/solotodo-core/media/cache/f7/e6/f7e6c6b30e49114ca7743915c38784bc.png
Western Digital Gold 4 TB,179.500,HDD,4 TB,7200 rpm,3.5"",SATA 3 (6.0 Gb/s),https://www.solotodo.com/products/73057-western-digital-gold-4-tb-wd4003fryz,https://s3.amazonaws.com/solotodo-core/media/cache/68/90/6890dba4b7d3faa4baea792555f56c7e.png
Seagate SkyHawk 6 TB,179.990,HDD,6 TB,7200 rpm,3.5"",SATA 3 (6.0 Gb/s),https://www.solotodo.com/products/33949-seagate-skyhawk-6-tb-st6000vx0023,https://s3.amazonaws.com/solotodo-core/media/cache/7a/e4/7ae40985d530cb761570adfee8e5143c.png
Western Digital Red 6 TB,192.185,HDD,6 TB,5400 rpm,3.5"",SATA 3 (6.0 Gb/s),https://www.solotodo.com/products/58914-western-digital-red-6-tb-wd60efax,https://s3.amazonaws.com/solotodo-core/media/cache/56/c9/56c9377876cc6d3ee742b8c8464f16d9.png
Seagate IronWolf NAS 6 TB,189.334,HDD,6 TB,5400 rpm,3.5"",SATA 3 (6.0 Gb/s),https://www.solotodo.com/products/53770-seagate-ironwolf-nas-6-tb-st6000vn0033,https://solotodo-core.s3.amazonaws.com/media/cache/eb/0d/eb0d8f9dbe748a8cdd2f07f59c355b8d.png
Lenovo 900 GB,192.179,SAS,900 GB,10000 rpm,2.5"",SAS,https://www.solotodo.com/products/51007-lenovo-900-gb-7xb7a00026,https://s3.amazonaws.com/solotodo-core/media/cache/4e/54/4e54b97c330677157e102e08f2eb066d.png
Toshiba N300 6 TB,192.980,HDD,6 TB,7200 rpm,3.5"",SATA 3 (6.0 Gb/s),https://www.solotodo.com/products/36701-toshiba-n300-6-tb-hdwn160xzsta,https://s3.amazonaws.com/solotodo-core/media/cache/09/fa/09fa3f4526296f6d086d605b54b54547.png
Western Digital Blue 6 TB,192.990,HDD,6 TB,5400 rpm,3.5"",SATA 3 (6.0 Gb/s),https://www.solotodo.com/products/23441-western-digital-blue-6-tb-wd60ezrz,https://s3.amazonaws.com/solotodo-core/media/cache/a3/d7/a3d7436a103aa913417e2284803afc4d.png
Lenovo 1200 GB,303.900,SAS,1200 GB,10000 rpm,2.5"",SAS,https://www.solotodo.com/products/76620-lenovo-1200-gb-4xb7a14112,https://s3.amazonaws.com/solotodo-core/media/cache/a1/c3/a1c35b6d77eb3e7dafba31d6b1517417.png
Toshiba S300 8 TB,209.990,HDD,8 TB,7200 rpm,3.5"",SATA 3 (6.0 Gb/s),https://www.solotodo.com/products/50119-toshiba-s300-8-tb-hdwt380uzsva,https://s3.amazonaws.com/solotodo-core/media/cache/d2/c9/d2c9c3d50847a8bd26f6d27a77fac4de.png
Western Digital Purple Surveillance 8 TB,211.491,HDD,8 TB,7200 rpm,3.5"",SATA 3 (6.0 Gb/s),https://www.solotodo.com/products/64467-western-digital-purple-surveillance-8-tb-wd82purz,https://s3.amazonaws.com/solotodo-core/media/cache/bb/f7/bbf7c5666c02bfe4eac6b66ac4778729.png
Toshiba X300 6 TB,212.990,HDD,6 TB,7200 rpm,3.5"",SATA 3 (6.0 Gb/s),https://www.solotodo.com/products/33205-toshiba-x300-6-tb-hdwe160xzsta,https://s3.amazonaws.com/solotodo-core/media/cache/cc/b0/ccb085de1179b2ff86db73e0b9c8ecf9.png
Western Digital Black 4 TB,214.586,HDD,4 TB,7200 rpm,3.5"",SATA 3 (6.0 Gb/s),https://www.solotodo.com/products/46730-western-digital-black-4-tb-wd4005fzbx,https://s3.amazonaws.com/solotodo-core/media/cache/4b/5a/4b5abd745ca00854bcf2651ad913bfb6.png
Dell 4 TB,387.217,HDD,4 TB,7200 rpm,3.5"",SATA 3 (6.0 Gb/s),https://www.solotodo.com/products/51168-dell-4-tb-400-atkn,https://s3.amazonaws.com/solotodo-core/media/cache/e1/b1/e1b1e4b4fe402d6f9873fb77543f9beb.png
Seagate Surveillance 8 TB,222.990,HDD,8 TB,7200 rpm,3.5"",SATA 3 (6.0 Gb/s),https://www.solotodo.com/products/33629-seagate-surveillance-8-tb-st8000vx0022,https://s3.amazonaws.com/solotodo-core/media/cache/25/73/2573de6c6707fbb19352987608cd3d17.png
Western Digital Red 8 TB,237.342,HDD,8 TB,5400 rpm,3.5"",SATA 3 (6.0 Gb/s),https://www.solotodo.com/products/46707-western-digital-red-8-tb-wd80efax,https://s3.amazonaws.com/solotodo-core/media/cache/5d/ee/5dee222cc242bbaebe34aeb0ff70d4e1.png
Western Digital Gold 6 TB,245.500,HDD,6 TB,7200 rpm,3.5"",SATA 3 (6.0 Gb/s),https://www.solotodo.com/products/71632-western-digital-gold-6-tb-wd6003fryz,https://s3.amazonaws.com/solotodo-core/media/cache/12/4b/124bbcddcb92eee15fe4c54892785b4a.png
Lenovo 4 TB,248.770,SAS,4 TB,7200 rpm,3.5"",SCSI,https://www.solotodo.com/products/55140-lenovo-4-tb-4xb7a14099,https://s3.amazonaws.com/solotodo-core/media/cache/73/5d/735d85fcdc4572bd81845c7def14e27d.png
Toshiba X300 8 TB,268.128,HDD,8 TB,7200 rpm,3.5"",SATA 3 (6.0 Gb/s),https://www.solotodo.com/products/39239-toshiba-x300-8-tb-hdwf180xzsta,https://s3.amazonaws.com/solotodo-core/media/cache/90/69/9069cc24975c71a37d5e20b14dfa66d1.png
Western Digital Purple 10 TB,268.990,HDD,10 TB,7200 rpm,3.5"",SATA 3 (6.0 Gb/s),https://www.solotodo.com/products/55340-western-digital-purple-10-tb-wd101purz,https://s3.amazonaws.com/solotodo-core/media/cache/3c/5a/3c5ad806ac94d47a54cb31b786bc35a6.png
Toshiba N300 8 TB,279.990,HDD,8 TB,7200 rpm,3.5"",SATA 3 (6.0 Gb/s),https://www.solotodo.com/products/36702-toshiba-n300-8-tb-hdwn180xzsta,https://s3.amazonaws.com/solotodo-core/media/cache/50/be/50be6abf7e25e01836ced7d3cd16e833.png
HP 300 GB,286.834,HDD,300 GB,15000 rpm,3.5"",SAS,https://www.solotodo.com/products/54906-hp-300-gb-p04693-b21,https://solotodo-core.s3.amazonaws.com/media/cache/19/6e/196e27fd19e486c95827f15bfd0836ee.png
Seagate IronWolf NAS 10 TB,289.990,HDD,10 TB,7200 rpm,3.5"",SATA 3 (6.0 Gb/s),https://www.solotodo.com/products/75853-seagate-ironwolf-nas-10-tb-st10000vn0008,https://s3.amazonaws.com/solotodo-core/media/cache/d4/54/d454d19f479cc61ecd79f57246b3350b.png
Seagate SkyHawk 10 TB,295.990,HDD,10 TB,7200 rpm,3.5"",SATA 3 (6.0 Gb/s),https://www.solotodo.com/products/33618-seagate-skyhawk-10-tb-st10000vx0004,https://s3.amazonaws.com/solotodo-core/media/cache/a1/c3/a1c35b6d77eb3e7dafba31d6b1517417.png
Dell 1200 GB,332.211,HDD,1200 GB,10000 rpm,2.5"",SAS,https://www.solotodo.com/products/55987-dell-1200-gb-400-atjl,https://s3.amazonaws.com/solotodo-core/media/cache/86/e4/86e4c28f2c987314e98aaac1781188f1.png
Toshiba S300 10 TB,349.990,HDD,10 TB,7200 rpm,3.5"",SATA 3 (6.0 Gb/s),https://www.solotodo.com/products/74669-toshiba-s300-10-tb-hdwt31auzsvar,https://s3.amazonaws.com/solotodo-core/media/cache/35/d9/35d91f750f050ab818c3c72b5214e01f.png
Lenovo 1800 GB,345.508,SAS,1800 GB,10000 rpm,2.5"",SAS,https://www.solotodo.com/products/55210-lenovo-1800-gb-4xb7a14113,https://s3.amazonaws.com/solotodo-core/media/cache/ae/33/ae339ecd4b1f7f973a0838745f88c9d4.png
Seagate Surveillance 12 TB,349.990,HDD,12 TB,7200 rpm,3.5"",SATA 3 (6.0 Gb/s),https://www.solotodo.com/products/58379-seagate-surveillance-12-tb-st12000vx0008,https://s3.amazonaws.com/solotodo-core/media/cache/a1/c3/a1c35b6d77eb3e7dafba31d6b1517417.png
Western Digital Red 10 TB,359.990,HDD,10 TB,5400 rpm,3.5"",SATA 3 (6.0 Gb/s),https://www.solotodo.com/products/38696-western-digital-red-10-tb-wd100efax,https://s3.amazonaws.com/solotodo-core/media/cache/a3/d7/a3d7436a103aa913417e2284803afc4d.png
Lenovo 600 GB,363.017,SAS,600 GB,15000 rpm,2.5"",SAS,https://www.solotodo.com/products/55084-lenovo-600-gb-7xb7a00022,https://s3.amazonaws.com/solotodo-core/media/cache/4a/e9/4ae96180be8097e6b94281c9f2dafa87.png
Western Digital Gold 10 TB,382.500,HDD,10 TB,7200 rpm,3.5"",SATA 3 (6.0 Gb/s),https://www.solotodo.com/products/71633-western-digital-gold-10-tb-wd102kryz,https://s3.amazonaws.com/solotodo-core/media/cache/3a/b3/3ab326d3f2558043a050339bcded10e4.png
Toshiba N300 NAS 12 TB,438.368,HDD,12 TB,7200 rpm,3.5"",SATA 3 (6.0 Gb/s),https://www.solotodo.com/products/57521-toshiba-n300-nas-12-tb-hdwg21cxzsta,https://s3.amazonaws.com/solotodo-core/media/cache/cc/5f/cc5f1b5ad842c7f259272eff2e37593f.png
Lenovo 2400 GB,480.110,SAS,2400 GB,10000 rpm,2.5"",SAS,https://www.solotodo.com/products/54575-lenovo-2400-gb-7xb7a00069,https://s3.amazonaws.com/solotodo-core/media/cache/cc/b0/ccb085de1179b2ff86db73e0b9c8ecf9.png
Toshiba X300 Performance 12 TB,497.806,HDD,12 TB,7200 rpm,3.5"",SATA 3 (6.0 Gb/s),https://www.solotodo.com/products/65123-toshiba-x300-performance-12-tb-hdwr21cxzsta,https://s3.amazonaws.com/solotodo-core/media/cache/61/aa/61aa9519a46b0e98a6e5e6503c51bee2.png
Toshiba N300 NAS 14 TB,530.176,HDD,14 TB,7200 rpm,3.5"",SATA 3 (6.0 Gb/s),https://www.solotodo.com/products/57519-toshiba-n300-nas-14-tb-hdwg21exzsta,https://solotodo-core.s3.amazonaws.com/media/cache/98/6b/986bd070c8812fcd5e72be6375a11ce0.png
HP 600 GB,546.685,SAS,600 GB,15000 rpm,3.5"",SAS,https://www.solotodo.com/products/55399-hp-600-gb-p04695-b21,https://s3.amazonaws.com/solotodo-core/media/cache/90/69/9069cc24975c71a37d5e20b14dfa66d1.png
Dell 1800 GB,551.749,HDD,1800 GB,10000 rpm,2.5"",SAS,https://www.solotodo.com/products/55986-dell-1800-gb-400-atjr,https://s3.amazonaws.com/solotodo-core/media/cache/25/73/2573de6c6707fbb19352987608cd3d17.png
Toshiba X300 Performance 14 TB,578.835,HDD,14 TB,7200 rpm,3.5"",SATA 3 (6.0 Gb/s),https://www.solotodo.com/products/65065-toshiba-x300-performance-14-tb-hdwr21exzsta,https://solotodo-core.s3.amazonaws.com/media/cache/04/06/0406bc95fdcaed772fdf28ae61bc9f5e.png
Lenovo 2 TB,615.332,SAS,2 TB,7200 rpm,2.5"",SAS,https://www.solotodo.com/products/55211-lenovo-2-tb-7xb7a00035,https://s3.amazonaws.com/solotodo-core/media/cache/45/8d/458d622429305fb40bdb6be3d89bd0bc.png
HP 960 GB,622.161,HDD,960 GB,5400 rpm,2.5"",SAS,https://www.solotodo.com/products/65402-hp-960-gb-p10448-b21,https://s3.amazonaws.com/solotodo-core/media/cache/e6/53/e6532d19c521f7ba6593d64a108e127c.png
HP 8 TB,630.180,SAS,8 TB,7200 rpm,3.5"",SAS,https://www.solotodo.com/products/52753-hp-8-tb-819201-b21,https://s3.amazonaws.com/solotodo-core/media/cache/4b/f1/4bf10a10bcece3f6cfc8e8fe459c32cb.png
HP 6 TB,887.705,SAS,6 TB,7200 rpm,2.5"",SAS,https://www.solotodo.com/products/68806-hp-6-tb-j9f43a,https://s3.amazonaws.com/solotodo-core/media/cache/45/ac/45ace48862b360c2364572b63dc0f408.png
HP 1800 GB,897.810,HDD,1800 GB,10000 rpm,2.5"",SAS,https://www.solotodo.com/products/42159-hp-1800-gb-j9f49a,https://s3.amazonaws.com/solotodo-core/media/cache/32/0e/320ef2238de8a0ca1e9a232cf4195b91.png
