nombre,precio,socket,chipset,memorias,formato,tipomemoria,link,imagen
ECS KAM1-I,26011,FS1b,AMD AM1 (FS1b),2x DDR3,Mini ITX,DDR3,https://www.solotodo.com/products/17158-ecs-kam1-i-89-206-ke2100,https://solotodo-core.s3.amazonaws.com/media/cache/ec/4f/ec4f57d676af91aa05022daa8ca3343f.png
ASUS F1A75-M LE,27900,FM1,AMD A75 (FM1),2x DDR3,Micro ATX,DDR3,https://www.solotodo.com/products/3473-asus-f1a75-m-le,https://s3.amazonaws.com/solotodo-core/media/cache/22/cb/22cb6af6468eebe3503d6dfc559d397e.png
ASUS A68HM-Plus,33190,FM2+,AMD A68H (FM2+),2x DDR3,Micro ATX,DDR3,https://www.solotodo.com/products/19778-asus-a68hm-plus,https://s3.amazonaws.com/solotodo-core/media/cache/17/4e/174e4687ba4c09de80a962bdce271c6d.png
ASUS A68HM-E,36990,FM2+,AMD A68H (FM2+),2x DDR3,Micro ATX,DDR3,https://www.solotodo.com/products/19326-asus-a68hm-e,https://s3.amazonaws.com/solotodo-core/media/cache/36/c0/36c088a4937157dd311e6be70a879521.png
ASRock FM2A68M-DG3+,39990,FM2+,AMD A68H (FM2+),2x DDR3,Micro ATX,DDR3,https://www.solotodo.com/products/42895-asrock-fm2a68m-dg3,https://s3.amazonaws.com/solotodo-core/media/cache/40/38/403814670dd41ee65d3f0a509e7775c1.png
ECS H110M4-C23,42990,LGA 1151,Intel H110 (LGA 1151),2x DDR4,Micro ATX,DDR4,https://www.solotodo.com/products/27068-ecs-h110m4-c23-89-206-kt2100,https://s3.amazonaws.com/solotodo-core/media/cache/bb/db/bbdb8fcc2afead4bbbd09eb6b92c7afe.png
MSI B250M PRO-VH,44992,LGA 1151,Intel B250 (LGA 1151),2x DDR4,Micro ATX,DDR4,https://www.solotodo.com/products/31744-msi-b250m-pro-vh,https://s3.amazonaws.com/solotodo-core/media/cache/cf/f5/cff514ceba64d4b4631a539545292d5a.png
MSI H110M PRO-VH,45990,LGA 1151,Intel H110 (LGA 1151),2x DDR4,Micro ATX,DDR4,https://www.solotodo.com/products/22854-msi-h110m-pro-vh,https://s3.amazonaws.com/solotodo-core/media/cache/e6/3a/e63a7ed873c3909163d0aee2779e345f.png
MSI H110M PRO-VH PLUS,46208,LGA 1151,Intel H110 (LGA 1151),2x DDR4,Micro ATX,DDR4,https://www.solotodo.com/products/31746-msi-h110m-pro-vh-plus,https://s3.amazonaws.com/solotodo-core/media/cache/6c/9a/6c9a0817eff10b7c59cf235bfab1f979.png
ASUS PRIME H110M-P,47990,LGA 1151,Intel H110 (LGA 1151),2x DDR4,Micro ATX,DDR4,https://www.solotodo.com/products/40910-asus-prime-h110m-p-90mb0ur0-m0aay0,https://s3.amazonaws.com/solotodo-core/media/cache/44/21/4421ed71f96d7ef4ab66f0f2dd7d7c8f.png
ASUS H110M-E/M.2,47990,LGA 1151,Intel H110 (LGA 1151),2x DDR4,Micro ATX,DDR4,https://www.solotodo.com/products/30981-asus-h110m-em2,https://s3.amazonaws.com/solotodo-core/media/cache/df/8a/df8a35ef2f69be6e399fa598dcb445d0.png
ASUS H110M-R/C/SI,48990,LGA 1151,Intel H110 (LGA 1151),2x DDR4,Micro ATX,DDR4,https://www.solotodo.com/products/26756-asus-h110m-rcsi,https://s3.amazonaws.com/solotodo-core/media/cache/97/5d/975d55626783d0c6b604b34175806129.png
MSI H81M-E33,49900,LGA 1150,Intel H81 (LGA 1150),2x DDR3,Micro ATX,DDR3,https://www.solotodo.com/products/11593-msi-h81m-e33,https://s3.amazonaws.com/solotodo-core/media/cache/c3/eb/c3eb9e643ff48219bf959c0aee1a817f.png
Biostar A320MH,50900,AM4,AMD A320 (AM4),2x DDR4,Micro ATX,DDR4,https://www.solotodo.com/products/71255-biostar-a320mh,https://s3.amazonaws.com/solotodo-core/media/cache/b4/5a/b45afd8d9489313c790661b6020e2187.png
ASUS H81M-K,56900,LGA 1150,Intel H81 (LGA 1150),2x DDR3,Micro ATX,DDR3,https://www.solotodo.com/products/14551-asus-h81m-k,https://s3.amazonaws.com/solotodo-core/media/cache/52/30/52307b3fedbdef7b5f02aa70c96a2b69.png
MSI A320M PRO-M2,56900,AM4,AMD A320 (AM4),2x DDR4,Micro ATX,DDR4,https://www.solotodo.com/products/55630-msi-a320m-pro-m2,https://s3.amazonaws.com/solotodo-core/media/cache/94/db/94db27c00834b91ca0827c3594f638fa.png
ASRock 760GM-HDV,56991,AM3+,AMD 760G (AM3+),2x DDR3,Micro ATX,DDR3,https://www.solotodo.com/products/48259-asrock-760gm-hdv,https://s3.amazonaws.com/solotodo-core/media/cache/4e/0c/4e0ca92c2c3331cffee16d3c638781a2.png
ASRock A320M-HDV R4.0,55900,AM4,AMD A320 (AM4),2x DDR4,Micro ATX,DDR4,https://www.solotodo.com/products/60905-asrock-a320m-hdv-r40,https://solotodo-core.s3.amazonaws.com/media/cache/57/9c/579c235f9226a7baf206ba8b187c6bb1.png
ASRock H110M-HDV,57990,LGA 1151,Intel H110 (LGA 1151),2x DDR4,Micro ATX,DDR4,https://www.solotodo.com/products/51469-asrock-h110m-hdv,https://s3.amazonaws.com/solotodo-core/media/cache/da/42/da422a1c78fab08c953690a23710bad6.png
Biostar H310MHP,57990,LGA 1151-v2,Intel H310 (LGA 1151-v2),2x DDR4,Micro ATX,DDR4,https://www.solotodo.com/products/71931-biostar-h310mhp,https://s3.amazonaws.com/solotodo-core/media/cache/f9/71/f971cf5e8ca8ea8377305be3add3666d.png
MSI H310M PRO-VDH PLUS,57890,LGA 1151-v2,Intel H310 (LGA 1151-v2),2x DDR4,Micro ATX,DDR4,https://www.solotodo.com/products/59732-msi-h310m-pro-vdh-plus,https://s3.amazonaws.com/solotodo-core/media/cache/f0/5c/f05cfc0e27deac7e72e004ad81a3ee33.png
Gigabyte H310M H 2.0,58900,LGA 1151-v2,Intel H310 (LGA 1151-v2),2x DDR4,Micro ATX,DDR4,https://www.solotodo.com/products/66876-gigabyte-h310m-h-20,https://solotodo-core.s3.amazonaws.com/media/cache/a2/94/a294bc1c21f377b47d3b0f5e8da3689e.png
ASUS PRIME A320M-K,57900,AM4,AMD A320 (AM4),2x DDR4,Micro ATX,DDR4,https://www.solotodo.com/products/37082-asus-prime-a320m-k,https://s3.amazonaws.com/solotodo-core/media/cache/ad/20/ad20db9f1d86459b6003903a9bcb4bd7.png
ASRock H110M-DGS,58990,LGA 1151,Intel H110 (LGA 1151),2x DDR4,Micro ATX,DDR4,https://www.solotodo.com/products/37873-asrock-h110m-dgs,https://s3.amazonaws.com/solotodo-core/media/cache/73/75/73759987b502a142ee907b73eb5a7af6.png
Gigabyte H310M DS2,58890,LGA 1151-v2,Intel H310 (LGA 1151-v2),2x DDR4,Micro ATX,DDR4,https://www.solotodo.com/products/71804-gigabyte-h310m-ds2,https://s3.amazonaws.com/solotodo-core/media/cache/e5/a8/e5a8bb50a2ed77a89b4aec6f7c973b29.png
MSI A320M PRO-M2 V2,58976,AM4,AMD A320 (AM4),2x DDR4,Micro ATX,DDR4,https://www.solotodo.com/products/61163-msi-a320m-pro-m2-v2,https://s3.amazonaws.com/solotodo-core/media/cache/3e/a0/3ea035869a33f4c88668f34b74717b51.png
ASRock H310CM-HDV,57900,LGA 1151-v2,Intel H310 (LGA 1151-v2),2x DDR4,Micro ATX,DDR4,https://www.solotodo.com/products/58987-asrock-h310cm-hdv,https://s3.amazonaws.com/solotodo-core/media/cache/0e/67/0e67e6ba05a1e6f097a899d7793be2db.png
ASUS PRIME H310M-E R2.0,59490,LGA 1151-v2,Intel H310 (LGA 1151-v2),2x DDR4,Micro ATX,DDR4,https://www.solotodo.com/products/57194-asus-prime-h310m-e-r20,https://s3.amazonaws.com/solotodo-core/media/cache/9e/25/9e25ba2e1c600769865176a787dd21be.png
ASUS PRIME H310M-E,59690,LGA 1151-v2,Intel H310 (LGA 1151-v2),2x DDR4,Micro ATX,DDR4,https://www.solotodo.com/products/44204-asus-prime-h310m-e,https://s3.amazonaws.com/solotodo-core/media/cache/aa/06/aa06867ac71192c78cd7c731b9bb5a76.png
Gigabyte GA-A320M-H,59900,AM4,AMD A320 (AM4),2x DDR4,Micro ATX,DDR4,https://www.solotodo.com/products/71803-gigabyte-ga-a320m-h,https://s3.amazonaws.com/solotodo-core/media/cache/d3/a4/d3a441b59e60522bb2860669e4302ec5.png
ASUS H110M-D,59990,LGA 1151,Intel H110 (LGA 1151),2x DDR4,Micro ATX,DDR4,https://www.solotodo.com/products/26712-asus-h110m-d,https://s3.amazonaws.com/solotodo-core/media/cache/a1/25/a125322d0087d4f117c075479358e977.png
ASUS H87M-PLUS,59990,LGA 1150,Intel H87 (LGA 1150),4x DDR3,Micro ATX,DDR3,https://www.solotodo.com/products/10787-asus-h87m-plus,https://s3.amazonaws.com/solotodo-core/media/cache/f0/b1/f0b16c59e6782f9c65c67bd49d78c590.png
MSI A320M-A PRO MAX,59990,AM4,AMD A320 (AM4),2x DDR4,Micro ATX,DDR4,https://www.solotodo.com/products/75453-msi-a320m-a-pro-max,https://s3.amazonaws.com/solotodo-core/media/cache/48/a7/48a7e69cb2f8232dec7ee90512cb0474.png
MSI H310M PRO-VH,60990,LGA 1151-v2,Intel H310 (LGA 1151-v2),2x DDR4,Micro ATX,DDR4,https://www.solotodo.com/products/43863-msi-h310m-pro-vh,https://s3.amazonaws.com/solotodo-core/media/cache/7d/de/7ddec2d8ff73cb2c90aac7124abb14cf.png
MSI H310M PRO-M2 PLUS,62500,LGA 1151-v2,Intel H310 (LGA 1151-v2),2x DDR4,Micro ATX,DDR4,https://www.solotodo.com/products/56993-msi-h310m-pro-m2-plus,https://solotodo-core.s3.amazonaws.com/media/cache/78/b9/78b963f17b91db348147133b722f28e9.png
ASRock A320M-HDV,62990,AM4,AMD A320 (AM4),2x DDR4,Micro ATX,DDR4,https://www.solotodo.com/products/37083-asrock-a320m-hdv,https://s3.amazonaws.com/solotodo-core/media/cache/46/93/469330443e3ec5ce7acfb941dae54bd5.png
Gigabyte H310M DS2 2.0,64900,LGA 1151-v2,Intel H310 (LGA 1151-v2),2x DDR4,Micro ATX,DDR4,https://www.solotodo.com/products/71957-gigabyte-h310m-ds2-20,https://s3.amazonaws.com/solotodo-core/media/cache/1b/f1/1bf1f751e03b8e93ff293b8bd2eed9d2.png
MSI B360M PRO-VH,65056,LGA 1151-v2,Intel B360 (LGA 1151-v2),2x DDR4,Micro ATX,DDR4,https://www.solotodo.com/products/43861-msi-b360m-pro-vh,https://s3.amazonaws.com/solotodo-core/media/cache/91/75/91755d21f29636762c987c26952e55a2.png
ASRock B450M-HDV R4.0,65900,AM4,AMD B450 (AM4),2x DDR4,Micro ATX,DDR4,https://www.solotodo.com/products/58563-asrock-b450m-hdv-r40,https://solotodo-core.s3.amazonaws.com/media/cache/25/7c/257cc837960c15d25b9f07f2efbc01da.png
ASUS B150M-A/M.2,65990,LGA 1151,Intel B150 (LGA 1151),4x DDR4,Micro ATX,DDR4,https://www.solotodo.com/products/27751-asus-b150m-am2,https://s3.amazonaws.com/solotodo-core/media/cache/b7/02/b702e5f45af70e95662f89715ba01b09.png
MSI B365M PRO-VH,66990,LGA 1151-v2,Intel B365 (LGA 1151-v2),2x DDR4,Micro ATX,DDR4,https://www.solotodo.com/products/66434-msi-b365m-pro-vh,https://s3.amazonaws.com/solotodo-core/media/cache/7b/c1/7bc1d455f28b7f931d5d786f23205af5.png
MSI B150M Bazooka,67990,LGA 1151,Intel B150 (LGA 1151),4x DDR4,Micro ATX,DDR4,https://www.solotodo.com/products/26794-msi-b150m-bazooka,https://s3.amazonaws.com/solotodo-core/media/cache/9b/01/9b011578b6ccbe7d97bdd24399a96100.png
MSI B450M PRO-M2 V2,68900,AM4,AMD B450 (AM4),2x DDR4,Micro ATX,DDR4,https://www.solotodo.com/products/63580-msi-b450m-pro-m2-v2,https://s3.amazonaws.com/solotodo-core/media/cache/4e/24/4e2460a1550fd1cb421d454cf32b88bf.png
ASRock 970M Pro3,69900,AM3+,AMD 970 (AM3+),4x DDR3,Micro ATX,DDR3,https://www.solotodo.com/products/73247-asrock-970m-pro3,https://s3.amazonaws.com/solotodo-core/media/cache/f2/c2/f2c2dc25d383ff0394033eb47fa530af.png
MSI B450M PRO-M2,69920,AM4,AMD B450 (AM4),2x DDR4,Micro ATX,DDR4,https://www.solotodo.com/products/50424-msi-b450m-pro-m2,https://s3.amazonaws.com/solotodo-core/media/cache/99/d5/99d554bd7da5119959cc88336d7d20dd.png
Gigabyte B450M S2H,71900,AM4,AMD B450 (AM4),2x DDR4,Micro ATX,DDR4,https://www.solotodo.com/products/76451-gigabyte-b450m-s2h,https://s3.amazonaws.com/solotodo-core/media/cache/d1/06/d1063e9c8844ba796a41cc2e6ca034d0.png
ASRock B450M/ac,73900,AM4,AMD B450 (AM4),4x DDR4,Micro ATX,DDR4,https://www.solotodo.com/products/63579-asrock-b450mac,https://s3.amazonaws.com/solotodo-core/media/cache/0f/5b/0f5bcbdaf1842197f93aaa9cd6f66680.png
ASRock B450M Pro4-F,73990,AM4,AMD B450 (AM4),4x DDR4,Micro ATX,DDR4,https://www.solotodo.com/products/60908-asrock-b450m-pro4-f,https://s3.amazonaws.com/solotodo-core/media/cache/71/8c/718c059ce2d8b810f6a48422f3d47e5c.png
MSI B450M PRO-M2 MAX,76990,AM4,AMD B450 MAX (AM4),2x DDR4,Micro ATX,DDR4,https://www.solotodo.com/products/67384-msi-b450m-pro-m2-max,https://s3.amazonaws.com/solotodo-core/media/cache/cd/c6/cdc620f64a162581492f6404d6ffd95c.png
Gigabyte B365M DS3H,78990,LGA 1151-v2,Intel B365 (LGA 1151-v2),4x DDR4,Micro ATX,DDR4,https://www.solotodo.com/products/68526-gigabyte-b365m-ds3h,https://s3.amazonaws.com/solotodo-core/media/cache/95/44/9544b6bf7603587a6d90d74fe6b27d66.png
ASUS PRIME B250M-C/CSM,79900,LGA 1151,Intel B250 (LGA 1151),4x DDR4,Micro ATX,DDR4,https://www.solotodo.com/products/38182-asus-prime-b250m-ccsm,https://s3.amazonaws.com/solotodo-core/media/cache/4b/e4/4be49e31ce340b7cb7448e342ad56169.png
MSI B450M BAZOOKA V2,79990,AM4,AMD B450 (AM4),4x DDR4,Micro ATX,DDR4,https://www.solotodo.com/products/58988-msi-b450m-bazooka-v2,https://s3.amazonaws.com/solotodo-core/media/cache/b0/76/b07680aa226a7c21d3d42ff1cc6ab1d8.png
MSI B365M PRO-VDH,79990,LGA 1151-v2,Intel B365 (LGA 1151-v2),4x DDR4,Micro ATX,DDR4,https://www.solotodo.com/products/66435-msi-b365m-pro-vdh,https://s3.amazonaws.com/solotodo-core/media/cache/80/91/80917a79db40757273686295cf2cd2f8.png
MSI B450M PRO-VDH PLUS,79900,AM4,AMD B450 (AM4),4x DDR4,Micro ATX,DDR4,https://www.solotodo.com/products/59231-msi-b450m-pro-vdh-plus,https://s3.amazonaws.com/solotodo-core/media/cache/eb/6e/eb6e360100239d9a9df68370cfe812b4.png
MSI B360M GAMING PLUS,79900,LGA 1151-v2,Intel B360 (LGA 1151-v2),2x DDR4,Micro ATX,DDR4,https://www.solotodo.com/products/45732-msi-b360m-gaming-plus,https://s3.amazonaws.com/solotodo-core/media/cache/25/fc/25fc59eefe334ed93afe078be3cfa195.png
ASUS PRIME B365M-A,79900,LGA 1151-v2,Intel B365 (LGA 1151-v2),4x DDR4,Micro ATX,DDR4,https://www.solotodo.com/products/70706-asus-prime-b365m-a,https://s3.amazonaws.com/solotodo-core/media/cache/a4/de/a4dead198a1cbd8d6b998c1a67d13cce.png
ASUS PRIME B450M-A,82490,AM4,AMD B450 (AM4),4x DDR4,Micro ATX,DDR4,https://www.solotodo.com/products/51442-asus-prime-b450m-a,https://s3.amazonaws.com/solotodo-core/media/cache/a5/d0/a5d0538132535dc1da5d79f85e940c24.png
ASRock B450M Pro4,84990,AM4,AMD B450 (AM4),4x DDR4,Micro ATX,DDR4,https://www.solotodo.com/products/55417-asrock-b450m-pro4,https://solotodo-core.s3.amazonaws.com/media/cache/4b/9c/4b9c681206223d58a48a9f5bd3562954.png
ASRock H310CM-HDV/M.2,84990,LGA 1151-v2,Intel H310 (LGA 1151-v2),2x DDR4,Micro ATX,DDR4,https://www.solotodo.com/products/70340-asrock-h310cm-hdvm2,https://s3.amazonaws.com/solotodo-core/media/cache/70/65/70659a617a40eecfdf44e5320d4517a5.png
ASUS PRIME B360M-A,82900,LGA 1151-v2,Intel B360 (LGA 1151-v2),4x DDR4,Micro ATX,DDR4,https://www.solotodo.com/products/44212-asus-prime-b360m-a,https://s3.amazonaws.com/solotodo-core/media/cache/c4/f0/c4f0f64fb1a7a5075ed011f47feec9ed.png
ASUS PRIME H270M-PLUS/CSM,82900,LGA 1151,Intel H270 (LGA 1151),4x DDR4,Micro ATX,DDR4,https://www.solotodo.com/products/34667-asus-prime-h270m-pluscsm,https://s3.amazonaws.com/solotodo-core/media/cache/a2/d1/a2d19e29f898d7129de29a312fb2a6d0.png
ASUS PRIME H370M-PLUS/CSM,89900,LGA 1151-v2,Intel H370 (LGA 1151-v2),4x DDR4,Micro ATX,DDR4,https://www.solotodo.com/products/45373-asus-prime-h370m-pluscsm,https://s3.amazonaws.com/solotodo-core/media/cache/ae/00/ae00421d28b3ee0b8ba4b80fd4088bf9.png
MSI B450M PRO-VDH MAX,89990,AM4,AMD B450 MAX (AM4),4x DDR4,Micro ATX,DDR4,https://www.solotodo.com/products/69113-msi-b450m-pro-vdh-max,https://s3.amazonaws.com/solotodo-core/media/cache/dc/9e/dc9e4bc2109990b97c24e894aa02e6ca.png
MSI B360M BAZOOKA,89900,LGA 1151-v2,Intel B360 (LGA 1151-v2),4x DDR4,Micro ATX,DDR4,https://www.solotodo.com/products/43860-msi-b360m-bazooka,https://s3.amazonaws.com/solotodo-core/media/cache/f1/e4/f1e40a5e7597faae517d4803cc7e6bae.png
ASUS PRIME B450M-A/CSM,89900,AM4,AMD B450 (AM4),4x DDR4,Micro ATX,DDR4,https://www.solotodo.com/products/49379-asus-prime-b450m-acsm,https://s3.amazonaws.com/solotodo-core/media/cache/20/74/207442327907b995124b6d4ee57e7787.png
ASUS B150 Pro,89900,LGA 1151,Intel B150 (LGA 1151),4x DDR4,ATX,DDR4,https://www.solotodo.com/products/31287-asus-b150-pro,https://s3.amazonaws.com/solotodo-core/media/cache/e9/9c/e99ca55c261b4c856e1346d6a6be378f.png
Gigabyte B365M DS3H WIFI,93890,LGA 1151-v2,Intel B365 (LGA 1151-v2),4x DDR4,Micro ATX,DDR4,https://www.solotodo.com/products/73072-gigabyte-b365m-ds3h-wifi,https://s3.amazonaws.com/solotodo-core/media/cache/94/c9/94c91bdb324acebb86bc983a23660945.png
MSI B350 PC MATE,94000,AM4,AMD B350 (AM4),4x DDR4,ATX,DDR4,https://www.solotodo.com/products/35140-msi-b350-pc-mate,https://s3.amazonaws.com/solotodo-core/media/cache/28/71/2871726cbd9652c50e057e45cb60c695.png
ASRock B365 Pro4,95000,LGA 1151-v2,Intel B365 (LGA 1151-v2),4x DDR4,ATX,DDR4,https://www.solotodo.com/products/58123-asrock-b365-pro4,https://solotodo-core.s3.amazonaws.com/media/cache/70/0e/700e4e32cc415cb0b5b1d8f80b3748be.png
ASUS TUF B450M-PLUS GAMING,95990,AM4,AMD B450 (AM4),4x DDR4,Micro ATX,DDR4,https://www.solotodo.com/products/49377-asus-tuf-b450m-plus-gaming,https://s3.amazonaws.com/solotodo-core/media/cache/1b/5e/1b5eda27509e1cef69209c70a7cf4634.png
ASRock B450 Pro4,96900,AM4,AMD B450 (AM4),4x DDR4,ATX,DDR4,https://www.solotodo.com/products/56853-asrock-b450-pro4,https://s3.amazonaws.com/solotodo-core/media/cache/14/9f/149feea255e9482d4a8374b8dc917bd7.png
Gigabyte B365 HD3,99950,LGA 1151-v2,Intel B365 (LGA 1151-v2),4x DDR4,ATX,DDR4,https://www.solotodo.com/products/70531-gigabyte-b365-hd3,https://s3.amazonaws.com/solotodo-core/media/cache/da/9d/da9de53ada55673ee35acc083450cbc5.png
Gigabyte B365 M AORUS ELITE,100500,LGA 1151-v2,Intel B365 (LGA 1151-v2),4x DDR4,Micro ATX,DDR4,https://www.solotodo.com/products/69214-gigabyte-b365-m-aorus-elite,https://s3.amazonaws.com/solotodo-core/media/cache/8d/69/8d690789e1a96e17ae6383ea6e5fe4da.png
MSI B150A GAMING PRO,98900,LGA 1151,Intel B150 (LGA 1151),4x DDR4,ATX,DDR4,https://www.solotodo.com/products/22857-msi-b150a-gaming-pro,https://s3.amazonaws.com/solotodo-core/media/cache/74/37/7437e551ceeab18170fceb113b5f6b51.png
ASRock B365M-ITX/ac,102486,LGA 1151-v2,Intel B365 (LGA 1151-v2),2x DDR4,Mini ITX,DDR4,https://www.solotodo.com/products/67234-asrock-b365m-itxac,https://s3.amazonaws.com/solotodo-core/media/cache/39/af/39af1843e0c5a432888df6a88e43b139.png
Gigabyte B450 AORUS M,104386,AM4,AMD B450 (AM4),4x DDR4,Micro ATX,DDR4,https://www.solotodo.com/products/50191-gigabyte-b450-aorus-m,https://s3.amazonaws.com/solotodo-core/media/cache/92/0c/920c5400602254ae80dcf269777f3bde.png
ASUS PRIME B450-PLUS,106990,AM4,AMD B450 (AM4),4x DDR4,ATX,DDR4,https://www.solotodo.com/products/49370-asus-prime-b450-plus,https://s3.amazonaws.com/solotodo-core/media/cache/28/ca/28caa3834725749c64ca63096cbdfca9.png
ASUS PRIME B360-PLUS,104900,LGA 1151-v2,Intel B360 (LGA 1151-v2),4x DDR4,ATX,DDR4,https://www.solotodo.com/products/44215-asus-prime-b360-plus,https://s3.amazonaws.com/solotodo-core/media/cache/6e/ed/6eed8f2e072242286937c5ae3187bce9.png
ASUS TUF B365M-PLUS GAMING,108810,LGA 1151-v2,Intel B365 (LGA 1151-v2),4x DDR4,Micro ATX,DDR4,https://www.solotodo.com/products/69858-asus-tuf-b365m-plus-gaming,https://s3.amazonaws.com/solotodo-core/media/cache/49/be/49be0b4a3a8257646aeace73d6e900a8.png
ASRock Fatal1ty B450 Gaming K4,110405,AM4,AMD B450 (AM4),4x DDR4,ATX,DDR4,https://www.solotodo.com/products/49279-asrock-fatal1ty-b450-gaming-k4,https://s3.amazonaws.com/solotodo-core/media/cache/ff/50/ff5053bbe950c0e58cedfd3ea3ad1f95.png
ASRock Z370 Pro4,109900,LGA 1151-v2,Intel Z370 (LGA 1151-v2),4x DDR4,ATX,DDR4,https://www.solotodo.com/products/41660-asrock-z370-pro4,https://s3.amazonaws.com/solotodo-core/media/cache/87/01/87019a801ef4428db5529bf3ef36f857.png
ASRock X370 Pro4,114990,AM4,AMD X370 (AM4),4x DDR4,ATX,DDR4,https://www.solotodo.com/products/43235-asrock-x370-pro4,https://solotodo-core.s3.amazonaws.com/media/cache/e0/fa/e0fa4ee5e2426b6bdee3ff3299d66474.png
ASUS TUF B360-PLUS GAMING,112900,LGA 1151-v2,Intel B360 (LGA 1151-v2),4x DDR4,ATX,DDR4,https://www.solotodo.com/products/47678-asus-tuf-b360-plus-gaming,https://s3.amazonaws.com/solotodo-core/media/cache/92/a5/92a58c2b1b16499a7967d3907f89f177.png
MSI Z270 PC MATE,112900,LGA 1151,Intel Z270 (LGA 1151),4x DDR4,ATX,DDR4,https://www.solotodo.com/products/33708-msi-z270-pc-mate,https://s3.amazonaws.com/solotodo-core/media/cache/82/60/8260ce906cdc0d99ba574718da83a270.png
ASUS PRIME Z270M-PLUS,114900,LGA 1151,Intel Z270 (LGA 1151),4x DDR4,Micro ATX,DDR4,https://www.solotodo.com/products/37872-asus-prime-z270m-plus,https://s3.amazonaws.com/solotodo-core/media/cache/ef/ce/efce12e91ded061c383277964a98858f.png
MSI H370 GAMING PRO CARBON,114900,LGA 1151-v2,Intel H370 (LGA 1151-v2),4x DDR4,ATX,DDR4,https://www.solotodo.com/products/43864-msi-h370-gaming-pro-carbon,https://s3.amazonaws.com/solotodo-core/media/cache/44/65/44658b391c36917575e7a9df4b54aa9d.png
Gigabyte GA-Z270M-D3H,115900,LGA 1151,Intel Z270 (LGA 1151),4x DDR4,Micro ATX,DDR4,https://www.solotodo.com/products/36032-gigabyte-ga-z270m-d3h,https://s3.amazonaws.com/solotodo-core/media/cache/40/94/4094fc019fa38b337ff46cbb3ed184c5.png
Gigabyte B360 AORUS GAMING 3 WIFI,119900,LGA 1151-v2,Intel B360 (LGA 1151-v2),4x DDR4,ATX,DDR4,https://www.solotodo.com/products/45024-gigabyte-b360-aorus-gaming-3-wifi,https://solotodo-core.s3.amazonaws.com/media/cache/cf/3e/cf3e2fde76f913128239f3ce23b2d7c9.png
ASUS TUF B360M-PLUS GAMING,119990,LGA 1151-v2,Intel B360 (LGA 1151-v2),4x DDR4,Micro ATX,DDR4,https://www.solotodo.com/products/45546-asus-tuf-b360m-plus-gaming,https://s3.amazonaws.com/solotodo-core/media/cache/57/7a/577ac04e810d674c32c228b290599f8a.png
MSI Z270 GAMING M3,117900,LGA 1151,Intel Z270 (LGA 1151),4x DDR4,ATX,DDR4,https://www.solotodo.com/products/32368-msi-z270-gaming-m3,https://s3.amazonaws.com/solotodo-core/media/cache/bf/80/bf808ab3f0e4b56ad4dfc3aabf8efa9a.png
ASUS ROG STRIX B360-H GAMING,118900,LGA 1151-v2,Intel B360 (LGA 1151-v2),4x DDR4,ATX,DDR4,https://www.solotodo.com/products/44658-asus-rog-strix-b360-h-gaming,https://s3.amazonaws.com/solotodo-core/media/cache/14/9b/149b4e099741309974414fe9d92ff641.png
ASUS TUF B365-PLUS GAMING,119900,LGA 1151-v2,Intel B365 (LGA 1151-v2),4x DDR4,ATX,DDR4,https://www.solotodo.com/products/72839-asus-tuf-b365-plus-gaming,https://s3.amazonaws.com/solotodo-core/media/cache/d4/80/d4800f93f2487a2518b84cbaf3ac0ce3.png
ASUS Z170-K,122900,LGA 1151,Intel Z170 (LGA 1151),4x DDR4,ATX,DDR4,https://www.solotodo.com/products/25198-asus-z170-k,https://s3.amazonaws.com/solotodo-core/media/cache/6e/3e/6e3ec12ea5bfa1d66f898c6ff769d6de.png
ASRock Fatal1ty B450 Gaming-ITX/ac,127900,AM4,AMD B450 (AM4),2x DDR4,Mini ITX,DDR4,https://www.solotodo.com/products/49278-asrock-fatal1ty-b450-gaming-itxac,https://s3.amazonaws.com/solotodo-core/media/cache/6f/02/6f026007a17ae594aa85818daf4586de.png
ASUS TUF B450-PLUS GAMING,124900,AM4,AMD B450 (AM4),4x DDR4,ATX,DDR4,https://www.solotodo.com/products/50451-asus-tuf-b450-plus-gaming,https://s3.amazonaws.com/solotodo-core/media/cache/bb/82/bb8260a709d4ef3f7a7f9834628f67cf.png
MSI B450 TOMAHAWK,124900,AM4,AMD B450 (AM4),4x DDR4,ATX,DDR4,https://www.solotodo.com/products/50189-msi-b450-tomahawk,https://s3.amazonaws.com/solotodo-core/media/cache/d9/27/d92741f8674d391e3e8c6534c8670c67.png
MSI Z270 KRAIT GAMING,125900,LGA 1151,Intel Z270 (LGA 1151),4x DDR4,ATX,DDR4,https://www.solotodo.com/products/32135-msi-z270-krait-gaming,https://s3.amazonaws.com/solotodo-core/media/cache/76/76/767622c4076abbc0c4d409acaa47b88c.png
ASRock Z390M Pro4,130578,LGA 1151-v2,Intel Z390 (LGA 1151-v2),4x DDR4,Micro ATX,DDR4,https://www.solotodo.com/products/52310-asrock-z390m-pro4,https://s3.amazonaws.com/solotodo-core/media/cache/27/f3/27f35a4b0ea49e3871befbf0cfa096f8.png
MSI Z390-A PRO,127900,LGA 1151-v2,Intel Z390 (LGA 1151-v2),4x DDR4,ATX,DDR4,https://www.solotodo.com/products/52308-msi-z390-a-pro,https://s3.amazonaws.com/solotodo-core/media/cache/da/b4/dab4c7132eb736e5eb35b65d25f111a1.png
Gigabyte Z390 D,131900,LGA 1151-v2,Intel Z390 (LGA 1151-v2),4x DDR4,ATX,DDR4,https://www.solotodo.com/products/71805-gigabyte-z390-d,https://s3.amazonaws.com/solotodo-core/media/cache/1e/01/1e01200e3b7b2a016c8513c57322a22d.png
ASRock Z390 Phantom Gaming 4S,132886,LGA 1151-v2,Intel Z390 (LGA 1151-v2),4x DDR4,ATX,DDR4,https://www.solotodo.com/products/62116-asrock-z390-phantom-gaming-4s,https://s3.amazonaws.com/solotodo-core/media/cache/16/0f/160f0c47528a7f72aef209fedbd3070b.png
ASRock Z390 Pro4,129900,LGA 1151-v2,Intel Z390 (LGA 1151-v2),4x DDR4,ATX,DDR4,https://www.solotodo.com/products/53905-asrock-z390-pro4,https://s3.amazonaws.com/solotodo-core/media/cache/b1/83/b1832141141f44347a607292562dc896.png
MSI Z270 GAMING M5,129900,LGA 1151,Intel Z270 (LGA 1151),4x DDR4,ATX,DDR4,https://www.solotodo.com/products/31105-msi-z270-gaming-m5,https://s3.amazonaws.com/solotodo-core/media/cache/09/e9/09e9e4da293c47a30f96ee33124b8f05.png
Gigabyte B450 AORUS PRO WIFI,134990,AM4,AMD B450 (AM4),4x DDR4,ATX,DDR4,https://www.solotodo.com/products/49375-gigabyte-b450-aorus-pro-wifi,https://s3.amazonaws.com/solotodo-core/media/cache/74/21/74214e21ff8cdb09db93fe020dcdd77c.png
ASUS ROG STRIX B450-F GAMING,135990,AM4,AMD B450 (AM4),4x DDR4,ATX,DDR4,https://www.solotodo.com/products/49372-asus-rog-strix-b450-f-gaming,https://s3.amazonaws.com/solotodo-core/media/cache/57/9b/579b0a5ef31b2abce0e9ded186496751.png
Gigabyte GA-Z170-GAMING K3,137000,LGA 1151,Intel Z170 (LGA 1151),4x DDR4,ATX,DDR4,https://www.solotodo.com/products/26762-gigabyte-ga-z170-gaming-k3-rev-10,https://s3.amazonaws.com/solotodo-core/media/cache/7a/31/7a31ddb09ae3423b479aa9ce964ca70a.png
ASUS ROG STRIX B365-F GAMING,134900,LGA 1151-v2,Intel B365 (LGA 1151-v2),4x DDR4,ATX,DDR4,https://www.solotodo.com/products/71967-asus-rog-strix-b365-f-gaming,https://s3.amazonaws.com/solotodo-core/media/cache/f6/11/f61138604036a5bd5e19064c0e5d2637.png
ASUS PRIME Z390-P,138990,LGA 1151-v2,Intel Z390 (LGA 1151-v2),4x DDR4,ATX,DDR4,https://www.solotodo.com/products/58292-asus-prime-z390-p,https://s3.amazonaws.com/solotodo-core/media/cache/82/46/824664a47216e0fff4826d96e565ba59.png
MSI MPG Z390 GAMING PLUS,143990,LGA 1151-v2,Intel Z390 (LGA 1151-v2),4x DDR4,ATX,DDR4,https://www.solotodo.com/products/52307-msi-mpg-z390-gaming-plus,https://s3.amazonaws.com/solotodo-core/media/cache/7b/c2/7bc2692400ed9bd9c29c83caf10a4406.png
Gigabyte Z390 UD,144799,LGA 1151-v2,Intel Z390 (LGA 1151-v2),4x DDR4,ATX,DDR4,https://www.solotodo.com/products/52309-gigabyte-z390-ud,https://s3.amazonaws.com/solotodo-core/media/cache/95/06/9506c2a0462bc0313a42fc56ed741c5f.png
ASUS TUF X470-PLUS GAMING,144990,AM4,AMD X470 (AM4),4x DDR4,ATX,DDR4,https://www.solotodo.com/products/46581-asus-tuf-x470-plus-gaming,https://s3.amazonaws.com/solotodo-core/media/cache/15/5e/155efa7f2e26588861464649d9a94ca3.png
Gigabyte Z390 M GAMING,153890,LGA 1151-v2,Intel Z390 (LGA 1151-v2),4x DDR4,Micro ATX,DDR4,https://www.solotodo.com/products/60147-gigabyte-z390-m-gaming,https://s3.amazonaws.com/solotodo-core/media/cache/c0/07/c007fb158634169dbb03f81767a57e15.png
ASUS Maximus VIII Ranger,149900,LGA 1151,Intel Z170 (LGA 1151),4x DDR4,ATX,DDR4,https://www.solotodo.com/products/25191-asus-maximus-viii-ranger,https://s3.amazonaws.com/solotodo-core/media/cache/3f/3e/3f3e0dc82ad9350ad501745eb46c5ad1.png
ASRock Z390 Phantom Gaming 6,155900,LGA 1151-v2,Intel Z390 (LGA 1151-v2),4x DDR4,ATX,DDR4,https://www.solotodo.com/products/53324-asrock-z390-phantom-gaming-6,https://s3.amazonaws.com/solotodo-core/media/cache/34/c0/34c0e5c27a94ca905ce747cc22bfde35.png
ASRock Z390 Steel Legend,163500,LGA 1151-v2,Intel Z390 (LGA 1151-v2),4x DDR4,ATX,DDR4,https://www.solotodo.com/products/73245-asrock-z390-steel-legend,https://solotodo-core.s3.amazonaws.com/media/cache/65/95/6595ecd3e2e01f9dde4dcd98e1d9a5a9.png
Gigabyte GA-Z270N-GAMING 5,159900,LGA 1151,Intel Z270 (LGA 1151),2x DDR4,Mini ITX,DDR4,https://www.solotodo.com/products/38181-gigabyte-ga-z270n-gaming-5,https://s3.amazonaws.com/solotodo-core/media/cache/0f/94/0f9489665c533fe98a0b91b0392b45e1.png
ASUS TUF Z390-PLUS GAMING,169900,LGA 1151-v2,Intel Z390 (LGA 1151-v2),4x DDR4,ATX,DDR4,https://www.solotodo.com/products/52304-asus-tuf-z390-plus-gaming-wi-fi,https://s3.amazonaws.com/solotodo-core/media/cache/d4/2d/d42dea562a5fd4bbb082b5ee51cfbe8c.png
ASRock X570 Phantom Gaming 4,166900,AM4,AMD X570 (AM4),4x DDR4,ATX,DDR4,https://www.solotodo.com/products/64741-asrock-x570-phantom-gaming-4,https://s3.amazonaws.com/solotodo-core/media/cache/68/fe/68fe0f1d8c36b4cc6ba619ec4852965c.png
ASUS PRIME Z390-A,171990,LGA 1151-v2,Intel Z390 (LGA 1151-v2),4x DDR4,ATX,DDR4,https://www.solotodo.com/products/53325-asus-prime-z390-a,https://s3.amazonaws.com/solotodo-core/media/cache/a7/89/a789731bcac8511d523748a40f051dbe.png
ASUS TUF Z390M-PRO GAMING,169900,LGA 1151-v2,Intel Z390 (LGA 1151-v2),4x DDR4,Micro ATX,DDR4,https://www.solotodo.com/products/53664-asus-tuf-z390m-pro-gaming-wi-fi,https://s3.amazonaws.com/solotodo-core/media/cache/6b/72/6b72e3fb8116ed9f36582090015287fd.png
ASUS TUF Z370-PLUS GAMING,174990,LGA 1151-v2,Intel Z370 (LGA 1151-v2),4x DDR4,ATX,DDR4,https://www.solotodo.com/products/40161-asus-tuf-z370-plus-gaming,https://s3.amazonaws.com/solotodo-core/media/cache/9f/44/9f4467ef25655c58f3d6a9867bf1c8b8.png
ASUS PRIME X570-P,174990,AM4,AMD X570 (AM4),4x DDR4,ATX,DDR4,https://www.solotodo.com/products/63606-asus-prime-x570-p,https://s3.amazonaws.com/solotodo-core/media/cache/b3/68/b368687e5449e59c7a10d4392d488bbc.png
MSI MAG Z390 TOMAHAWK,170900,LGA 1151-v2,Intel Z390 (LGA 1151-v2),4x DDR4,ATX,DDR4,https://www.solotodo.com/products/52305-msi-mag-z390-tomahawk,https://s3.amazonaws.com/solotodo-core/media/cache/6c/75/6c75da015edb739ba63e32488a73cc8a.png
ASUS TUF Z390-PRO GAMING,176900,LGA 1151-v2,Intel Z390 (LGA 1151-v2),4x DDR4,ATX,DDR4,https://www.solotodo.com/products/53663-asus-tuf-z390-pro-gaming,https://s3.amazonaws.com/solotodo-core/media/cache/34/b9/34b91e3512957bca347b0fcce204a168.png
MSI X570-A PRO,174900,AM4,AMD X570 (AM4),4x DDR4,ATX,DDR4,https://www.solotodo.com/products/65055-msi-x570-a-pro,https://s3.amazonaws.com/solotodo-core/media/cache/3c/96/3c966b8c9d2825b8ebc0895baa2c2420.png
ASRock X570 Phantom Gaming 4 WiFi ax,179990,AM4,AMD X570 (AM4),4x DDR4,ATX,DDR4,https://www.solotodo.com/products/64587-asrock-x570-phantom-gaming-4-wifi-ax,https://s3.amazonaws.com/solotodo-core/media/cache/96/a8/96a89da9ad037b22fff61e193c5f81e5.png
ASUS TUF Z370-PLUS GAMING II,179990,LGA 1151-v2,Intel Z370 (LGA 1151-v2),4x DDR4,ATX,DDR4,https://www.solotodo.com/products/55227-asus-tuf-z370-plus-gaming-ii,https://s3.amazonaws.com/solotodo-core/media/cache/c4/27/c427a511fe58594198c0f5060eb35e06.png
ASRock Fatal1ty Z370 Gaming-ITX/ac,179900,LGA 1151-v2,Intel Z370 (LGA 1151-v2),2x DDR4,Mini ITX,DDR4,https://www.solotodo.com/products/42207-asrock-fatal1ty-z370-gaming-itxac,https://s3.amazonaws.com/solotodo-core/media/cache/ca/7f/ca7f7520ddc2851826539e5673b6476e.png
ASUS ROG STRIX Z390-H GAMING,179900,LGA 1151-v2,Intel Z390 (LGA 1151-v2),4x DDR4,ATX,DDR4,https://www.solotodo.com/products/52285-asus-rog-strix-z390-h-gaming,https://s3.amazonaws.com/solotodo-core/media/cache/d7/82/d7822eed0e065a74663fa3f5147ebf2f.png
Gigabyte GA-Z270X-UD5,180900,LGA 1151,Intel Z270 (LGA 1151),4x DDR4,ATX,DDR4,https://www.solotodo.com/products/38174-gigabyte-ga-z270x-ud5,https://solotodo-core.s3.amazonaws.com/media/cache/a0/ec/a0ecffb307cd9b355ce26b91ab0153da.png
ASRock X570 Pro4,187500,AM4,AMD X570 (AM4),4x DDR4,ATX,DDR4,https://www.solotodo.com/products/64588-asrock-x570-pro4,https://s3.amazonaws.com/solotodo-core/media/cache/07/67/0767637a6d2104a2bf9473173f20b0df.png
MSI MPG X570 GAMING PLUS,188900,AM4,AMD X570 (AM4),4x DDR4,ATX,DDR4,https://www.solotodo.com/products/63831-msi-mpg-x570-gaming-plus,https://s3.amazonaws.com/solotodo-core/media/cache/2a/d3/2ad3b827f64c41b004a3e3b54407b73b.png
Gigabyte X570 UD,189900,AM4,AMD X570 (AM4),4x DDR4,ATX,DDR4,https://www.solotodo.com/products/67586-gigabyte-x570-ud,https://s3.amazonaws.com/solotodo-core/media/cache/cb/7a/cb7aceecb478af89ca8ab4fe1e82a34d.png
MSI MPG Z390 GAMING PRO CARBON,187900,LGA 1151-v2,Intel Z390 (LGA 1151-v2),4x DDR4,ATX,DDR4,https://www.solotodo.com/products/54273-msi-mpg-z390-gaming-pro-carbon,https://s3.amazonaws.com/solotodo-core/media/cache/3c/8c/3c8cbb3cfdc9bbf60dbd7358fa34481b.png
ASUS ROG STRIX Z390-I GAMING,189900,LGA 1151-v2,Intel Z390 (LGA 1151-v2),2x DDR4,Mini ITX,DDR4,https://www.solotodo.com/products/54292-asus-rog-strix-z390-i-gaming,https://s3.amazonaws.com/solotodo-core/media/cache/74/39/74390ffbc57c54956a8701739320c3b4.png
MSI Z170A XPOWER GAMING TITANIUM EDITION,199900,LGA 1151,Intel Z170 (LGA 1151),4x DDR4,ATX,DDR4,https://www.solotodo.com/products/25201-msi-z170a-xpower-gaming-titanium-edition,https://s3.amazonaws.com/solotodo-core/media/cache/bb/fa/bbfa55ad24305d233535913775d95f7f.png
ASUS TUF GAMING X570-PLUS,219488,AM4,AMD X570 (AM4),4x DDR4,ATX,DDR4,https://www.solotodo.com/products/65225-asus-tuf-gaming-x570-plus,https://s3.amazonaws.com/solotodo-core/media/cache/38/56/3856c20b6bab8a09fa96d79f0654da80.png
ASUS ROG Maximus VIII Hero Alpha,199900,LGA 1151,Intel Z170 (LGA 1151),4x DDR4,ATX,DDR4,https://www.solotodo.com/products/30394-asus-rog-maximus-viii-hero-alpha,https://s3.amazonaws.com/solotodo-core/media/cache/75/b5/75b5e1c64ca1750f13c163877aa7a986.png
Gigabyte Z390 AORUS ELITE,209760,LGA 1151-v2,Intel Z390 (LGA 1151-v2),4x DDR4,ATX,DDR4,https://www.solotodo.com/products/52501-gigabyte-z390-aorus-elite,https://s3.amazonaws.com/solotodo-core/media/cache/68/38/68388b5a851ff3862cb78c21ab6eea58.png
Gigabyte Z390 DESIGNARE,211736,LGA 1151-v2,Intel Z390 (LGA 1151-v2),4x DDR4,ATX,DDR4,https://www.solotodo.com/products/53904-gigabyte-z390-designare,https://s3.amazonaws.com/solotodo-core/media/cache/1c/15/1c151a9c4613cdd117e37f2b9807cd13.png
ASRock X570 Steel Legend,209900,AM4,AMD X570 (AM4),4x DDR4,ATX,DDR4,https://www.solotodo.com/products/64092-asrock-x570-steel-legend,https://s3.amazonaws.com/solotodo-core/media/cache/83/92/83926fbd7a69b669a805ad97e5ed2a40.png
ASRock X570M Pro4,216173,AM4,AMD X570 (AM4),4x DDR4,ATX,DDR4,https://www.solotodo.com/products/76872-asrock-x570m-pro4,https://s3.amazonaws.com/solotodo-core/media/cache/44/04/4404eff59b1267d7f2ac78c63c95e677.png
ASUS Maximus VIII Gene,210900,LGA 1151,Intel Z170 (LGA 1151),4x DDR4,Micro ATX,DDR4,https://www.solotodo.com/products/22547-asus-maximus-viii-gene,https://s3.amazonaws.com/solotodo-core/media/cache/89/27/892791506bbe19edaaa3df6215f1fb4d.png
ASRock X570 Steel Legend WiFi ax,219900,AM4,AMD X570 (AM4),4x DDR4,ATX,DDR4,https://www.solotodo.com/products/64854-asrock-x570-steel-legend-wifi-ax,https://solotodo-core.s3.amazonaws.com/media/cache/66/c0/66c0aca9e48d877d2e5b0cef9d4948cf.png
ASUS TUF X299 MARK 2,224990,LGA 2066,Intel X299 (LGA 2066),8x DDR4,ATX,DDR4,https://www.solotodo.com/products/39530-asus-tuf-x299-mark-2-90mb0ub0-m0aay0,https://s3.amazonaws.com/solotodo-core/media/cache/fb/8c/fb8cb743d4b0cadb36df503d3402b322.png
MSI X299 TOMAHAWK,234990,LGA 2066,Intel X299 (LGA 2066),8x DDR4,ATX,DDR4,https://www.solotodo.com/products/37874-msi-x299-tomahawk,https://s3.amazonaws.com/solotodo-core/media/cache/55/62/5562a2d4a7965ac69c529163714e8342.png
MSI MPG X570 GAMING EDGE WIFI,237396,AM4,AMD X570 (AM4),4x DDR4,ATX,DDR4,https://www.solotodo.com/products/63830-msi-mpg-x570-gaming-edge-wifi,https://solotodo-core.s3.amazonaws.com/media/cache/6e/d1/6ed1aa4a4f23079a866e96273dc4eff7.png
Gigabyte X570 AORUS ELITE,239900,AM4,AMD X570 (AM4),4x DDR4,ATX,DDR4,https://www.solotodo.com/products/65454-gigabyte-x570-aorus-elite,https://s3.amazonaws.com/solotodo-core/media/cache/3f/48/3f48593a9d2f16caa4d24419cf1adebf.png
Gigabyte Z390 AORUS ULTRA,259900,LGA 1151-v2,Intel Z390 (LGA 1151-v2),4x DDR4,ATX,DDR4,https://www.solotodo.com/products/52298-gigabyte-z390-aorus-ultra,https://s3.amazonaws.com/solotodo-core/media/cache/0e/4b/0e4b366374c60eb26f4137fdada7830e.png
MSI X370 XPOWER GAMING TITANIUM,255900,AM4,AMD X370 (AM4),4x DDR4,ATX,DDR4,https://www.solotodo.com/products/35065-msi-x370-xpower-gaming-titanium,https://s3.amazonaws.com/solotodo-core/media/cache/b0/4a/b04a5edb6bde01f5a33c23e53751befd.png
MSI MEG Z390 ACE,275390,LGA 1151-v2,Intel Z390 (LGA 1151-v2),4x DDR4,ATX,DDR4,https://www.solotodo.com/products/52297-msi-meg-z390-ace,https://s3.amazonaws.com/solotodo-core/media/cache/38/0f/380f01e2f25d5b53a7d1ff58eb0825e8.png
ASUS ROG STRIX Z390-E GAMING,273900,LGA 1151-v2,Intel Z390 (LGA 1151-v2),4x DDR4,ATX,DDR4,https://www.solotodo.com/products/52834-asus-rog-strix-z390-e-gaming,https://s3.amazonaws.com/solotodo-core/media/cache/3e/6c/3e6cc187d36cde416fd047efd5a73bdb.png
ASRock Fatal1ty Z370 Professional Gaming i7,269900,LGA 1151-v2,Intel Z370 (LGA 1151-v2),4x DDR4,ATX,DDR4,https://www.solotodo.com/products/41658-asrock-fatal1ty-z370-professional-gaming-i7,https://s3.amazonaws.com/solotodo-core/media/cache/87/4f/874f272c5aaf6e2d48af506c5e351730.png
MSI MPG X570 GAMING PRO CARBON WIFI,276900,AM4,AMD X570 (AM4),4x DDR4,ATX,DDR4,https://www.solotodo.com/products/64853-msi-mpg-x570-gaming-pro-carbon-wifi,https://s3.amazonaws.com/solotodo-core/media/cache/99/b0/99b08568fb520863830ebb0484a1f6c1.png
ASUS Z170-DELUXE,279900,LGA 1151,Intel Z170 (LGA 1151),4x DDR4,ATX,DDR4,https://www.solotodo.com/products/26179-asus-z170-deluxe,https://s3.amazonaws.com/solotodo-core/media/cache/fe/83/fe83ee11a8e6c9002f0cbebf1dbfbdba.png
ASUS ROG STRIX X299-E GAMING,299990,LGA 2066,Intel X299 (LGA 2066),8x DDR4,ATX,DDR4,https://www.solotodo.com/products/39531-asus-rog-strix-x299-e-gaming-90mb0u50-m0aay0,https://s3.amazonaws.com/solotodo-core/media/cache/3d/3d/3d3daa1543ad9f73269f01fb487d59ef.png
ASUS PRIME X399-A,305490,TR4,AMD X399 (TR4),8x DDR4,ATX,DDR4,https://www.solotodo.com/products/40666-asus-prime-x399-a,https://s3.amazonaws.com/solotodo-core/media/cache/61/f6/61f661ea3099956308ad41c79da4a938.png
ASUS ROG Maximus XI Hero,306900,LGA 1151-v2,Intel Z390 (LGA 1151-v2),4x DDR4,ATX,DDR4,https://www.solotodo.com/products/55419-asus-rog-maximus-xi-hero-wi-fi,https://s3.amazonaws.com/solotodo-core/media/cache/21/a1/21a10dfbab3a9ce090f919eec5773508.png
ASUS ROG Strix X570-F Gaming,312900,AM4,AMD X570 (AM4),4x DDR4,ATX,DDR4,https://www.solotodo.com/products/66877-asus-rog-strix-x570-f-gaming,https://s3.amazonaws.com/solotodo-core/media/cache/7b/60/7b60684e9cd808a66bc4a73a25eb94c4.png
ASRock X570 Taichi,318900,AM4,AMD X570 (AM4),4x DDR4,ATX,DDR4,https://www.solotodo.com/products/65128-asrock-x570-taichi,https://s3.amazonaws.com/solotodo-core/media/cache/f1/c3/f1c36a26778c5f271d7b63e01e6ca2cb.png
ASUS ROG Maximus XI CODE,339900,LGA 1151-v2,Intel Z390 (LGA 1151-v2),4x DDR4,ATX,DDR4,https://www.solotodo.com/products/71929-asus-rog-maximus-xi-code,https://s3.amazonaws.com/solotodo-core/media/cache/11/b2/11b2d588fe0573fb204a6d5c6a6fa37e.png
Gigabyte Z390 AORUS MASTER,358900,LGA 1151-v2,Intel Z390 (LGA 1151-v2),4x DDR4,ATX,DDR4,https://www.solotodo.com/products/58702-gigabyte-z390-aorus-master,https://s3.amazonaws.com/solotodo-core/media/cache/72/52/72525cf087ed9a232235b59394ba6299.png
MSI MEG X570 ACE,359990,AM4,AMD X570 (AM4),4x DDR4,ATX,DDR4,https://www.solotodo.com/products/66157-msi-meg-x570-ace,https://s3.amazonaws.com/solotodo-core/media/cache/44/57/4457d4b5fdafda64d5ee4a9231e756df.png
ASUS ROG Crosshair VIII Hero,398886,AM4,AMD X570 (AM4),4x DDR4,ATX,DDR4,https://www.solotodo.com/products/64091-asus-rog-crosshair-viii-hero-wi-fi,https://s3.amazonaws.com/solotodo-core/media/cache/f7/98/f798d36821e498d3156e1b06cc68635f.png
ASUS ROG Maximus XI Formula,419900,LGA 1151-v2,Intel Z370 (LGA 1151-v2),4x DDR4,ATX,DDR4,https://www.solotodo.com/products/53902-asus-rog-maximus-xi-formula,https://s3.amazonaws.com/solotodo-core/media/cache/05/e6/05e679f7f6445aac1abc0268db0c6b0c.png
ASUS ROG MAXIMUS XI GENE,459000,LGA 1151-v2,Intel Z370 (LGA 1151-v2),2x DDR4,Micro ATX,DDR4,https://www.solotodo.com/products/71253-asus-rog-maximus-xi-gene,https://solotodo-core.s3.amazonaws.com/media/cache/b3/8d/b38d9e97625ffeac87a67f044beb8da9.png
Gigabyte TRX40 AORUS PRO WIFI,465339,sTRX4,AMD TRX40 (sTRX4),8x DDR4,ATX,DDR4,https://www.solotodo.com/products/70528-gigabyte-trx40-aorus-pro-wifi,https://s3.amazonaws.com/solotodo-core/media/cache/03/fd/03fdc338047b4e433999da0d987fd240.png
ASUS ROG Crosshair VIII Impact,499990,AM4,AMD X570 (AM4),2x DDR4,Mini DTX,DDR4,https://www.solotodo.com/products/71254-asus-rog-crosshair-viii-impact,https://s3.amazonaws.com/solotodo-core/media/cache/c1/ef/c1ef9c572ce487c7e4b1c988295646e2.png
MSI TRX40 PRO WIFI,522490,sTRX4,AMD TRX40 (sTRX4),8x DDR4,ATX,DDR4,https://www.solotodo.com/products/76241-msi-trx40-pro-wifi,https://s3.amazonaws.com/solotodo-core/media/cache/f6/1b/f61b13c089e26ee7924c934ba4c0101f.png
MSI MEG X570 GODLIKE,679990,AM4,AMD X570 (AM4),4x DDR4,Extended ATX,DDR4,https://www.solotodo.com/products/66155-msi-meg-x570-godlike,https://s3.amazonaws.com/solotodo-core/media/cache/1e/dd/1edd4d2d7499c54bd45aa5fdd0781fdf.png
