nombre,precio,capacidad,tipo,frecuencia,formato,voltaje,link,imagen
Corsair VS1GB667D2 (1 x 1GB | DIMM DDR2-667),9490,1 x 1GB,DDR2,667 MHz,DIMM,1.90 V,https://www.solotodo.com/products/4425-corsair-vs1gb667d2-1-x-1gb-dimm-ddr2-667,https://s3.amazonaws.com/solotodo-core/media/cache/aa/20/aa20b8a0b51da079d43f0523366ccfa0.png
Kingston KVR533D2N5/512M (1 x 512MB | DIMM DDR2-533),9900,1 x 512MB,DDR2,533 MHz,DIMM,1.80 V,https://www.solotodo.com/products/4314-kingston-kvr533d2n5512m-1-x-512mb-dimm-ddr2-533,https://s3.amazonaws.com/solotodo-core/media/cache/47/0b/470b469020f702ba6679415f7993e9cf.png
Kingston KVR16N11S6/2 (1 x 2GB | DIMM DDR3-1600),10336,1 x 2GB,DDR3,1600 MHz,DIMM,1.50 V,https://www.solotodo.com/products/15313-kingston-kvr16n11s62-1-x-2gb-dimm-ddr3-1600,https://s3.amazonaws.com/solotodo-core/media/cache/fc/b2/fcb22bd50ffedb1c7d0721a1b0317ec5.png
ELPIDA D3LD2G16BK (1 x 2GB | DIMM DDR3-1600),11990,1 x 2GB,DDR3,1600 MHz,DIMM,1.50 V,https://www.solotodo.com/products/75707-elpida-d3ld2g16bk-1-x-2gb-dimm-ddr3-1600,https://s3.amazonaws.com/solotodo-core/media/cache/4b/e6/4be628f35b3b563ab134cc2df8889cb7.png
Corsair CM3X2GSD1066 (1 x 2GB | SO-DIMM DDR3-1066),11990,1 x 2GB,DDR3,1066 MHz,SO-DIMM,1.50 V,https://www.solotodo.com/products/5605-corsair-cm3x2gsd1066-1-x-2gb-so-dimm-ddr3-1066,https://s3.amazonaws.com/solotodo-core/media/cache/d0/06/d0064dcc7c7bc9e294cd1f5c9d256f03.png
Crucial CT25664BF160B (1 x 2GB | SO-DIMM DDR3-1600),12990,1 x 2GB,DDR3,1600 MHz,SO-DIMM,1.35 V,https://www.solotodo.com/products/14933-crucial-ct25664bf160b-1-x-2gb-so-dimm-ddr3-1600,https://s3.amazonaws.com/solotodo-core/media/cache/cc/eb/ccebdd7f81811cbfbc3d87d7871d96ce.png
Corsair CMSO2GX3M1A1333C9 (1 x 2GB | SO-DIMM DDR3-1333),12990,1 x 2GB,DDR3,1333 MHz,SO-DIMM,1.50 V,https://www.solotodo.com/products/4421-corsair-cmso2gx3m1a1333c9-1-x-2gb-so-dimm-ddr3-1333,https://s3.amazonaws.com/solotodo-core/media/cache/99/9f/999fa0f2bd420e5c5c70b18f398c5c4b.png
G.Skill (1 x 2GB | DIMM DDR2-800),14490,1 x 2GB,DDR2,800 MHz,DIMM,1.80 V,https://www.solotodo.com/products/7419-gskill-1-x-2gb-dimm-ddr2-800,https://s3.amazonaws.com/solotodo-core/media/cache/8d/7c/8d7cb759a15988607e3e6a5932f79116.png
Crucial CT25664BD160B (1 x 2GB | DIMM DDR3-1600),14592,1 x 2GB,DDR3,1600 MHz,DIMM,1.35 V,https://www.solotodo.com/products/28140-crucial-ct25664bd160b-1-x-2gb-dimm-ddr3-1600,https://s3.amazonaws.com/solotodo-core/media/cache/fa/09/fa09aea7873bbdecd4a41c8d0963065d.png
Team TED32G1333C901 (1 x 2GB | DIMM DDR3-1333),14990,1 x 2GB,DDR3,1333 MHz,DIMM,1.50 V,https://www.solotodo.com/products/36149-team-ted32g1333c901-1-x-2gb-dimm-ddr3-1333,https://s3.amazonaws.com/solotodo-core/media/cache/fa/ba/fabac33b810960222da143613f63aaa9.png
Corsair CMSO4GX3M1C1600C11 (1 x 4GB | SO-DIMM DDR3-1600),15990,1 x 4GB,DDR3,1600 MHz,SO-DIMM,1.35 V,https://www.solotodo.com/products/31341-corsair-cmso4gx3m1c1600c11-1-x-4gb-so-dimm-ddr3-1600,https://s3.amazonaws.com/solotodo-core/media/cache/58/4c/584c35d807229ebb0f1dfb4835558fdb.png
SuperTalent (1 x 512MB | DIMM DDR-400),16900,1 x 512MB,DDR,400 MHz,DIMM,2.50 V,https://www.solotodo.com/products/4317-supertalent-1-x-512mb-dimm-ddr-400,https://solotodo-core.s3.amazonaws.com/media/cache/c3/20/c32069d8ed59ff3aad13a6b5fa6e0361.png
Crucial CT4G4DFS8266 (1 x 4GB | DIMM DDR4-2666),17900,1 x 4GB,DDR4,2666 MHz,DIMM,1.20 V,https://www.solotodo.com/products/52909-crucial-ct4g4dfs8266-1-x-4gb-dimm-ddr4-2666,https://s3.amazonaws.com/solotodo-core/media/cache/db/bf/dbbf19f4d414945ee7a99baa965e3a5d.png
A-DATA AD4U2666W4G19-S (1 x 4GB | DIMM DDR4-2666),17900,1 x 4GB,DDR4,2666 MHz,DIMM,1.20 V,https://www.solotodo.com/products/67443-a-data-ad4u2666w4g19-s-1-x-4gb-dimm-ddr4-2666,https://s3.amazonaws.com/solotodo-core/media/cache/88/fe/88feb5042fc46f94fb77e60be0edc356.png
Team TED32G1333C9-S01 (1 x 2GB | SO-DIMM DDR3-1333),17990,1 x 2GB,DDR3,1333 MHz,SO-DIMM,1.50 V,https://www.solotodo.com/products/36148-team-ted32g1333c9-s01-1-x-2gb-so-dimm-ddr3-1333,https://solotodo-core.s3.amazonaws.com/media/cache/4b/8c/4b8ce71f2976f29eab5d5c531b3bbcf5.png
Kingston KVR26N19S6/4 (1 x 4GB | DIMM DDR4-2666),18700,1 x 4GB,DDR4,2666 MHz,DIMM,1.20 V,https://www.solotodo.com/products/48625-kingston-kvr26n19s64-1-x-4gb-dimm-ddr4-2666,https://s3.amazonaws.com/solotodo-core/media/cache/79/50/795022b1c4862d7ba19b393f69463ea2.png
Kingston KVR24N17S6/4 (1 x 4GB | DIMM DDR4-2400),18880,1 x 4GB,DDR4,2400 MHz,DIMM,1.20 V,https://www.solotodo.com/products/42101-kingston-kvr24n17s64-1-x-4gb-dimm-ddr4-2400,https://s3.amazonaws.com/solotodo-core/media/cache/61/47/614718e59da51348c49cbcdb471e6301.png
SuperTalent (1 x 512MB | DIMM DDR-266),18900,1 x 512MB,DDR,266 MHz,DIMM,2.50 V,https://www.solotodo.com/products/4319-supertalent-1-x-512mb-dimm-ddr-266,https://s3.amazonaws.com/solotodo-core/media/cache/c3/20/c32069d8ed59ff3aad13a6b5fa6e0361.png
Kingston KVR16LN11/4 (1 x 4GB | DIMM DDR3-1600),18900,1 x 4GB,DDR3,1600 MHz,DIMM,1.35 V,https://www.solotodo.com/products/20266-kingston-kvr16ln114-1-x-4gb-dimm-ddr3-1600,https://s3.amazonaws.com/solotodo-core/media/cache/e5/76/e576a52ebe1a10bb23e6403f80caa3dd.png
Crucial CT4G4DFS824A (1 x 4GB | DIMM DDR4-2400),18900,1 x 4GB,DDR4,2400 MHz,DIMM,1.20 V,https://www.solotodo.com/products/34619-crucial-ct4g4dfs824a-1-x-4gb-dimm-ddr4-2400,https://s3.amazonaws.com/solotodo-core/media/cache/10/1e/101ec72b45cd5dcc40e298c6d1c56570.png
Kingston KCP3L16NS8/4 (1 x 4GB | DIMM DDR3-1600),18990,1 x 4GB,DDR3,1600 MHz,DIMM,1.35 V,https://www.solotodo.com/products/24617-kingston-kcp3l16ns84-1-x-4gb-dimm-ddr3-1600,https://s3.amazonaws.com/solotodo-core/media/cache/51/d6/51d6c50c681e084152f38667fa471fa8.png
Kingston KCP426NS6/4 (1 x 4GB | DIMM DDR4-2400),19980,1 x 4GB,DDR4,2400 MHz,DIMM,1.20 V,https://www.solotodo.com/products/48626-kingston-kcp426ns64-1-x-4gb-dimm-ddr4-2400,https://s3.amazonaws.com/solotodo-core/media/cache/3d/1c/3d1c53f32e121aae9dd232d080a74354.png
Corsair Vengeance CMSX4GX4M1A2400C16 (1 x 4GB | SO-DIMM DDR4-2400),19990,1 x 4GB,DDR4,2400 MHz,SO-DIMM,1.20 V,https://www.solotodo.com/products/49773-corsair-vengeance-cmsx4gx4m1a2400c16-1-x-4gb-so-dimm-ddr4-2400,https://solotodo-core.s3.amazonaws.com/media/cache/96/6c/966c916157e6d5919fee6f3c06eb734c.png
A-DATA AD4S2400J4G17-S (1 x 4GB | SO-DIMM DDR4-2400),19990,1 x 4GB,DDR4,2400 MHz,SO-DIMM,1.20 V,https://www.solotodo.com/products/40922-a-data-ad4s2400j4g17-s-1-x-4gb-so-dimm-ddr4-2400,https://s3.amazonaws.com/solotodo-core/media/cache/59/5e/595edc91bc6063e3bb5ed2d7cff3b5a0.png
Crucial CT51264BF160BJ (1 x 4GB | SO-DIMM DDR3-1600),20064,1 x 4GB,DDR3,1600 MHz,SO-DIMM,1.35 V,https://www.solotodo.com/products/17165-crucial-ct51264bf160bj-1-x-4gb-so-dimm-ddr3-1600,https://s3.amazonaws.com/solotodo-core/media/cache/da/b0/dab0451c11defc1d85993051d20229c0.png
Kingston KVR13N9S8/4 (1 x 4GB | DIMM DDR3-1333),20672,1 x 4GB,DDR3,1333 MHz,DIMM,1.50 V,https://www.solotodo.com/products/8815-kingston-kvr13n9s84-1-x-4gb-dimm-ddr3-1333,https://s3.amazonaws.com/solotodo-core/media/cache/2d/73/2d73f17f1f29a347a6d37f20036dc39e.png
G.Skill Ripjaws F4-2400C16S-4GRS (1 x 4GB | SO-DIMM DDR4-2400),20980,1 x 4GB,DDR4,2400 MHz,SO-DIMM,1.20 V,https://www.solotodo.com/products/58291-gskill-ripjaws-f4-2400c16s-4grs-1-x-4gb-so-dimm-ddr4-2400,https://s3.amazonaws.com/solotodo-core/media/cache/5a/59/5a59f206ed143b367428ca9a3ad22f28.png
Kingston KVR16N11S8/4 (1 x 4GB | DIMM DDR3-1600),21829,1 x 4GB,DDR3,1600 MHz,DIMM,1.50 V,https://www.solotodo.com/products/11450-kingston-kvr16n11s84-1-x-4gb-dimm-ddr3-1600,https://s3.amazonaws.com/solotodo-core/media/cache/43/a9/43a9b68a33861dd48fa8ef2a6452e9c4.png
Kingston KVR26S19S6/4 (1 x 4GB | SO-DIMM DDR4-2666),21900,1 x 4GB,DDR4,2666 MHz,SO-DIMM,1.20 V,https://www.solotodo.com/products/46567-kingston-kvr26s19s64-1-x-4gb-so-dimm-ddr4-2666,https://s3.amazonaws.com/solotodo-core/media/cache/09/56/09564d37d84b4608c1e06b10ce25c57a.png
Crucial CT25664AA667 (1 x 2GB | DIMM DDR2-667),21900,1 x 2GB,DDR2,667 MHz,DIMM,1.80 V,https://www.solotodo.com/products/9413-crucial-ct25664aa667-1-x-2gb-dimm-ddr2-667,https://s3.amazonaws.com/solotodo-core/media/cache/3a/a9/3aa99e1d8ae43e77f935691805bb75c4.png
Crucial CT51264BA160B (1 x 4GB | DIMM DDR3-1600),21900,1 x 4GB,DDR3,1600 MHz,DIMM,1.50 V,https://www.solotodo.com/products/14934-crucial-ct51264ba160b-1-x-4gb-dimm-ddr3-1600,https://s3.amazonaws.com/solotodo-core/media/cache/c3/d4/c3d4753224ce02b08fe4a88e04cb8f2c.png
Corsair Vengeance LPX CMK4GX4M1A2400C14 (1 x 4GB | DIMM DDR4-2400),21890,1 x 4GB,DDR4,2400 MHz,DIMM,1.20 V,https://www.solotodo.com/products/39966-corsair-vengeance-lpx-cmk4gx4m1a2400c14-1-x-4gb-dimm-ddr4-2400,https://s3.amazonaws.com/solotodo-core/media/cache/db/ba/dbba979c97f8e1d7707ee33c8aeb83c9.png
Crucial CT25664AC667 (1 x 2GB | SO-DIMM DDR2-667),21990,1 x 2GB,DDR2,667 MHz,SO-DIMM,1.80 V,https://www.solotodo.com/products/9416-crucial-ct25664ac667-1-x-2gb-so-dimm-ddr2-667,https://s3.amazonaws.com/solotodo-core/media/cache/77/9f/779f0bfe14cb854d999a8abcdbac08a8.png
G.Skill (1 x 4GB | DIMM DDR3-1333),21990,1 x 4GB,DDR3,1333 MHz,DIMM,1.50 V,https://www.solotodo.com/products/7413-gskill-1-x-4gb-dimm-ddr3-1333,https://s3.amazonaws.com/solotodo-core/media/cache/b6/fd/b6fd5ac0fecd52bd110c7041f3cc9701.png
Crucial CT4G4SFS824A (1 x 4GB | SO-DIMM DDR4-2400),21990,1 x 4GB,DDR4,2400 MHz,SO-DIMM,1.20 V,https://www.solotodo.com/products/42289-crucial-ct4g4sfs824a-1-x-4gb-so-dimm-ddr4-2400,https://s3.amazonaws.com/solotodo-core/media/cache/1e/3a/1e3a70e20cc97b522b1002158b8b33a0.png
Kingston KCP424NS6/4 (1 x 4GB | DIMM DDR4-2400),22384,1 x 4GB,DDR4,2400 MHz,DIMM,1.20 V,https://www.solotodo.com/products/42105-kingston-kcp424ns64-1-x-4gb-dimm-ddr4-2400,https://s3.amazonaws.com/solotodo-core/media/cache/1a/4b/1a4bf1452fa36abab278bfe68a415a16.png
Kingston KVR24S17S6/4 (1 x 4GB | SO-DIMM DDR4-2400),22490,1 x 4GB,DDR4,2400 MHz,SO-DIMM,1.20 V,https://www.solotodo.com/products/42290-kingston-kvr24s17s64-1-x-4gb-so-dimm-ddr4-2400,https://s3.amazonaws.com/solotodo-core/media/cache/2d/4e/2d4eacb02e724eceb3d8a888338b512a.png
Kingston KCP316NS8/4 (1 x 4GB | DIMM DDR3-1600),22828,1 x 4GB,DDR3,1600 MHz,DIMM,1.50 V,https://www.solotodo.com/products/25260-kingston-kcp316ns84-1-x-4gb-dimm-ddr3-1600,https://s3.amazonaws.com/solotodo-core/media/cache/34/37/3437f02c0493357d5091439ef33de82f.png
Kingston KVR24S17S8/4 (1 x 4GB | SO-DIMM DDR4-2400),22900,1 x 4GB,DDR4,2400 MHz,SO-DIMM,1.20 V,https://www.solotodo.com/products/37321-kingston-kvr24s17s84-1-x-4gb-so-dimm-ddr4-2400,https://s3.amazonaws.com/solotodo-core/media/cache/b4/89/b48910f3c8066b48ea04e9e05e8ec575.png
Crucial CT51264BF160B (1 x 4GB | SO-DIMM DDR3-1600),22900,1 x 4GB,DDR3,1600 MHz,SO-DIMM,1.35 V,https://www.solotodo.com/products/9412-crucial-ct51264bf160b-1-x-4gb-so-dimm-ddr3-1600,https://s3.amazonaws.com/solotodo-core/media/cache/34/37/3437f02c0493357d5091439ef33de82f.png
Team Elite TED34G1333C9-S01 (1 x 4GB | SO-DIMM DDR3-1333),22990,1 x 4GB,DDR3,1333 MHz,SO-DIMM,1.50 V,https://www.solotodo.com/products/64124-team-elite-ted34g1333c9-s01-1-x-4gb-so-dimm-ddr3-1333,https://s3.amazonaws.com/solotodo-core/media/cache/8d/78/8d78e9b2af0ff35aa0cc3c984c9a77ce.png
G.Skill F3-10666CL9S-4GBSQ (1 x 4GB | SO-DIMM DDR3-1333),22990,1 x 4GB,DDR3,1333 MHz,SO-DIMM,1.50 V,https://www.solotodo.com/products/6860-gskill-f3-10666cl9s-4gbsq-1-x-4gb-so-dimm-ddr3-1333,https://solotodo-core.s3.amazonaws.com/media/cache/62/7b/627b85ff054427a57908ec2fabb47ccd.png
Kingston HyperX Fury Black HX426C15FB/4 (1 x 4GB | DIMM DDR4-2666),22990,1 x 4GB,DDR4,2666 MHz,DIMM,1.20 V,https://www.solotodo.com/products/25980-kingston-hyperx-fury-black-hx426c15fb4-1-x-4gb-dimm-ddr4-2666,https://s3.amazonaws.com/solotodo-core/media/cache/46/51/4651f18ef94ba71aa22f25fe9c7ee76e.png
Crucial Ballistix Sport LT BLS4G4D26BFSB (1 x 4GB | DIMM DDR4-2666),22990,1 x 4GB,DDR4,2666 MHz,DIMM,1.20 V,https://www.solotodo.com/products/53858-crucial-ballistix-sport-lt-bls4g4d26bfsb-1-x-4gb-dimm-ddr4-2666,https://s3.amazonaws.com/solotodo-core/media/cache/4b/4f/4b4f7e7a634f2cdecb0c1dd68a42f1d8.png
Kingston HyperX Fury Black HX426C16FB3/4 (1 x 4GB | DIMM DDR4-2666),23523,1 x 4GB,DDR4,2666 MHz,DIMM,1.20 V,https://www.solotodo.com/products/67123-kingston-hyperx-fury-black-hx426c16fb34-1-x-4gb-dimm-ddr4-2666,https://s3.amazonaws.com/solotodo-core/media/cache/1a/f6/1af63714962de50e24f91635d718663a.png
Crucial CT51264BD160B (1 x 4GB | DIMM DDR3-1600),23590,1 x 4GB,DDR3,1600 MHz,DIMM,1.35 V,https://www.solotodo.com/products/27090-crucial-ct51264bd160b-1-x-4gb-dimm-ddr3-1600,https://s3.amazonaws.com/solotodo-core/media/cache/df/06/df066b244a822d189f018efb7d86bda0.png
Kingston KVR16LS11/4 (1 x 4GB | SO-DIMM DDR3-1600),23990,1 x 4GB,DDR3,1600 MHz,SO-DIMM,1.35 V,https://www.solotodo.com/products/14129-kingston-kvr16ls114-1-x-4gb-so-dimm-ddr3-1600,https://s3.amazonaws.com/solotodo-core/media/cache/46/51/4651f18ef94ba71aa22f25fe9c7ee76e.png
Kingston HyperX Fury Black HX424C15FB3/4 (1 x 4GB | DIMM DDR4-2400),23990,1 x 4GB,DDR4,2400 MHz,DIMM,1.20 V,https://www.solotodo.com/products/71628-kingston-hyperx-fury-black-hx424c15fb34-1-x-4gb-dimm-ddr4-2400,https://s3.amazonaws.com/solotodo-core/media/cache/db/ba/dbba979c97f8e1d7707ee33c8aeb83c9.png
Kingston KCP3L16SS8/4 (1 x 4GB | SO-DIMM DDR3-1600),23970,1 x 4GB,DDR3,1600 MHz,SO-DIMM,1.35 V,https://www.solotodo.com/products/24621-kingston-kcp3l16ss84-1-x-4gb-so-dimm-ddr3-1600,https://s3.amazonaws.com/solotodo-core/media/cache/a8/b7/a8b7e4171b97a3150f84aadb0b9d749c.png
G.Skill F3-12800CL9S-4GBSK (1 x 4GB | SO-DIMM DDR3-1600),23990,1 x 4GB,DDR3,1600 MHz,SO-DIMM,1.50 V,https://www.solotodo.com/products/6861-gskill-f3-12800cl9s-4gbsk-1-x-4gb-so-dimm-ddr3-1600,https://s3.amazonaws.com/solotodo-core/media/cache/e1/ce/e1ce6a7e4f783ede2c18e80bfa1d2c51.png
Kingston HyperX Fury Black HX430C15FB3/4 (1 x 4GB | DIMM DDR4-3000),24928,1 x 4GB,DDR4,3000 MHz,DIMM,1.35 V,https://www.solotodo.com/products/70609-kingston-hyperx-fury-black-hx430c15fb34-1-x-4gb-dimm-ddr4-3000,https://s3.amazonaws.com/solotodo-core/media/cache/3b/2b/3b2b63def1ef3706a17baab65b4d8bd9.png
Corsair CMSO4GX3M1A1333C9 (1 x 4GB | SO-DIMM DDR3-1333),24990,1 x 4GB,DDR3,1333 MHz,SO-DIMM,1.50 V,https://www.solotodo.com/products/4000-corsair-cmso4gx3m1a1333c9-1-x-4gb-so-dimm-ddr3-1333,https://s3.amazonaws.com/solotodo-core/media/cache/90/5b/905b12753abcd6eec94c4f08b0daf3f3.png
Kingston KCP316SS8/4 (1 x 4GB | SO-DIMM DDR3-1600),25536,1 x 4GB,DDR3,1600 MHz,SO-DIMM,1.50 V,https://www.solotodo.com/products/25420-kingston-kcp316ss84-1-x-4gb-so-dimm-ddr3-1600,https://s3.amazonaws.com/solotodo-core/media/cache/99/9f/999fa0f2bd420e5c5c70b18f398c5c4b.png
Kingston HyperX Fury Black HX432C16FB3/4 (1 x 4GB | DIMM DDR4-3200),25536,1 x 4GB,DDR4,3200 MHz,DIMM,1.35 V,https://www.solotodo.com/products/67117-kingston-hyperx-fury-black-hx432c16fb34-1-x-4gb-dimm-ddr4-3200,https://s3.amazonaws.com/solotodo-core/media/cache/00/42/0042855b293d37a259cb9158248e045f.png
Kingston KCP313NS8/4 (1 x 4GB | DIMM DDR3-1333),25764,1 x 4GB,DDR3,1333 MHz,DIMM,1.50 V,https://www.solotodo.com/products/25981-kingston-kcp313ns84-1-x-4gb-dimm-ddr3-1333,https://s3.amazonaws.com/solotodo-core/media/cache/46/51/4651f18ef94ba71aa22f25fe9c7ee76e.png
Crucial Ballistix Sport LT BLS4G4D240FSE (1 x 4GB | DIMM DDR4-2400),25900,1 x 4GB,DDR4,2400 MHz,DIMM,1.20 V,https://www.solotodo.com/products/26208-crucial-ballistix-sport-lt-bls4g4d240fse-1-x-4gb-dimm-ddr4-2400,https://s3.amazonaws.com/solotodo-core/media/cache/26/a2/26a2a27b0b044e96c88009a8afd8e937.png
SuperTalent (1 x 1GB | DIMM DDR-266),26900,1 x 1GB,DDR,266 MHz,DIMM,2.50 V,https://www.solotodo.com/products/4330-supertalent-1-x-1gb-dimm-ddr-266,https://s3.amazonaws.com/solotodo-core/media/cache/c3/20/c32069d8ed59ff3aad13a6b5fa6e0361.png
Team Elite TED44G2666C1901 (1 x 4GB | DIMM DDR4-2666),26990,1 x 4GB,DDR4,2666 MHz,DIMM,1.20 V,https://www.solotodo.com/products/70051-team-elite-ted44g2666c1901-1-x-4gb-dimm-ddr4-2666,https://s3.amazonaws.com/solotodo-core/media/cache/c9/32/c93201b60c4ef02950ed3f1d1614f687.png
ELPIDA D3LD4G16BK (1 x 4GB | DIMM DDR3-1600),26990,1 x 4GB,DDR3,1600 MHz,DIMM,1.50 V,https://www.solotodo.com/products/70551-elpida-d3ld4g16bk-1-x-4gb-dimm-ddr3-1600,https://s3.amazonaws.com/solotodo-core/media/cache/d0/06/d0064dcc7c7bc9e294cd1f5c9d256f03.png
Kingston HyperX Fury Black HX424C15FB/4 (1 x 4GB | DIMM DDR4-2400),26990,1 x 4GB,DDR4,2400 MHz,DIMM,1.20 V,https://www.solotodo.com/products/23313-kingston-hyperx-fury-black-hx424c15fb4-1-x-4gb-dimm-ddr4-2400,https://s3.amazonaws.com/solotodo-core/media/cache/f7/b1/f7b192b92308c2ae5187e4bb06ac9d30.png
Corsair CMV4GX3M1A1600C11 (1 x 4GB | DIMM DDR3-1600),27968,1 x 4GB,DDR3,1600 MHz,DIMM,1.50 V,https://www.solotodo.com/products/27706-corsair-cmv4gx3m1a1600c11-1-x-4gb-dimm-ddr3-1600,https://s3.amazonaws.com/solotodo-core/media/cache/d4/e1/d4e1199079cae8d6fdf9cac60ed2ba78.png
Crucial CT8G4SFS824A (1 x 8GB | SO-DIMM DDR4-2400),29900,1 x 8GB,DDR4,2400 MHz,SO-DIMM,1.20 V,https://www.solotodo.com/products/33275-crucial-ct8g4sfs824a-1-x-8gb-so-dimm-ddr4-2400,https://s3.amazonaws.com/solotodo-core/media/cache/f4/7d/f47dbad3743f01f8a6e61cb2c332095e.png
Crucial CT8G4SFS8266 (1 x 8GB | SO-DIMM DDR4-2666),29900,1 x 8GB,DDR4,2666 MHz,SO-DIMM,1.20 V,https://www.solotodo.com/products/51673-crucial-ct8g4sfs8266-1-x-8gb-so-dimm-ddr4-2666,https://s3.amazonaws.com/solotodo-core/media/cache/2b/3b/2b3b2e9fa403612d5ddf3eee9716889b.png
Crucial CT4G3S160BM (1 x 4GB | SO-DIMM DDR3-1600),30890,1 x 4GB,DDR3,1600 MHz,SO-DIMM,1.35 V,https://www.solotodo.com/products/30202-crucial-ct4g3s160bm-1-x-4gb-so-dimm-ddr3-1600,https://solotodo-core.s3.amazonaws.com/media/cache/2b/3b/2b3b2e9fa403612d5ddf3eee9716889b.png
Patriot Signature Line PSD48G266681 (1 x 8GB | DIMM DDR4-2666),30900,1 x 8GB,DDR4,2666 MHz,DIMM,1.20 V,https://www.solotodo.com/products/65647-patriot-signature-line-psd48g266681-1-x-8gb-dimm-ddr4-2666,https://s3.amazonaws.com/solotodo-core/media/cache/54/b3/54b3c7bef44c4ba51b5f519646365e83.png
Genérica MAC (2 x 2GB | SO-DIMM DDR2-800),32480,2 x 2GB,DDR2,800 MHz,SO-DIMM,1.80 V,https://www.solotodo.com/products/71120-generica-mac-2-x-2gb-so-dimm-ddr2-800,https://s3.amazonaws.com/solotodo-core/media/cache/e3/69/e36978c300b28d48d2b42f797f44ae79.png
Crucial CT4G3S1339M (1 x 4GB | SO-DIMM DDR3-1333),32832,1 x 4GB,DDR3,1333 MHz,SO-DIMM,1.35 V,https://www.solotodo.com/products/34437-crucial-ct4g3s1339m-1-x-4gb-so-dimm-ddr3-1333,https://s3.amazonaws.com/solotodo-core/media/cache/dd/b0/ddb061f5a241a2b36a1346e05d765556.png
Team Elite TED34G1600C1101 (1 x 4GB | DIMM DDR3-1600),32990,1 x 4GB,DDR3,1600 MHz,DIMM,1.50 V,https://www.solotodo.com/products/56634-team-elite-ted34g1600c1101-1-x-4gb-dimm-ddr3-1600,https://s3.amazonaws.com/solotodo-core/media/cache/5f/a1/5fa1257e2801b4e5ce00f7d1794c9aae.png
A-DATA AD4U266638G19-S (1 x 8GB | DIMM DDR4-2666),32990,1 x 8GB,DDR4,2666 MHz,DIMM,1.20 V,https://www.solotodo.com/products/57862-a-data-ad4u266638g19-s-1-x-8gb-dimm-ddr4-2666,https://s3.amazonaws.com/solotodo-core/media/cache/39/d4/39d4e6f290ef114751b1b3a05aca5c65.png
Crucial MAC CT8G4S266M (1 x 8GB | SO-DIMM DDR4-2666),33290,1 x 8GB,DDR4,2666 MHz,SO-DIMM,1.20 V,https://www.solotodo.com/products/63362-crucial-mac-ct8g4s266m-1-x-8gb-so-dimm-ddr4-2666,https://s3.amazonaws.com/solotodo-core/media/cache/75/05/750501faff55eed557bc61c899045ab5.png
Crucial CT2G3S1339M (1 x 2GB | SO-DIMM DDR3-1333),33730,1 x 2GB,DDR3,1333 MHz,SO-DIMM,1.35 V,https://www.solotodo.com/products/48229-crucial-ct2g3s1339m-1-x-2gb-so-dimm-ddr3-1333,https://s3.amazonaws.com/solotodo-core/media/cache/80/c1/80c12f85e4d0f990ac8365adcde5fd2c.png
Kingston KVR400X64SC3A/1G (1 x 1GB | SO-DIMM DDR-400),33900,1 x 1GB,DDR,400 MHz,SO-DIMM,2.60 V,https://www.solotodo.com/products/4001-kingston-kvr400x64sc3a1g-1-x-1gb-so-dimm-ddr-400,https://s3.amazonaws.com/solotodo-core/media/cache/ed/50/ed5034c7be8041a163faecfef5a5e178.png
A-DATA AD4S240038G17-S (1 x 8GB | SO-DIMM DDR4-2400),33990,1 x 8GB,DDR4,2400 MHz,SO-DIMM,1.20 V,https://www.solotodo.com/products/40037-a-data-ad4s240038g17-s-1-x-8gb-so-dimm-ddr4-2400,https://solotodo-core.s3.amazonaws.com/media/cache/12/60/12609eaa67293aaf61faf30593ab6c5a.png
Corsair Vengeance CMSX8GX4M1A2400C16 (1 x 8GB | SO-DIMM DDR4-2400),34048,1 x 8GB,DDR4,2400 MHz,SO-DIMM,1.20 V,https://www.solotodo.com/products/49774-corsair-vengeance-cmsx8gx4m1a2400c16-1-x-8gb-so-dimm-ddr4-2400,https://s3.amazonaws.com/solotodo-core/media/cache/dd/76/dd76cac13f5e91833d4fa92062ddbd20.png
Patriot Signature Line PSD48G240081S (1 x 8GB | SO-DIMM DDR4-2400),33900,1 x 8GB,DDR4,2400 MHz,SO-DIMM,1.20 V,https://www.solotodo.com/products/65648-patriot-signature-line-psd48g240081s-1-x-8gb-so-dimm-ddr4-2400,https://s3.amazonaws.com/solotodo-core/media/cache/b0/08/b00822448d8f5ac0cff71544fdcb54dd.png
A-DATA AD4S266638G19-S (1 x 8GB | SO-DIMM DDR4-2666),34990,1 x 8GB,DDR4,2666 MHz,SO-DIMM,1.20 V,https://www.solotodo.com/products/57863-a-data-ad4s266638g19-s-1-x-8gb-so-dimm-ddr4-2666,https://s3.amazonaws.com/solotodo-core/media/cache/21/22/21221b8344c5357189d9af9bbc6dc275.png
Crucial CT8G4DFS8266 (1 x 8GB | DIMM DDR4-2666),35872,1 x 8GB,DDR4,2666 MHz,DIMM,1.20 V,https://www.solotodo.com/products/51000-crucial-ct8g4dfs8266-1-x-8gb-dimm-ddr4-2666,https://s3.amazonaws.com/solotodo-core/media/cache/3d/1c/3d1c53f32e121aae9dd232d080a74354.png
Crucial CT8G4DFD824A (1 x 8GB | DIMM DDR4-2400),34900,1 x 8GB,DDR4,2400 MHz,DIMM,1.20 V,https://www.solotodo.com/products/34620-crucial-ct8g4dfd824a-1-x-8gb-dimm-ddr4-2400,https://s3.amazonaws.com/solotodo-core/media/cache/dd/76/dd76cac13f5e91833d4fa92062ddbd20.png
Kingston D1G64KL110 (1 x 8GB | DIMM DDR3-1600),35872,1 x 8GB,DDR3,1600 MHz,DIMM,1.35 V,https://www.solotodo.com/products/21995-kingston-d1g64kl110-1-x-8gb-dimm-ddr3-1600,https://s3.amazonaws.com/solotodo-core/media/cache/db/bf/dbbf19f4d414945ee7a99baa965e3a5d.png
Crucial Ballistix Sport LT BLS8G4S26BFSDK (1 x 8GB | SO-DIMM DDR4-2666),35990,1 x 8GB,DDR4,2666 MHz,SO-DIMM,1.20 V,https://www.solotodo.com/products/55481-crucial-ballistix-sport-lt-bls8g4s26bfsdk-1-x-8gb-so-dimm-ddr4-2666,https://s3.amazonaws.com/solotodo-core/media/cache/00/03/00037ae11a243f7150a147ccc5619210.png
Kingston KCP424SS8/8 (1 x 8GB | SO-DIMM DDR4-2400),36590,1 x 8GB,DDR4,2400 MHz,SO-DIMM,1.20 V,https://www.solotodo.com/products/38154-kingston-kcp424ss88-1-x-8gb-so-dimm-ddr4-2400,https://s3.amazonaws.com/solotodo-core/media/cache/c0/50/c050a256d76b170b4db592b33a1c781f.png
Team T-Force Vulcan Z TLZGD48G2666HC18H01 (1 x 8GB | DIMM DDR4-2666),36813,1 x 8GB,DDR4,2666 MHz,DIMM,1.20 V,https://www.solotodo.com/products/75909-team-t-force-vulcan-z-tlzgd48g2666hc18h01-1-x-8gb-dimm-ddr4-2666,https://s3.amazonaws.com/solotodo-core/media/cache/37/92/37924115ffd1842437f96838d5765549.png
Kingston KCP426NS8/8 (1 x 8GB | DIMM DDR4-2666),36900,1 x 8GB,DDR4,2666 MHz,DIMM,1.20 V,https://www.solotodo.com/products/50838-kingston-kcp426ns88-1-x-8gb-dimm-ddr4-2666,https://s3.amazonaws.com/solotodo-core/media/cache/fe/b1/feb1303f3ca967e70e367be02fa108c0.png
Crucial CT102464BA160B (1 x 8GB | DIMM DDR3-1600),36900,1 x 8GB,DDR3,1600 MHz,DIMM,1.50 V,https://www.solotodo.com/products/15531-crucial-ct102464ba160b-1-x-8gb-dimm-ddr3-1600,https://s3.amazonaws.com/solotodo-core/media/cache/a4/71/a471f1f0edb5b13a3a76a07fb1912917.png
Crucial Ballistix Sport LT BLS8G4D26BFSBK (1 x 8GB | DIMM DDR4-2666),36900,1 x 8GB,DDR4,2666 MHz,DIMM,1.20 V,https://www.solotodo.com/products/53493-crucial-ballistix-sport-lt-bls8g4d26bfsbk-1-x-8gb-dimm-ddr4-2666,https://s3.amazonaws.com/solotodo-core/media/cache/d3/f5/d3f57891d312aa87cf57bdc576834695.png
Team T-Force Vulcan Z TLZRD48G2666HC18H01 (1 x 8GB | DIMM DDR4-2666),36936,1 x 8GB,DDR4,2666 MHz,DIMM,1.20 V,https://www.solotodo.com/products/75904-team-t-force-vulcan-z-tlzrd48g2666hc18h01-1-x-8gb-dimm-ddr4-2666,https://s3.amazonaws.com/solotodo-core/media/cache/df/06/df066b244a822d189f018efb7d86bda0.png
Kingston KVR26S19S8/8 (1 x 8GB | SO-DIMM DDR4-2666),37088,1 x 8GB,DDR4,2666 MHz,SO-DIMM,1.20 V,https://www.solotodo.com/products/46568-kingston-kvr26s19s88-1-x-8gb-so-dimm-ddr4-2666,https://s3.amazonaws.com/solotodo-core/media/cache/63/4a/634a6049c7dcefc4383b384c78ecaa82.png
Crucial CT102464BF160B (1 x 8GB | SO-DIMM DDR3-1600),38304,1 x 8GB,DDR3,1600 MHz,SO-DIMM,1.35 V,https://www.solotodo.com/products/10399-crucial-ct102464bf160b-1-x-8gb-so-dimm-ddr3-1600,https://s3.amazonaws.com/solotodo-core/media/cache/61/47/614718e59da51348c49cbcdb471e6301.png
Kingston KCP424NS8/8 (1 x 8GB | DIMM DDR4-2400),38900,1 x 8GB,DDR4,2400 MHz,DIMM,1.20 V,https://www.solotodo.com/products/40039-kingston-kcp424ns88-1-x-8gb-dimm-ddr4-2400,https://s3.amazonaws.com/solotodo-core/media/cache/3a/a9/3aa99e1d8ae43e77f935691805bb75c4.png
Kingston KVR1333D3N9/8G (1 x 8GB | DIMM DDR3-1333),38900,1 x 8GB,DDR3,1333 MHz,DIMM,1.50 V,https://www.solotodo.com/products/6776-kingston-kvr1333d3n98g-1-x-8gb-dimm-ddr3-1333,https://s3.amazonaws.com/solotodo-core/media/cache/72/9f/729f17d71e27108277fb764c933f2fe4.png
Crucial CT8G4DFS824A (1 x 8GB | DIMM DDR4-2400),38990,1 x 8GB,DDR4,2400 MHz,DIMM,1.20 V,https://www.solotodo.com/products/43017-crucial-ct8g4dfs824a-1-x-8gb-dimm-ddr4-2400,https://s3.amazonaws.com/solotodo-core/media/cache/2d/4e/2d4eacb02e724eceb3d8a888338b512a.png
Kingston KVR24N17S8/8 (1 x 8GB | DIMM DDR4-2400),37900,1 x 8GB,DDR4,2400 MHz,DIMM,1.20 V,https://www.solotodo.com/products/27443-kingston-kvr24n17s88-1-x-8gb-dimm-ddr4-2400,https://s3.amazonaws.com/solotodo-core/media/cache/54/81/5481c613679e201017a948e39e2fc562.png
Crucial Ballistix Sport LT BLS8G4D26BFSEK (1 x 8GB | DIMM DDR4-2666),37900,1 x 8GB,DDR4,2666 MHz,DIMM,1.20 V,https://www.solotodo.com/products/51644-crucial-ballistix-sport-lt-bls8g4d26bfsek-1-x-8gb-dimm-ddr4-2666,https://s3.amazonaws.com/solotodo-core/media/cache/db/bf/dbbf19f4d414945ee7a99baa965e3a5d.png
Corsair CMV8GX4M1A2400C16 (1 x 8GB | DIMM DDR4-2400),39005,1 x 8GB,DDR4,2400 MHz,DIMM,1.20 V,https://www.solotodo.com/products/39964-corsair-cmv8gx4m1a2400c16-1-x-8gb-dimm-ddr4-2400,https://s3.amazonaws.com/solotodo-core/media/cache/9c/67/9c67cce6fca0e9fd1546761d52301ccc.png
Kingston KVR16LN11/8 (1 x 8GB | DIMM DDR3-1600),38912,1 x 8GB,DDR3,1600 MHz,DIMM,1.35 V,https://www.solotodo.com/products/20265-kingston-kvr16ln118-1-x-8gb-dimm-ddr3-1600,https://s3.amazonaws.com/solotodo-core/media/cache/24/4f/244f95b91dd59fa2250bb4cc3d3e37ec.png
Crucial MAC (2 x 2GB | SO-DIMM DDR2-667),39088,2 x 2GB,DDR2,667 MHz,SO-DIMM,1.80 V,https://www.solotodo.com/products/62033-crucial-mac-2-x-2gb-so-dimm-ddr2-667,https://solotodo-core.s3.amazonaws.com/media/cache/e5/76/e576a52ebe1a10bb23e6403f80caa3dd.png
Kingston KVR26N19S8/8 (1 x 8GB | DIMM DDR4-2666),39900,1 x 8GB,DDR4,2666 MHz,DIMM,1.20 V,https://www.solotodo.com/products/43835-kingston-kvr26n19s88-1-x-8gb-dimm-ddr4-2666,https://s3.amazonaws.com/solotodo-core/media/cache/ce/2d/ce2d51681392a419f508eccb50312cd4.png
A-DATA AD4U2133J4G15-S (1 x 4GB | DIMM DDR4-2133),39900,1 x 4GB,DDR4,2133 MHz,DIMM,1.20 V,https://www.solotodo.com/products/42746-a-data-ad4u2133j4g15-s-1-x-4gb-dimm-ddr4-2133,https://s3.amazonaws.com/solotodo-core/media/cache/79/50/795022b1c4862d7ba19b393f69463ea2.png
Kingston KCP426SS8/8 (1 x 8GB | SO-DIMM DDR4-2666),39990,1 x 8GB,DDR4,2666 MHz,SO-DIMM,1.20 V,https://www.solotodo.com/products/51818-kingston-kcp426ss88-1-x-8gb-so-dimm-ddr4-2666,https://s3.amazonaws.com/solotodo-core/media/cache/e4/10/e410a14cc6387e15db249a844269bdf9.png
Kingston HyperX Fury Black HX426C16FB3/8 (1 x 8GB | DIMM DDR4-2666),39990,1 x 8GB,DDR4,2666 MHz,DIMM,1.20 V,https://www.solotodo.com/products/66417-kingston-hyperx-fury-black-hx426c16fb38-1-x-8gb-dimm-ddr4-2666,https://s3.amazonaws.com/solotodo-core/media/cache/fe/b1/feb1303f3ca967e70e367be02fa108c0.png
Corsair Vengeance CMZ8GX3M1A1600C9 (1 x 8GB | DIMM DDR3-1600),39990,1 x 8GB,DDR3,1600 MHz,DIMM,1.50 V,https://www.solotodo.com/products/6547-corsair-vengeance-cmz8gx3m1a1600c9-1-x-8gb-dimm-ddr3-1600,https://s3.amazonaws.com/solotodo-core/media/cache/c2/a7/c2a769c6427440238a00301c826fb0a9.png
GeIL Evo Potenza GAPR48GB2666C19SC (1 x 8GB | DIMM DDR4-2666),40900,1 x 8GB,DDR4,2666 MHz,DIMM,1.35 V,https://www.solotodo.com/products/63454-geil-evo-potenza-gapr48gb2666c19sc-1-x-8gb-dimm-ddr4-2666,https://s3.amazonaws.com/solotodo-core/media/cache/46/51/4651f18ef94ba71aa22f25fe9c7ee76e.png
Corsair Vengeance LPX CMK8GX4M1A2666C16 (1 x 8GB | DIMM DDR4-2666),39900,1 x 8GB,DDR4,2666 MHz,DIMM,1.20 V,https://www.solotodo.com/products/46712-corsair-vengeance-lpx-cmk8gx4m1a2666c16-1-x-8gb-dimm-ddr4-2666,https://solotodo-core.s3.amazonaws.com/media/cache/ea/13/ea13585f9d0d8459cea94aea3d217389.png
G.Skill Value F4-2666C19S-8GNT (1 x 8GB | DIMM DDR4-2666),40990,1 x 8GB,DDR4,2666 MHz,DIMM,1.20 V,https://www.solotodo.com/products/57935-gskill-value-f4-2666c19s-8gnt-1-x-8gb-dimm-ddr4-2666,https://s3.amazonaws.com/solotodo-core/media/cache/00/d6/00d6ca6ec612d314c61b5551b85336f0.png
Kingston KVR1333D3S9/8G (1 x 8GB | SO-DIMM DDR3-1333),40990,1 x 8GB,DDR3,1333 MHz,SO-DIMM,1.50 V,https://www.solotodo.com/products/4908-kingston-kvr1333d3s98g-1-x-8gb-so-dimm-ddr3-1333,https://s3.amazonaws.com/solotodo-core/media/cache/bb/11/bb1175eb64ef3dbac5987b8f403294d5.png
Corsair CMSO8GX3M1A1333C9 (1 x 8GB | SO-DIMM DDR3-1333),40990,1 x 8GB,DDR3,1333 MHz,SO-DIMM,1.50 V,https://www.solotodo.com/products/4433-corsair-cmso8gx3m1a1333c9-1-x-8gb-so-dimm-ddr3-1333,https://s3.amazonaws.com/solotodo-core/media/cache/f4/91/f491139c602d7f1554caf2c3072be607.png
Crucial Ballistix Sport LT BLS8G4D30AESBK (1 x 8GB | DIMM DDR4-3000),40990,1 x 8GB,DDR4,3000 MHz,DIMM,1.35 V,https://www.solotodo.com/products/56881-crucial-ballistix-sport-lt-bls8g4d30aesbk-1-x-8gb-dimm-ddr4-3000,https://solotodo-core.s3.amazonaws.com/media/cache/dd/d8/ddd8abe0e6f7844b0df97bbf5538f95f.png
Crucial Ballistix Sport LT BLS8G4D30AESCK (1 x 8GB | DIMM DDR4-3000),40990,1 x 8GB,DDR4,3000 MHz,DIMM,1.35 V,https://www.solotodo.com/products/59846-crucial-ballistix-sport-lt-bls8g4d30aesck-1-x-8gb-dimm-ddr4-3000,https://s3.amazonaws.com/solotodo-core/media/cache/99/9f/999fa0f2bd420e5c5c70b18f398c5c4b.png
Kingston HyperX Fury Black HX424C15FB3/8 (1 x 8GB | DIMM DDR4-2400),41109,1 x 8GB,DDR4,2400 MHz,DIMM,1.20 V,https://www.solotodo.com/products/67115-kingston-hyperx-fury-black-hx424c15fb38-1-x-8gb-dimm-ddr4-2400,https://solotodo-core.s3.amazonaws.com/media/cache/62/5e/625e147d11c26310a7a931bf7e29fe09.png
GeIL Evo Potenza GPR48GB2666C19S (1 x 8GB | DIMM DDR4-2666),41900,1 x 8GB,DDR4,2666 MHz,DIMM,1.20 V,https://www.solotodo.com/products/59210-geil-evo-potenza-gpr48gb2666c19s-1-x-8gb-dimm-ddr4-2666,https://s3.amazonaws.com/solotodo-core/media/cache/9d/25/9d2503e4f96e6b6ab24d6e76a877fef0.png
Kingston HyperX Fury Black HX430C15FB3/8 (1 x 8GB | DIMM DDR4-3000),41970,1 x 8GB,DDR4,3000 MHz,DIMM,1.35 V,https://www.solotodo.com/products/71233-kingston-hyperx-fury-black-hx430c15fb38-1-x-8gb-dimm-ddr4-3000,https://solotodo-core.s3.amazonaws.com/media/cache/46/51/4651f18ef94ba71aa22f25fe9c7ee76e.png
Kingston KVR24S17S8/8 (1 x 8GB | SO-DIMM DDR4-2400),41990,1 x 8GB,DDR4,2400 MHz,SO-DIMM,1.20 V,https://www.solotodo.com/products/37323-kingston-kvr24s17s88-1-x-8gb-so-dimm-ddr4-2400,https://s3.amazonaws.com/solotodo-core/media/cache/1b/53/1b53b89afc204c35312ffac7be72af4d.png
Crucial CT102464BD160B (1 x 8GB | DIMM DDR3-1600),41990,1 x 8GB,DDR3,1600 MHz,DIMM,1.35 V,https://www.solotodo.com/products/27163-crucial-ct102464bd160b-1-x-8gb-dimm-ddr3-1600,https://s3.amazonaws.com/solotodo-core/media/cache/90/5b/905b12753abcd6eec94c4f08b0daf3f3.png
Kingston KCP3L16SD8/8 (1 x 8GB | SO-DIMM DDR3-1600),42900,1 x 8GB,DDR3,1600 MHz,SO-DIMM,1.35 V,https://www.solotodo.com/products/24619-kingston-kcp3l16sd88-1-x-8gb-so-dimm-ddr3-1600,https://s3.amazonaws.com/solotodo-core/media/cache/34/37/3437f02c0493357d5091439ef33de82f.png
A-DATA AD4U240038G17-S (1 x 8GB | DIMM DDR4-2400),42900,1 x 8GB,DDR4,2400 MHz,DIMM,1.20 V,https://www.solotodo.com/products/40032-a-data-ad4u240038g17-s-1-x-8gb-dimm-ddr4-2400,https://s3.amazonaws.com/solotodo-core/media/cache/a5/7e/a57e1a12daec9d1df1289cee923ac55f.png
A-DATA XPG Spectrix D41 AX4U300038G16-SR41 (1 x 8GB | DIMM DDR4-3000),42780,1 x 8GB,DDR4,3000 MHz,DIMM,1.35 V,https://www.solotodo.com/products/65319-a-data-xpg-spectrix-d41-ax4u300038g16-sr41-1-x-8gb-dimm-ddr4-3000,https://s3.amazonaws.com/solotodo-core/media/cache/00/c8/00c828200a49d8841586ce4380418e90.png
Team Elite TED48G2666C1901 (1 x 8GB | DIMM DDR4-2666),42990,1 x 8GB,DDR4,2666 MHz,DIMM,1.20 V,https://www.solotodo.com/products/65497-team-elite-ted48g2666c1901-1-x-8gb-dimm-ddr4-2666,https://s3.amazonaws.com/solotodo-core/media/cache/49/80/4980c19f2a233819a7ba3844ac2c79f2.png
G.Skill RipjawsV F4-2800C17S-8GVR (1 x 8GB | DIMM DDR4-2800),42990,1 x 8GB,DDR4,2800 MHz,DIMM,1.20 V,https://www.solotodo.com/products/42854-gskill-ripjawsv-f4-2800c17s-8gvr-1-x-8gb-dimm-ddr4-2800,https://s3.amazonaws.com/solotodo-core/media/cache/75/05/750501faff55eed557bc61c899045ab5.png
G.Skill RipjawsX F3-1600C10S-8GSQ (1 x 8GB | SO-DIMM DDR3-1600),42990,1 x 8GB,DDR3,1600 MHz,SO-DIMM,1.50 V,https://www.solotodo.com/products/7851-gskill-ripjawsx-f3-1600c10s-8gsq-1-x-8gb-so-dimm-ddr3-1600,https://s3.amazonaws.com/solotodo-core/media/cache/c9/32/c93201b60c4ef02950ed3f1d1614f687.png
Kingston KCP316SD8/8 (1 x 8GB | SO-DIMM DDR3-1600),43168,1 x 8GB,DDR3,1600 MHz,SO-DIMM,1.50 V,https://www.solotodo.com/products/25339-kingston-kcp316sd88-1-x-8gb-so-dimm-ddr3-1600,https://s3.amazonaws.com/solotodo-core/media/cache/8a/8b/8a8b4941513f22baca9ba9c9f46bf829.png
A-DATA ADDS1600W8G11-S (1 x 8GB | SO-DIMM DDR3-1600),43820,1 x 8GB,DDR3,1600 MHz,SO-DIMM,1.35 V,https://www.solotodo.com/products/29800-a-data-adds1600w8g11-s-1-x-8gb-so-dimm-ddr3-1600,https://s3.amazonaws.com/solotodo-core/media/cache/4e/0f/4e0f8d03705e5ca667f4c2ff6164556c.png
Kingston HyperX Impact HX424S14IB2/8 (1 x 8GB | SO-DIMM DDR4-2400),42900,1 x 8GB,DDR4,2400 MHz,SO-DIMM,1.20 V,https://www.solotodo.com/products/68724-kingston-hyperx-impact-hx424s14ib28-1-x-8gb-so-dimm-ddr4-2400,https://s3.amazonaws.com/solotodo-core/media/cache/ed/a4/eda4983f823a70688a5cae64cc8e1238.png
Kingston HyperX Predator HX430C15PB3/8 (1 x 8GB | DIMM DDR4-3000),44880,1 x 8GB,DDR4,3000 MHz,DIMM,1.35 V,https://www.solotodo.com/products/42592-kingston-hyperx-predator-hx430c15pb38-1-x-8gb-dimm-ddr4-3000,https://s3.amazonaws.com/solotodo-core/media/cache/00/42/0042855b293d37a259cb9158248e045f.png
Crucial CT8G4S24AM (1 x 8GB | SO-DIMM DDR4-2400),44880,1 x 8GB,DDR4,2400 MHz,SO-DIMM,1.20 V,https://www.solotodo.com/products/39967-crucial-ct8g4s24am-1-x-8gb-so-dimm-ddr4-2400,https://s3.amazonaws.com/solotodo-core/media/cache/d5/3b/d53bbfda858cc37ec31058dc6930ceb7.png
Crucial Ballistix Sport AT BLS8G4D32AESTK (1 x 8GB | DIMM DDR4-3200),44900,1 x 8GB,DDR4,3200 MHz,DIMM,1.35 V,https://www.solotodo.com/products/70010-crucial-ballistix-sport-at-bls8g4d32aestk-1-x-8gb-dimm-ddr4-3200,https://s3.amazonaws.com/solotodo-core/media/cache/9a/4f/9a4f4d65f74b12db768ec1ecd8b6de59.png
Corsair CMSO8GX3M1C1600C11 (1 x 8GB | SO-DIMM DDR3-1600),44990,1 x 8GB,DDR3,1600 MHz,SO-DIMM,1.35 V,https://www.solotodo.com/products/31343-corsair-cmso8gx3m1c1600c11-1-x-8gb-so-dimm-ddr3-1600,https://s3.amazonaws.com/solotodo-core/media/cache/3f/49/3f49b8b8ce93269d8cfb5183331330c6.png
Kingston KVR16LS11/8 (1 x 8GB | SO-DIMM DDR3-1600),44992,1 x 8GB,DDR3,1600 MHz,SO-DIMM,1.35 V,https://www.solotodo.com/products/13919-kingston-kvr16ls118-1-x-8gb-so-dimm-ddr3-1600,https://s3.amazonaws.com/solotodo-core/media/cache/d9/83/d983252240311aef69a41bcc2c91c299.png
A-DATA XPG Spectrix D80 AX4U300038G16A-SR80 (1 x 8GB | DIMM DDR4-3000),44990,1 x 8GB,DDR4,3000 MHz,DIMM,1.35 V,https://www.solotodo.com/products/65398-a-data-xpg-spectrix-d80-ax4u300038g16a-sr80-1-x-8gb-dimm-ddr4-3000,https://s3.amazonaws.com/solotodo-core/media/cache/15/c4/15c4199c2b06906a048a19d2866aaf48.png
Kingston HyperX Fury RGB HX424C15FB3A/8 (1 x 8GB | DIMM DDR4-2400),45420,1 x 8GB,DDR4,2400 MHz,DIMM,1.20 V,https://www.solotodo.com/products/67381-kingston-hyperx-fury-rgb-hx424c15fb3a8-1-x-8gb-dimm-ddr4-2400,https://s3.amazonaws.com/solotodo-core/media/cache/a9/5c/a95c3030462098dac4f2d1c5985caff1.png
Kingston KCP316ND8/8 (1 x 8GB | DIMM DDR3-1600),45600,1 x 8GB,DDR3,1600 MHz,DIMM,1.50 V,https://www.solotodo.com/products/25042-kingston-kcp316nd88-1-x-8gb-dimm-ddr3-1600,https://solotodo-core.s3.amazonaws.com/media/cache/80/22/8022bcce2abee17af757019ba31af871.png
A-DATA XPG Gammix D30 AX4U300038G16A-SR30 (1 x 8GB | DIMM DDR4-3000),45600,1 x 8GB,DDR4,3000 MHz,DIMM,1.35 V,https://www.solotodo.com/products/65322-a-data-xpg-gammix-d30-ax4u300038g16a-sr30-1-x-8gb-dimm-ddr4-3000,https://s3.amazonaws.com/solotodo-core/media/cache/e1/ce/e1ce6a7e4f783ede2c18e80bfa1d2c51.png
HP V6 7EH64AA (1 x 8GB | DIMM DDR4-3000),45900,1 x 8GB,DDR4,3000 MHz,DIMM,1.20 V,https://www.solotodo.com/products/75852-hp-v6-7eh64aa-1-x-8gb-dimm-ddr4-3000,https://s3.amazonaws.com/solotodo-core/media/cache/b8/0f/b80f6f560460d8490329ad4833661c2d.png
Kingston HyperX Fury Black HX432C16FB3/8 (1 x 8GB | DIMM DDR4-3200),45990,1 x 8GB,DDR4,3200 MHz,DIMM,1.35 V,https://www.solotodo.com/products/66626-kingston-hyperx-fury-black-hx432c16fb38-1-x-8gb-dimm-ddr4-3200,https://s3.amazonaws.com/solotodo-core/media/cache/b4/89/b48910f3c8066b48ea04e9e05e8ec575.png
GeIL Super Luce RGB GALS48GB3000C16ASC (1 x 8GB | DIMM DDR4-3000),45890,1 x 8GB,DDR4,3000 MHz,DIMM,1.35 V,https://www.solotodo.com/products/70460-geil-super-luce-rgb-gals48gb3000c16asc-1-x-8gb-dimm-ddr4-3000,https://s3.amazonaws.com/solotodo-core/media/cache/30/bc/30bcc8662f910aa46bd27693be635e1a.png
Kingston HyperX Impact HX426S15IB2/8 (1 x 8GB | SO-DIMM DDR4-2666),44900,1 x 8GB,DDR4,2666 MHz,SO-DIMM,1.20 V,https://www.solotodo.com/products/57252-kingston-hyperx-impact-hx426s15ib28-1-x-8gb-so-dimm-ddr4-2666,https://solotodo-core.s3.amazonaws.com/media/cache/83/69/836914dc9f47c41e80fbb8c757be418f.png
Kingston HyperX Fury Black HX434C16FB3/8 (1 x 8GB | DIMM DDR4-3466),46900,1 x 8GB,DDR4,3466 MHz,DIMM,1.35 V,https://www.solotodo.com/products/67122-kingston-hyperx-fury-black-hx434c16fb38-1-x-8gb-dimm-ddr4-3466,https://s3.amazonaws.com/solotodo-core/media/cache/7b/03/7b03d984e98b00835508f84ad074c186.png
Crucial CT8G3S160BM (1 x 8GB | SO-DIMM DDR3-1600),46816,1 x 8GB,DDR3,1600 MHz,SO-DIMM,1.50 V,https://www.solotodo.com/products/11716-crucial-ct8g3s160bm-1-x-8gb-so-dimm-ddr3-1600,https://s3.amazonaws.com/solotodo-core/media/cache/d9/a1/d9a1e0702035497a6110b8c193519b60.png
Kingston HyperX Fury RGB HX426C16FB3A/8 (1 x 8GB | DIMM DDR4-2666),47606,1 x 8GB,DDR4,2666 MHz,DIMM,1.20 V,https://www.solotodo.com/products/66420-kingston-hyperx-fury-rgb-hx426c16fb3a8-1-x-8gb-dimm-ddr4-2666,https://s3.amazonaws.com/solotodo-core/media/cache/90/5b/905b12753abcd6eec94c4f08b0daf3f3.png
Crucial Ballistix Sport AT BLS8G4D30CESTK (1 x 8GB | DIMM DDR4-3000),47900,1 x 8GB,DDR4,3000 MHz,DIMM,1.35 V,https://www.solotodo.com/products/49066-crucial-ballistix-sport-at-bls8g4d30cestk-1-x-8gb-dimm-ddr4-3000,https://s3.amazonaws.com/solotodo-core/media/cache/99/62/9962d8bbe6d87a8105136be7e9c7ec72.png
Kingston HyperX Predator HX429C15PB3A/8 (1 x 8GB | DIMM DDR4-2933),47900,1 x 8GB,DDR4,2933 MHz,DIMM,1.35 V,https://www.solotodo.com/products/45138-kingston-hyperx-predator-hx429c15pb3a8-1-x-8gb-dimm-ddr4-2933,https://s3.amazonaws.com/solotodo-core/media/cache/b8/0f/b80f6f560460d8490329ad4833661c2d.png
GeIL Super Luce RGB GALS48GB3200C16ASC (1 x 8GB | DIMM DDR4-3200),47890,1 x 8GB,DDR4,3200 MHz,DIMM,1.35 V,https://www.solotodo.com/products/70115-geil-super-luce-rgb-gals48gb3200c16asc-1-x-8gb-dimm-ddr4-3200,https://s3.amazonaws.com/solotodo-core/media/cache/30/bc/30bcc8662f910aa46bd27693be635e1a.png
Kingston HyperX Fury Black HX424C15FB2/8 (1 x 8GB | DIMM DDR4-2400),47990,1 x 8GB,DDR4,2400 MHz,DIMM,1.20 V,https://www.solotodo.com/products/25985-kingston-hyperx-fury-black-hx424c15fb28-1-x-8gb-dimm-ddr4-2400,https://s3.amazonaws.com/solotodo-core/media/cache/15/c4/15c4199c2b06906a048a19d2866aaf48.png
Crucial MAC (2 x 2GB | SO-DIMM DDR3-1066),48160,2 x 2GB,DDR3,1066 MHz,SO-DIMM,1.50 V,https://www.solotodo.com/products/62048-crucial-mac-2-x-2gb-so-dimm-ddr3-1066,https://s3.amazonaws.com/solotodo-core/media/cache/f7/b1/f7b192b92308c2ae5187e4bb06ac9d30.png
Kingston HyperX Fury Red HX434C19FR2/8 (1 x 8GB | DIMM DDR4-3466),49900,1 x 8GB,DDR4,3466 MHz,DIMM,1.20 V,https://www.solotodo.com/products/61291-kingston-hyperx-fury-red-hx434c19fr28-1-x-8gb-dimm-ddr4-3466,https://solotodo-core.s3.amazonaws.com/media/cache/03/07/0307984b52ad57b4d72306c8e4bb8976.png
Kingston HyperX Fury RGB HX434C16FB3A/8 (1 x 8GB | DIMM DDR4-3466),49900,1 x 8GB,DDR4,3466 MHz,DIMM,1.35 V,https://www.solotodo.com/products/66419-kingston-hyperx-fury-rgb-hx434c16fb3a8-1-x-8gb-dimm-ddr4-3466,https://s3.amazonaws.com/solotodo-core/media/cache/b8/0f/b80f6f560460d8490329ad4833661c2d.png
Crucial Ballistix Sport LT BLS8G4D32AESBK (1 x 8GB | DIMM DDR4-3200),49990,1 x 8GB,DDR4,3200 MHz,DIMM,1.35 V,https://www.solotodo.com/products/62756-crucial-ballistix-sport-lt-bls8g4d32aesbk-1-x-8gb-dimm-ddr4-3200,https://s3.amazonaws.com/solotodo-core/media/cache/4a/ab/4aab85d5dd1db9c014be35c6c705b4c1.png
G.Skill Ripjaws F4-3000C16S-8GRS (1 x 8GB | SO-DIMM DDR4-3000),49990,1 x 8GB,DDR4,3000 MHz,SO-DIMM,1.20 V,https://www.solotodo.com/products/57936-gskill-ripjaws-f4-3000c16s-8grs-1-x-8gb-so-dimm-ddr4-3000,https://s3.amazonaws.com/solotodo-core/media/cache/da/84/da8484398984e2102c4d5cbbdafd0e48.png
A-DATA XPG Spectrix D80 AX4U300038G16-SR80 (1 x 8GB | DIMM DDR4-3000),49990,1 x 8GB,DDR4,3000 MHz,DIMM,1.35 V,https://www.solotodo.com/products/55886-a-data-xpg-spectrix-d80-ax4u300038g16-sr80-1-x-8gb-dimm-ddr4-3000,https://s3.amazonaws.com/solotodo-core/media/cache/d8/d9/d8d9681aeac1f581983a5d54003b4583.png
A-Tech KIT-8GB-2X4-DDR3-1600MHz-SODIMM-ATECH (2 x 4GB | SO-DIMM DDR3-1600),50497,2 x 4GB,DDR3,1600 MHz,SO-DIMM,1.35 V,https://www.solotodo.com/products/62363-a-tech-kit-8gb-2x4-ddr3-1600mhz-sodimm-atech-2-x-4gb-so-dimm-ddr3-1600,https://s3.amazonaws.com/solotodo-core/media/cache/5a/59/5a59f206ed143b367428ca9a3ad22f28.png
Genérica MAC (2 x 2GB | SO-DIMM DDR2-667),50960,2 x 2GB,DDR2,667 MHz,SO-DIMM,1.80 V,https://www.solotodo.com/products/62031-generica-mac-2-x-2gb-so-dimm-ddr2-667,https://s3.amazonaws.com/solotodo-core/media/cache/f2/ad/f2adec8c7c3476ee10e71c34e644a305.png
Crucial Ballistix Tactical Tracer BLT8G4D30BET4K (1 x 8GB | DIMM DDR4-3000),51900,1 x 8GB,DDR4,3000 MHz,DIMM,1.35 V,https://www.solotodo.com/products/44830-crucial-ballistix-tactical-tracer-blt8g4d30bet4k-1-x-8gb-dimm-ddr4-3000,https://s3.amazonaws.com/solotodo-core/media/cache/0c/a1/0ca13fd1ab589a4ba5bcf16316da8e2e.png
A-DATA XPG Spectrix D41 AX4U300038G16-ST41 (1 x 8GB | DIMM DDR4-3000),51900,1 x 8GB,DDR4,3000 MHz,DIMM,1.35 V,https://www.solotodo.com/products/65320-a-data-xpg-spectrix-d41-ax4u300038g16-st41-1-x-8gb-dimm-ddr4-3000,https://s3.amazonaws.com/solotodo-core/media/cache/79/ca/79cacd9a8a5ea2559cc520fe8a15b8fe.png
Kingston HyperX Fury RGB HX432C16FB3A/8 (1 x 8GB | DIMM DDR4-3200),52896,1 x 8GB,DDR4,3200 MHz,DIMM,1.35 V,https://www.solotodo.com/products/67569-kingston-hyperx-fury-rgb-hx432c16fb3a8-1-x-8gb-dimm-ddr4-3200,https://s3.amazonaws.com/solotodo-core/media/cache/22/21/22211d077c1e1f36d9b9e3440b95d711.png
Crucial Ballistix Tactical Tracer BLT8G4D26BFT4K (1 x 8GB | DIMM DDR4-2666),52900,1 x 8GB,DDR4,2666 MHz,DIMM,1.20 V,https://www.solotodo.com/products/44308-crucial-ballistix-tactical-tracer-blt8g4d26bft4k-1-x-8gb-dimm-ddr4-2666,https://s3.amazonaws.com/solotodo-core/media/cache/b8/0f/b80f6f560460d8490329ad4833661c2d.png
A-DATA XPG Spectrix D60G AX4U300038G16-ST60 (1 x 8GB | DIMM DDR4-3000),54900,1 x 8GB,DDR4,3000 MHz,DIMM,1.35 V,https://www.solotodo.com/products/65318-a-data-xpg-spectrix-d60g-ax4u300038g16-st60-1-x-8gb-dimm-ddr4-3000,https://s3.amazonaws.com/solotodo-core/media/cache/79/ca/79cacd9a8a5ea2559cc520fe8a15b8fe.png
Crucial MAC KIT-8GB-2X4-DDR3-1866-SODIMM (2 x 4GB | SO-DIMM DDR3-1866),54880,2 x 4GB,DDR3,1866 MHz,SO-DIMM,1.35 V,https://www.solotodo.com/products/62361-crucial-mac-kit-8gb-2x4-ddr3-1866-sodimm-2-x-4gb-so-dimm-ddr3-1866,https://solotodo-core.s3.amazonaws.com/media/cache/bd/50/bd5075694f7efed0037b5254d52f85cc.png
Kingston HyperX HX430C15PB3A/8 (1 x 8GB | DIMM DDR4-3000),54990,1 x 8GB,DDR4,3000 MHz,DIMM,1.35 V,https://www.solotodo.com/products/63582-kingston-hyperx-hx430c15pb3a8-1-x-8gb-dimm-ddr4-3000,https://s3.amazonaws.com/solotodo-core/media/cache/47/95/4795e1ba1059ce408684124d14aab8e2.png
Genérica MAC Pro (2 x 4GB | DIMM DDR3-1066 ECC),56000,2 x 4GB,DDR3,1066 MHz,DIMM,1.50 V,https://www.solotodo.com/products/62045-generica-mac-pro-2-x-4gb-dimm-ddr3-1066-ecc,https://s3.amazonaws.com/solotodo-core/media/cache/d9/a1/d9a1e0702035497a6110b8c193519b60.png
Crucial CT4G3S1067M (1 x 4GB | SO-DIMM DDR3-1066),56230,1 x 4GB,DDR3,1066 MHz,SO-DIMM,1.35 V,https://www.solotodo.com/products/48228-crucial-ct4g3s1067m-1-x-4gb-so-dimm-ddr3-1066,https://s3.amazonaws.com/solotodo-core/media/cache/25/49/2549b29364dfb876370bfc51fdf63e11.png
Kingston KTH-X3C/8G (1 x 8GB | SO-DIMM DDR3-1600),56900,1 x 8GB,DDR3,1600 MHz,SO-DIMM,1.50 V,https://www.solotodo.com/products/8360-kingston-kth-x3c8g-1-x-8gb-so-dimm-ddr3-1600,https://s3.amazonaws.com/solotodo-core/media/cache/73/d2/73d207bd71344cda323f7123c8543969.png
Kingston HyperX Fury RGB HX430C15FB3A/8 (1 x 8GB | DIMM DDR4-3000),56990,1 x 8GB,DDR4,3000 MHz,DIMM,1.35 V,https://www.solotodo.com/products/71506-kingston-hyperx-fury-rgb-hx430c15fb3a8-1-x-8gb-dimm-ddr4-3000,https://s3.amazonaws.com/solotodo-core/media/cache/bb/85/bb85c5198a1602c4d5fa21d8e8998481.png
Crucial CT16G4SFD8266 (1 x 16GB | SO-DIMM DDR4-2666),57900,1 x 16GB,DDR4,2666 MHz,SO-DIMM,1.20 V,https://www.solotodo.com/products/50917-crucial-ct16g4sfd8266-1-x-16gb-so-dimm-ddr4-2666,https://s3.amazonaws.com/solotodo-core/media/cache/b8/0f/b80f6f560460d8490329ad4833661c2d.png
Crucial Ballistix Elite BLE8G4D30AEEA (1 x 8GB | DIMM DDR4-3000),59900,1 x 8GB,DDR4,3000 MHz,DIMM,1.35 V,https://www.solotodo.com/products/33277-crucial-ballistix-elite-ble8g4d30aeea-1-x-8gb-dimm-ddr4-3000,https://s3.amazonaws.com/solotodo-core/media/cache/d9/a1/d9a1e0702035497a6110b8c193519b60.png
Kingston HyperX HX432C16PB3A/8 (1 x 8GB | DIMM DDR4-3200),59928,1 x 8GB,DDR4,3200 MHz,DIMM,1.35 V,https://www.solotodo.com/products/52420-kingston-hyperx-hx432c16pb3a8-1-x-8gb-dimm-ddr4-3200,https://s3.amazonaws.com/solotodo-core/media/cache/b1/0e/b10eae1b5dcfb02cb6753132ad42ce00.png
A-Tech KIT-8GB-2X4GB-DDR3-1333MHz-SO-ATECH (2 x 4GB | SO-DIMM DDR3-1333),59900,2 x 4GB,DDR3,1333 MHz,SO-DIMM,1.35 V,https://www.solotodo.com/products/62359-a-tech-kit-8gb-2x4gb-ddr3-1333mhz-so-atech-2-x-4gb-so-dimm-ddr3-1333,https://s3.amazonaws.com/solotodo-core/media/cache/7b/7c/7b7ce32e96a5dda3c1ef842f286da27f.png
A-DATA AD4S2400316G17-S (1 x 16GB | SO-DIMM DDR4-2400),59990,1 x 16GB,DDR4,2400 MHz,SO-DIMM,1.20 V,https://www.solotodo.com/products/44256-a-data-ad4s2400316g17-s-1-x-16gb-so-dimm-ddr4-2400,https://s3.amazonaws.com/solotodo-core/media/cache/4d/a9/4da9abcb4a4b8cda3a7338ffd652c745.png
G.Skill TridentZ RGB F4-2400C15S-8GTZR (1 x 8GB | DIMM DDR4-2400),59990,1 x 8GB,DDR4,2400 MHz,DIMM,1.20 V,https://www.solotodo.com/products/65399-gskill-tridentz-rgb-f4-2400c15s-8gtzr-1-x-8gb-dimm-ddr4-2400,https://s3.amazonaws.com/solotodo-core/media/cache/5f/62/5f62e2cc152582875704b2466ab2b506.png
Team T-Force Delta II RGB TF3D48G2400HC15B01 (1 x 8GB | DIMM DDR4-2400),61900,1 x 8GB,DDR4,2400 MHz,DIMM,1.20 V,https://www.solotodo.com/products/54576-team-t-force-delta-ii-rgb-tf3d48g2400hc15b01-1-x-8gb-dimm-ddr4-2400,https://s3.amazonaws.com/solotodo-core/media/cache/5f/62/5f62e2cc152582875704b2466ab2b506.png
Crucial CT16G4DFD8266 (1 x 16GB | DIMM DDR4-2666),61900,1 x 16GB,DDR4,2666 MHz,DIMM,1.20 V,https://www.solotodo.com/products/52810-crucial-ct16g4dfd8266-1-x-16gb-dimm-ddr4-2666,https://s3.amazonaws.com/solotodo-core/media/cache/75/12/7512c9262cbdbebbcf838bc9d8103ff8.png
Genérica MAC Pro (2 x 8GB | DIMM DDR3-1333 ECC),62014,2 x 8GB,DDR3,1333 MHz,DIMM,1.50 V,https://www.solotodo.com/products/67477-generica-mac-pro-2-x-8gb-dimm-ddr3-1333-ecc,https://s3.amazonaws.com/solotodo-core/media/cache/33/97/339754df1e1915c82b34b9012ca7e041.png
Crucial CT16G4DFD824A (1 x 16GB | DIMM DDR4-2400),62624,1 x 16GB,DDR4,2400 MHz,DIMM,1.20 V,https://www.solotodo.com/products/34621-crucial-ct16g4dfd824a-1-x-16gb-dimm-ddr4-2400,https://solotodo-core.s3.amazonaws.com/media/cache/00/03/00037ae11a243f7150a147ccc5619210.png
A-DATA AD4S2666316G19-S (1 x 16GB | SO-DIMM DDR4-2666),62624,1 x 16GB,DDR4,2666 MHz,SO-DIMM,1.20 V,https://www.solotodo.com/products/59666-a-data-ad4s2666316g19-s-1-x-16gb-so-dimm-ddr4-2666,https://s3.amazonaws.com/solotodo-core/media/cache/60/dc/60dcbfd6e2a1014201ca007d97af8f24.png
Crucial CT16G4SFD824A (1 x 16GB | SO-DIMM DDR4-2400),64900,1 x 16GB,DDR4,2400 MHz,SO-DIMM,1.20 V,https://www.solotodo.com/products/33276-crucial-ct16g4sfd824a-1-x-16gb-so-dimm-ddr4-2400,https://s3.amazonaws.com/solotodo-core/media/cache/56/d7/56d74eb4b0fa9fa35644505e64bb999e.png
Kingston HyperX Fury Black HX424C15FB/16 (1 x 16GB | DIMM DDR4-2400),64990,1 x 16GB,DDR4,2400 MHz,DIMM,1.20 V,https://www.solotodo.com/products/27164-kingston-hyperx-fury-black-hx424c15fb16-1-x-16gb-dimm-ddr4-2400,https://solotodo-core.s3.amazonaws.com/media/cache/dd/76/dd76cac13f5e91833d4fa92062ddbd20.png
Team T-Force Delta II RGB TF3D48G2666HC15B01 (1 x 8GB | DIMM DDR4-2666),66900,1 x 8GB,DDR4,2666 MHz,DIMM,1.20 V,https://www.solotodo.com/products/46576-team-t-force-delta-ii-rgb-tf3d48g2666hc15b01-1-x-8gb-dimm-ddr4-2666,https://s3.amazonaws.com/solotodo-core/media/cache/b1/0e/b10eae1b5dcfb02cb6753132ad42ce00.png
Kingston HyperX Fury Black HX424C15FB3/16 (1 x 16GB | DIMM DDR4-2400),67880,1 x 16GB,DDR4,2400 MHz,DIMM,1.20 V,https://www.solotodo.com/products/67121-kingston-hyperx-fury-black-hx424c15fb316-1-x-16gb-dimm-ddr4-2400,https://s3.amazonaws.com/solotodo-core/media/cache/f7/b1/f7b192b92308c2ae5187e4bb06ac9d30.png
Crucial Ballistix Sport LT BLS16G4D30AESE (1 x 16GB | DIMM DDR4-3000),69900,1 x 16GB,DDR4,3000 MHz,DIMM,1.35 V,https://www.solotodo.com/products/56877-crucial-ballistix-sport-lt-bls16g4d30aese-1-x-16gb-dimm-ddr4-3000,https://s3.amazonaws.com/solotodo-core/media/cache/33/97/339754df1e1915c82b34b9012ca7e041.png
Crucial Ballistix Sport AT BLS16G4D26BFST (1 x 16GB | DIMM DDR4-2666),69900,1 x 16GB,DDR4,2666 MHz,DIMM,1.20 V,https://www.solotodo.com/products/49167-crucial-ballistix-sport-at-bls16g4d26bfst-1-x-16gb-dimm-ddr4-2666,https://s3.amazonaws.com/solotodo-core/media/cache/46/51/4651f18ef94ba71aa22f25fe9c7ee76e.png
Team TED48G2400C16-S01 (1 x 8GB | SO-DIMM DDR4-2400),69990,1 x 8GB,DDR4,2400 MHz,SO-DIMM,1.20 V,https://www.solotodo.com/products/44611-team-ted48g2400c16-s01-1-x-8gb-so-dimm-ddr4-2400,https://s3.amazonaws.com/solotodo-core/media/cache/2d/4e/2d4eacb02e724eceb3d8a888338b512a.png
Kingston KCP424SD8/16 (1 x 16GB | SO-DIMM DDR4-2400),69990,1 x 16GB,DDR4,2400 MHz,SO-DIMM,1.20 V,https://www.solotodo.com/products/41034-kingston-kcp424sd816-1-x-16gb-so-dimm-ddr4-2400,https://s3.amazonaws.com/solotodo-core/media/cache/c4/d6/c4d6cd2e87258a6f8d7c23c00104da35.png
Kingston KCP426SD8/16 (1 x 16GB | SO-DIMM DDR4-2666),69990,1 x 16GB,DDR4,2666 MHz,SO-DIMM,1.20 V,https://www.solotodo.com/products/52418-kingston-kcp426sd816-1-x-16gb-so-dimm-ddr4-2666,https://s3.amazonaws.com/solotodo-core/media/cache/15/c4/15c4199c2b06906a048a19d2866aaf48.png
Kingston HyperX Fury Black HX426C16FB/16 (1 x 16GB | DIMM DDR4-2666),69900,1 x 16GB,DDR4,2666 MHz,DIMM,1.20 V,https://www.solotodo.com/products/46654-kingston-hyperx-fury-black-hx426c16fb16-1-x-16gb-dimm-ddr4-2666,https://s3.amazonaws.com/solotodo-core/media/cache/a0/cd/a0cd955abdae122cbd0e3371f9edfedd.png
Kingston HyperX Predator HX426C13PB3/8 (1 x 8GB | DIMM DDR4-2666),68900,1 x 8GB,DDR4,2666 MHz,DIMM,1.20 V,https://www.solotodo.com/products/47677-kingston-hyperx-predator-hx426c13pb38-1-x-8gb-dimm-ddr4-2666,https://s3.amazonaws.com/solotodo-core/media/cache/14/94/1494b18b99a18cc484b14f6641f2b9cc.png
Crucial Ballistix Sport LT BLS16G4D240FSE (1 x 16GB | DIMM DDR4-2400),71900,1 x 16GB,DDR4,2400 MHz,DIMM,1.20 V,https://www.solotodo.com/products/26207-crucial-ballistix-sport-lt-bls16g4d240fse-1-x-16gb-dimm-ddr4-2400,https://s3.amazonaws.com/solotodo-core/media/cache/00/42/0042855b293d37a259cb9158248e045f.png
Crucial Ballistix Sport LT BLS16G4D26BFSE (1 x 16GB | DIMM DDR4-2666),69900,1 x 16GB,DDR4,2666 MHz,DIMM,1.20 V,https://www.solotodo.com/products/55076-crucial-ballistix-sport-lt-bls16g4d26bfse-1-x-16gb-dimm-ddr4-2666,https://s3.amazonaws.com/solotodo-core/media/cache/e9/2a/e92a2d9fb80588e5e700c51f3e032858.png
Patriot Signature Line PSD416G26662 (1 x 16GB | DIMM DDR4-2666),69900,1 x 16GB,DDR4,2666 MHz,DIMM,1.20 V,https://www.solotodo.com/products/65649-patriot-signature-line-psd416g26662-1-x-16gb-dimm-ddr4-2666,https://s3.amazonaws.com/solotodo-core/media/cache/3f/49/3f49b8b8ce93269d8cfb5183331330c6.png
Kingston HyperX Predator HX424C12PB3/16 (1 x 16GB | DIMM DDR4-2400),69900,1 x 16GB,DDR4,2400 MHz,DIMM,1.20 V,https://www.solotodo.com/products/68723-kingston-hyperx-predator-hx424c12pb316-1-x-16gb-dimm-ddr4-2400,https://s3.amazonaws.com/solotodo-core/media/cache/26/a2/26a2a27b0b044e96c88009a8afd8e937.png
Crucial Ballistix Sport LT BLS16G4D30AESB (1 x 16GB | DIMM DDR4-3000),71990,1 x 16GB,DDR4,3000 MHz,DIMM,1.35 V,https://www.solotodo.com/products/56878-crucial-ballistix-sport-lt-bls16g4d30aesb-1-x-16gb-dimm-ddr4-3000,https://s3.amazonaws.com/solotodo-core/media/cache/6d/a9/6da97262d490e76a570d2a731591ccdd.png
Kingston KCP424ND8/16 (1 x 16GB | DIMM DDR4-2400),72362,1 x 16GB,DDR4,2400 MHz,DIMM,1.20 V,https://www.solotodo.com/products/42103-kingston-kcp424nd816-1-x-16gb-dimm-ddr4-2400,https://s3.amazonaws.com/solotodo-core/media/cache/65/2a/652a6c4fd619b2965ad5ac5282da1cb8.png
Genérica MAC (2 x 8GB | SO-DIMM DDR4-2400),72688,2 x 8GB,DDR4,2400 MHz,SO-DIMM,1.20 V,https://www.solotodo.com/products/60634-generica-mac-2-x-8gb-so-dimm-ddr4-2400,https://s3.amazonaws.com/solotodo-core/media/cache/a3/17/a317187662654a07e00eca086c61df8f.png
Kingston KVR26S19D8/16 (1 x 16GB | SO-DIMM DDR4-2666),72960,1 x 16GB,DDR4,2666 MHz,SO-DIMM,1.20 V,https://www.solotodo.com/products/46569-kingston-kvr26s19d816-1-x-16gb-so-dimm-ddr4-2666,https://s3.amazonaws.com/solotodo-core/media/cache/62/5e/625e147d11c26310a7a931bf7e29fe09.png
Crucial Ballistix Sport LT BLS16G4S26BFSD (1 x 16GB | SO-DIMM DDR4-2666),74166,1 x 16GB,DDR4,2666 MHz,SO-DIMM,1.20 V,https://www.solotodo.com/products/56879-crucial-ballistix-sport-lt-bls16g4s26bfsd-1-x-16gb-so-dimm-ddr4-2666,https://s3.amazonaws.com/solotodo-core/media/cache/2d/4e/2d4eacb02e724eceb3d8a888338b512a.png
Kingston KCP426ND8/16 (1 x 16GB | DIMM DDR4-2666),74176,1 x 16GB,DDR4,2666 MHz,DIMM,1.20 V,https://www.solotodo.com/products/55400-kingston-kcp426nd816-1-x-16gb-dimm-ddr4-2666,https://s3.amazonaws.com/solotodo-core/media/cache/09/7f/097f066e51d681a271a3e581aca30e4d.png
Kingston KVR26N19D8/16 (1 x 16GB | DIMM DDR4-2666),74990,1 x 16GB,DDR4,2666 MHz,DIMM,1.20 V,https://www.solotodo.com/products/43889-kingston-kvr26n19d816-1-x-16gb-dimm-ddr4-2666,https://s3.amazonaws.com/solotodo-core/media/cache/3a/a9/3aa99e1d8ae43e77f935691805bb75c4.png
Genérica MAC Pro (2 x 4GB | DIMM DDR3-1333 ECC),75040,2 x 4GB,DDR3,1333 MHz,DIMM,1.50 V,https://www.solotodo.com/products/62030-generica-mac-pro-2-x-4gb-dimm-ddr3-1333-ecc,https://s3.amazonaws.com/solotodo-core/media/cache/37/92/37924115ffd1842437f96838d5765549.png
Kingston HyperX Fury Black HX434C19FB/16 (1 x 16GB | DIMM DDR4-3466),75500,1 x 16GB,DDR4,3466 MHz,DIMM,1.20 V,https://www.solotodo.com/products/60938-kingston-hyperx-fury-black-hx434c19fb16-1-x-16gb-dimm-ddr4-3466,https://s3.amazonaws.com/solotodo-core/media/cache/3f/84/3f8489b4df2b6371e8752123e977fdb0.png
Corsair CMV16GX4M1A2400C16 (1 x 16GB | DIMM DDR4-2400),75990,1 x 16GB,DDR4,2400 MHz,DIMM,1.20 V,https://www.solotodo.com/products/39894-corsair-cmv16gx4m1a2400c16-1-x-16gb-dimm-ddr4-2400,https://s3.amazonaws.com/solotodo-core/media/cache/60/dc/60dcbfd6e2a1014201ca007d97af8f24.png
A-DATA XPG Spectrix D41 AX4U3000316G16-SR41 (1 x 16GB | DIMM DDR4-3000),75990,1 x 16GB,DDR4,3000 MHz,DIMM,1.35 V,https://www.solotodo.com/products/66859-a-data-xpg-spectrix-d41-ax4u3000316g16-sr41-1-x-16gb-dimm-ddr4-3000,https://s3.amazonaws.com/solotodo-core/media/cache/57/18/5718868b972a890b6ca64633914af4fd.png
A-DATA XPG Spectrix D41 AX4U3000316G16-ST41 (1 x 16GB | DIMM DDR4-3000),75990,1 x 16GB,DDR4,3000 MHz,DIMM,1.35 V,https://www.solotodo.com/products/66858-a-data-xpg-spectrix-d41-ax4u3000316g16-st41-1-x-16gb-dimm-ddr4-3000,https://s3.amazonaws.com/solotodo-core/media/cache/24/4f/244f95b91dd59fa2250bb4cc3d3e37ec.png
Genérica MAC (2 x 4GB | SO-DIMM DDR3-1866),76160,2 x 4GB,DDR3,1866 MHz,SO-DIMM,1.35 V,https://www.solotodo.com/products/62234-generica-mac-2-x-4gb-so-dimm-ddr3-1866,https://solotodo-core.s3.amazonaws.com/media/cache/00/c8/00c828200a49d8841586ce4380418e90.png
Crucial MAC CT16G4S266M (1 x 16GB | SO-DIMM DDR4-2666),76608,1 x 16GB,DDR4,2666 MHz,SO-DIMM,1.20 V,https://www.solotodo.com/products/63363-crucial-mac-ct16g4s266m-1-x-16gb-so-dimm-ddr4-2666,https://s3.amazonaws.com/solotodo-core/media/cache/71/72/7172760391659e17c59fa668c5b819fd.png
A-DATA XPG Spectrix D41 AX4U300038G16-DR41 (2 x 8GB | DIMM DDR4-3000),77990,2 x 8GB,DDR4,3000 MHz,DIMM,1.35 V,https://www.solotodo.com/products/66861-a-data-xpg-spectrix-d41-ax4u300038g16-dr41-2-x-8gb-dimm-ddr4-3000,https://s3.amazonaws.com/solotodo-core/media/cache/b0/d3/b0d3f9fd6da006abd0fcedb822de2c35.png
Kingston HyperX Fury Black HX426C16FB3/16 (1 x 16GB | DIMM DDR4-2666),77990,1 x 16GB,DDR4,2666 MHz,DIMM,1.20 V,https://www.solotodo.com/products/67120-kingston-hyperx-fury-black-hx426c16fb316-1-x-16gb-dimm-ddr4-2666,https://s3.amazonaws.com/solotodo-core/media/cache/80/c1/80c12f85e4d0f990ac8365adcde5fd2c.png
Kingston HyperX Fury RGB HX424C15FB3A/16 (1 x 16GB | DIMM DDR4-2400),78432,1 x 16GB,DDR4,2400 MHz,DIMM,1.20 V,https://www.solotodo.com/products/67568-kingston-hyperx-fury-rgb-hx424c15fb3a16-1-x-16gb-dimm-ddr4-2400,https://s3.amazonaws.com/solotodo-core/media/cache/11/0d/110da47e2139d893d1766a15314404c0.png
Corsair Vengeance LPX CMK8GX4M1A2400C14R (1 x 8GB | DIMM DDR4-2400),76900,1 x 8GB,DDR4,2400 MHz,DIMM,1.20 V,https://www.solotodo.com/products/46713-corsair-vengeance-lpx-cmk8gx4m1a2400c14r-1-x-8gb-dimm-ddr4-2400,https://s3.amazonaws.com/solotodo-core/media/cache/46/51/4651f18ef94ba71aa22f25fe9c7ee76e.png
Corsair Vengeance LPX CMK8GX4M1A2400C16R (1 x 8GB | DIMM DDR4-2400),76900,1 x 8GB,DDR4,2400 MHz,DIMM,1.20 V,https://www.solotodo.com/products/32300-corsair-vengeance-lpx-cmk8gx4m1a2400c16r-1-x-8gb-dimm-ddr4-2400,https://s3.amazonaws.com/solotodo-core/media/cache/b8/0f/b80f6f560460d8490329ad4833661c2d.png
Kingston HyperX Fury Black HX430C15FB3/16 (1 x 16GB | DIMM DDR4-3000),79411,1 x 16GB,DDR4,3000 MHz,DIMM,1.35 V,https://www.solotodo.com/products/70608-kingston-hyperx-fury-black-hx430c15fb316-1-x-16gb-dimm-ddr4-3000,https://s3.amazonaws.com/solotodo-core/media/cache/6b/69/6b69cedf4792e3661f67d72147d75cc2.png
PNY MD16GK2D4266616XR (2 x 8GB | DIMM DDR4-2666),79900,2 x 8GB,DDR4,2666 MHz,DIMM,1.20 V,https://www.solotodo.com/products/75877-pny-md16gk2d4266616xr-2-x-8gb-dimm-ddr4-2666,https://s3.amazonaws.com/solotodo-core/media/cache/d1/e9/d1e985df34a336104b041e053a739858.png
Kingston HyperX Fury RGB HX426C16FB3A/16 (1 x 16GB | DIMM DDR4-2666),79990,1 x 16GB,DDR4,2666 MHz,DIMM,1.20 V,https://www.solotodo.com/products/67119-kingston-hyperx-fury-rgb-hx426c16fb3a16-1-x-16gb-dimm-ddr4-2666,https://solotodo-core.s3.amazonaws.com/media/cache/90/5b/905b12753abcd6eec94c4f08b0daf3f3.png
Kingston KVR24S17D8/16 (1 x 16GB | SO-DIMM DDR4-2400),79990,1 x 16GB,DDR4,2400 MHz,SO-DIMM,1.20 V,https://www.solotodo.com/products/37322-kingston-kvr24s17d816-1-x-16gb-so-dimm-ddr4-2400,https://s3.amazonaws.com/solotodo-core/media/cache/b8/0f/b80f6f560460d8490329ad4833661c2d.png
Crucial Ballistix Sport LT BLS16G4D30BESB (1 x 16GB | DIMM DDR4-3000),79990,1 x 16GB,DDR4,3000 MHz,DIMM,1.35 V,https://www.solotodo.com/products/63549-crucial-ballistix-sport-lt-bls16g4d30besb-1-x-16gb-dimm-ddr4-3000,https://s3.amazonaws.com/solotodo-core/media/cache/73/7f/737f411dee666cb512fb7302ccdd1132.png
Crucial Ballistix Sport BLS16G4D32AEST (1 x 16GB | DIMM DDR4-3200),79990,1 x 16GB,DDR4,3200 MHz,DIMM,1.35 V,https://www.solotodo.com/products/75457-crucial-ballistix-sport-bls16g4d32aest-1-x-16gb-dimm-ddr4-3200,https://s3.amazonaws.com/solotodo-core/media/cache/b8/0f/b80f6f560460d8490329ad4833661c2d.png
Kingston HyperX Predator HX436C17PB4A/8 (1 x 8GB | DIMM DDR4-3600),80875,1 x 8GB,DDR4,3600 MHz,DIMM,1.35 V,https://www.solotodo.com/products/63528-kingston-hyperx-predator-hx436c17pb4a8-1-x-8gb-dimm-ddr4-3600,https://s3.amazonaws.com/solotodo-core/media/cache/0e/64/0e6425fb59fdeb736626274001460b48.png
Crucial CT2K4G4DFS824A (2 x 4GB | DIMM DDR4-2400),81515,2 x 4GB,DDR4,2400 MHz,DIMM,1.20 V,https://www.solotodo.com/products/48226-crucial-ct2k4g4dfs824a-2-x-4gb-dimm-ddr4-2400,https://s3.amazonaws.com/solotodo-core/media/cache/34/37/3437f02c0493357d5091439ef33de82f.png
Corsair Vengeance LPX CMK16GX4M2A2666C16 (2 x 8GB | DIMM DDR4-2666),79900,2 x 8GB,DDR4,2666 MHz,DIMM,1.20 V,https://www.solotodo.com/products/70346-corsair-vengeance-lpx-cmk16gx4m2a2666c16-2-x-8gb-dimm-ddr4-2666,https://s3.amazonaws.com/solotodo-core/media/cache/df/06/df066b244a822d189f018efb7d86bda0.png
Crucial Ballistix Sport LT BLS2K8G4D30AESEK (2 x 8GB | DIMM DDR4-3000),82990,2 x 8GB,DDR4,3000 MHz,DIMM,1.35 V,https://www.solotodo.com/products/60816-crucial-ballistix-sport-lt-bls2k8g4d30aesek-2-x-8gb-dimm-ddr4-3000,https://s3.amazonaws.com/solotodo-core/media/cache/61/2e/612e5e410b9a1fe670e603ec6d191030.png
Kingston HyperX Fury Black HX432C16FB3/16 (1 x 16GB | DIMM DDR4-3200),83904,1 x 16GB,DDR4,3200 MHz,DIMM,1.20 V,https://www.solotodo.com/products/66627-kingston-hyperx-fury-black-hx432c16fb316-1-x-16gb-dimm-ddr4-3200,https://s3.amazonaws.com/solotodo-core/media/cache/96/f7/96f76e9ef59ae263547ee7e021a71f8a.png
Kingston HyperX Impact HX426S15IB2/16 (1 x 16GB | SO-DIMM DDR4-2666),85990,1 x 16GB,DDR4,2666 MHz,SO-DIMM,1.20 V,https://www.solotodo.com/products/71840-kingston-hyperx-impact-hx426s15ib216-1-x-16gb-so-dimm-ddr4-2666,https://s3.amazonaws.com/solotodo-core/media/cache/43/b9/43b9a8c41d3726755ba74266dd5934c0.png
GeIL Super Luce RGB GALS416GB3000C16ASC (1 x 16GB | DIMM DDR4-3000),86900,1 x 16GB,DDR4,3000 MHz,DIMM,1.35 V,https://www.solotodo.com/products/70297-geil-super-luce-rgb-gals416gb3000c16asc-1-x-16gb-dimm-ddr4-3000,https://s3.amazonaws.com/solotodo-core/media/cache/84/d1/84d1ba0b22b122be7b582582d7b4fd05.png
Crucial CT16G4S24AM (1 x 16GB | SO-DIMM DDR4-2400),87880,1 x 16GB,DDR4,2400 MHz,SO-DIMM,1.20 V,https://www.solotodo.com/products/39969-crucial-ct16g4s24am-1-x-16gb-so-dimm-ddr4-2400,https://s3.amazonaws.com/solotodo-core/media/cache/8a/8b/8a8b4941513f22baca9ba9c9f46bf829.png
Team T-Force Dark Z TDZGD416G3600HC18JDC01 (2 x 8GB | DIMM DDR4-3600),88236,2 x 8GB,DDR4,3600 MHz,DIMM,1.35 V,https://www.solotodo.com/products/75911-team-t-force-dark-z-tdzgd416g3600hc18jdc01-2-x-8gb-dimm-ddr4-3600,https://solotodo-core.s3.amazonaws.com/media/cache/7b/03/7b03d984e98b00835508f84ad074c186.png
Team T-Force Dark Z TDZRD416G3600HC18JDC01 (2 x 8GB | DIMM DDR4-3600),88236,2 x 8GB,DDR4,3600 MHz,DIMM,1.35 V,https://www.solotodo.com/products/75910-team-t-force-dark-z-tdzrd416g3600hc18jdc01-2-x-8gb-dimm-ddr4-3600,https://s3.amazonaws.com/solotodo-core/media/cache/30/bc/30bcc8662f910aa46bd27693be635e1a.png
Kingston KVR24N17D8/16 (1 x 16GB | DIMM DDR4-2400),88990,1 x 16GB,DDR4,2400 MHz,DIMM,1.20 V,https://www.solotodo.com/products/36518-kingston-kvr24n17d816-1-x-16gb-dimm-ddr4-2400,https://s3.amazonaws.com/solotodo-core/media/cache/61/9c/619ca1b3ec0adf3870796cc15405cb52.png
Crucial Ballistix Sport LT BLS16G4D32AESE (1 x 16GB | DIMM DDR4-3200),88990,1 x 16GB,DDR4,3200 MHz,DIMM,1.35 V,https://www.solotodo.com/products/56876-crucial-ballistix-sport-lt-bls16g4d32aese-1-x-16gb-dimm-ddr4-3200,https://s3.amazonaws.com/solotodo-core/media/cache/16/83/1683e4e9b61e239ea73ac130eef83f15.png
Kingston HyperX HX440C19PB3A/8 (1 x 8GB | DIMM DDR4-4000),89880,1 x 8GB,DDR4,4000 MHz,DIMM,1.35 V,https://www.solotodo.com/products/52417-kingston-hyperx-hx440c19pb3a8-1-x-8gb-dimm-ddr4-4000,https://s3.amazonaws.com/solotodo-core/media/cache/5f/42/5f428b110e100079a664ab7ef6bf78a7.png
Corsair CMV16GX4M1A2133C15 (1 x 16GB | DIMM DDR4-2133),89900,1 x 16GB,DDR4,2133 MHz,DIMM,1.20 V,https://www.solotodo.com/products/28813-corsair-cmv16gx4m1a2133c15-1-x-16gb-dimm-ddr4-2133,https://s3.amazonaws.com/solotodo-core/media/cache/d7/c0/d7c0aa5b546f4ecceade275df0743c3d.png
Kingston HyperX Fury Black HX434C16FB3/16 (1 x 16GB | DIMM DDR4-3466),89900,1 x 16GB,DDR4,3466 MHz,DIMM,1.35 V,https://www.solotodo.com/products/67116-kingston-hyperx-fury-black-hx434c16fb316-1-x-16gb-dimm-ddr4-3466,https://s3.amazonaws.com/solotodo-core/media/cache/c4/d6/c4d6cd2e87258a6f8d7c23c00104da35.png
Kingston HyperX Fury RGB HX432C16FB3A/16 (1 x 16GB | DIMM DDR4-3200),89900,1 x 16GB,DDR4,3200 MHz,DIMM,1.35 V,https://www.solotodo.com/products/67307-kingston-hyperx-fury-rgb-hx432c16fb3a16-1-x-16gb-dimm-ddr4-3200,https://s3.amazonaws.com/solotodo-core/media/cache/d9/a1/d9a1e0702035497a6110b8c193519b60.png
Kingston HyperX Fury Black HX424C15FB2K2/16 (2 x 8GB | DIMM DDR4-2400),91990,2 x 8GB,DDR4,2400 MHz,DIMM,1.20 V,https://www.solotodo.com/products/31208-kingston-hyperx-fury-black-hx424c15fb2k216-2-x-8gb-dimm-ddr4-2400,https://s3.amazonaws.com/solotodo-core/media/cache/24/4f/244f95b91dd59fa2250bb4cc3d3e37ec.png
GeIL Super Luce RGB GALS416GB3000C16ADC (2 x 8GB | DIMM DDR4-3000),91990,2 x 8GB,DDR4,3000 MHz,DIMM,1.35 V,https://www.solotodo.com/products/75667-geil-super-luce-rgb-gals416gb3000c16adc-2-x-8gb-dimm-ddr4-3000,https://s3.amazonaws.com/solotodo-core/media/cache/90/5b/905b12753abcd6eec94c4f08b0daf3f3.png
Genérica MAC (2 x 8GB | SO-DIMM DDR3-1600),94800,2 x 8GB,DDR3,1600 MHz,SO-DIMM,1.20 V,https://www.solotodo.com/products/60635-generica-mac-2-x-8gb-so-dimm-ddr3-1600,https://s3.amazonaws.com/solotodo-core/media/cache/c2/fb/c2fbbdeeb508b47b5c381151591de613.png
Corsair Vengeance LPX CMK16GX4M1B3000C15 (1 x 16GB | DIMM DDR4-3000),94990,1 x 16GB,DDR4,3000 MHz,DIMM,1.35 V,https://www.solotodo.com/products/26536-corsair-vengeance-lpx-cmk16gx4m1b3000c15-1-x-16gb-dimm-ddr4-3000,https://s3.amazonaws.com/solotodo-core/media/cache/df/99/df99cba79e1e52d47b2cebac8ab0813d.png
G.Skill Ripjaws F4-3200C18S-16GRS (1 x 16GB | SO-DIMM DDR4-3200),94990,1 x 16GB,DDR4,3200 MHz,SO-DIMM,1.20 V,https://www.solotodo.com/products/73923-gskill-ripjaws-f4-3200c18s-16grs-1-x-16gb-so-dimm-ddr4-3200,https://s3.amazonaws.com/solotodo-core/media/cache/b1/10/b110783f2bdd620794a8ae1ee52687e2.png
Corsair Vengeance LPX CMK8GX4M1A2400C14 (1 x 8GB | DIMM DDR4-2400),96990,1 x 8GB,DDR4,2400 MHz,DIMM,1.20 V,https://www.solotodo.com/products/26841-corsair-vengeance-lpx-cmk8gx4m1a2400c14-1-x-8gb-dimm-ddr4-2400,https://s3.amazonaws.com/solotodo-core/media/cache/7d/14/7d14bd53b28b6115b5162ee99864371d.png
Corsair Vengeance RGB Pro CMW16GX4M2C3200C16 (2 x 8GB | DIMM DDR4-3200),97280,2 x 8GB,DDR4,3200 MHz,DIMM,1.35 V,https://www.solotodo.com/products/61741-corsair-vengeance-rgb-pro-cmw16gx4m2c3200c16-2-x-8gb-dimm-ddr4-3200,https://s3.amazonaws.com/solotodo-core/media/cache/5a/59/5a59f206ed143b367428ca9a3ad22f28.png
Genérica MAC (2 x 8GB | SO-DIMM DDR4-2666),98900,2 x 8GB,DDR4,2666 MHz,SO-DIMM,1.20 V,https://www.solotodo.com/products/60633-generica-mac-2-x-8gb-so-dimm-ddr4-2666,https://s3.amazonaws.com/solotodo-core/media/cache/bb/fc/bbfc83150d9876a7ac8ef895f4410037.png
G.Skill Flare X F4-3200C16D-16GFX (2 x 8GB | DIMM DDR4-3200),99990,2 x 8GB,DDR4,3200 MHz,DIMM,1.35 V,https://www.solotodo.com/products/57253-gskill-flare-x-f4-3200c16d-16gfx-2-x-8gb-dimm-ddr4-3200,https://s3.amazonaws.com/solotodo-core/media/cache/bb/fc/bbfc83150d9876a7ac8ef895f4410037.png
Corsair Vengeance LPX CMK16GX4M2B3000C15 (2 x 8GB | DIMM DDR4-3000),99990,2 x 8GB,DDR4,3000 MHz,DIMM,1.35 V,https://www.solotodo.com/products/26537-corsair-vengeance-lpx-cmk16gx4m2b3000c15-2-x-8gb-dimm-ddr4-3000,https://s3.amazonaws.com/solotodo-core/media/cache/ff/1c/ff1c1c7040bfff93b6edde09c8031280.png
Kingston HyperX Fury RGB HX434C16FB3A/16 (1 x 16GB | DIMM DDR4-3466),99990,1 x 16GB,DDR4,3466 MHz,DIMM,1.35 V,https://www.solotodo.com/products/67118-kingston-hyperx-fury-rgb-hx434c16fb3a16-1-x-16gb-dimm-ddr4-3466,https://s3.amazonaws.com/solotodo-core/media/cache/f5/a7/f5a7a263fa5a0b5e645ccb5d7dbedd1c.png
Kingston HyperX Fury RGB HX430C15FB3A/16 (1 x 16GB | DIMM DDR4-3000),99990,1 x 16GB,DDR4,3000 MHz,DIMM,1.20 V,https://www.solotodo.com/products/71691-kingston-hyperx-fury-rgb-hx430c15fb3a16-1-x-16gb-dimm-ddr4-3000,https://s3.amazonaws.com/solotodo-core/media/cache/b8/0f/b80f6f560460d8490329ad4833661c2d.png
GeIL EVO X II GAEXSY416GB3000C16ADC (2 x 8GB | DIMM DDR4-3000),99990,2 x 8GB,DDR4,3000 MHz,DIMM,1.35 V,https://www.solotodo.com/products/75669-geil-evo-x-ii-gaexsy416gb3000c16adc-2-x-8gb-dimm-ddr4-3000,https://s3.amazonaws.com/solotodo-core/media/cache/d9/50/d9501096d1ab4662da046a73c15f8bf4.png
Genérica MAC Pro (2 x 16GB | DIMM DDR3-1866 ECC),100570,2 x 16GB,DDR3,1866 MHz,DIMM,1.50 V,https://www.solotodo.com/products/62029-generica-mac-pro-2-x-16gb-dimm-ddr3-1866-ecc,https://s3.amazonaws.com/solotodo-core/media/cache/9b/e8/9be8ae013fb2889c0463a2bb8788fba9.png
Crucial Ballistix Tactical Tracer BLT2K8G4D30BET4K (2 x 8GB | DIMM DDR4-3000),101990,2 x 8GB,DDR4,3000 MHz,DIMM,1.35 V,https://www.solotodo.com/products/51006-crucial-ballistix-tactical-tracer-blt2k8g4d30bet4k-2-x-8gb-dimm-ddr4-3000,https://s3.amazonaws.com/solotodo-core/media/cache/43/b9/43b9a8c41d3726755ba74266dd5934c0.png
Kingston HyperX Fury Black HX432C16FB3K2/16 (2 x 8GB | DIMM DDR4-3200),103500,2 x 8GB,DDR4,3200 MHz,DIMM,1.35 V,https://www.solotodo.com/products/73043-kingston-hyperx-fury-black-hx432c16fb3k216-2-x-8gb-dimm-ddr4-3200,https://s3.amazonaws.com/solotodo-core/media/cache/b8/0f/b80f6f560460d8490329ad4833661c2d.png
Crucial Ballistix Tactical Tracer BLT16G4D26BFT4 (1 x 16GB | DIMM DDR4-2666),103900,1 x 16GB,DDR4,2666 MHz,DIMM,1.20 V,https://www.solotodo.com/products/44829-crucial-ballistix-tactical-tracer-blt16g4d26bft4-1-x-16gb-dimm-ddr4-2666,https://s3.amazonaws.com/solotodo-core/media/cache/62/47/6247f2f43c319e492c02de8238e76530.png
Genérica MAC (2 x 8GB | SO-DIMM DDR3-1866),109000,2 x 8GB,DDR3,1866 MHz,SO-DIMM,1.20 V,https://www.solotodo.com/products/60636-generica-mac-2-x-8gb-so-dimm-ddr3-1866,https://solotodo-core.s3.amazonaws.com/media/cache/18/e7/18e7b58a4de66d25ce3b19d17ca25dae.png
Kingston HyperX Predator HX432C16PB3AK2/16 (2 x 8GB | DIMM DDR4-3200),109900,2 x 8GB,DDR4,3200 MHz,DIMM,1.35 V,https://www.solotodo.com/products/65124-kingston-hyperx-predator-hx432c16pb3ak216-2-x-8gb-dimm-ddr4-3200,https://s3.amazonaws.com/solotodo-core/media/cache/f2/30/f230c3bb4f63535a46508502dc3dc907.png
Kingston HyperX Fury Black HX430C15FB3AK2/16 (2 x 8GB | DIMM DDR4-3000),111990,2 x 8GB,DDR4,3000 MHz,DIMM,1.35 V,https://www.solotodo.com/products/73545-kingston-hyperx-fury-black-hx430c15fb3ak216-2-x-8gb-dimm-ddr4-3000,https://s3.amazonaws.com/solotodo-core/media/cache/79/ca/79cacd9a8a5ea2559cc520fe8a15b8fe.png
HP 862974-B21 (1 x 8GB | DIMM DDR4-2400),114990,1 x 8GB,DDR4,2400 MHz,DIMM,1.20 V,https://www.solotodo.com/products/42199-hp-862974-b21-1-x-8gb-dimm-ddr4-2400,https://s3.amazonaws.com/solotodo-core/media/cache/b1/44/b1443b2367e9bb1d31164199d8fb61fb.png
Kingston HyperX Predator HX430C15PB3AK2/16 (2 x 8GB | DIMM DDR4-3000),119990,2 x 8GB,DDR4,3000 MHz,DIMM,1.35 V,https://www.solotodo.com/products/65217-kingston-hyperx-predator-hx430c15pb3ak216-2-x-8gb-dimm-ddr4-3000,https://s3.amazonaws.com/solotodo-core/media/cache/7d/14/7d14bd53b28b6115b5162ee99864371d.png
Corsair CMSO16GX4M1A2133C15 (1 x 16GB | SO-DIMM DDR4-2133),121591,1 x 16GB,DDR4,2133 MHz,SO-DIMM,1.20 V,https://www.solotodo.com/products/39893-corsair-cmso16gx4m1a2133c15-1-x-16gb-so-dimm-ddr4-2133,https://s3.amazonaws.com/solotodo-core/media/cache/ee/82/ee824ac90459de83390f54fd1e28227c.png
G.Skill Sniper X F4-2666C19D-16GSXW (2 x 8GB | DIMM DDR4-2666),124900,2 x 8GB,DDR4,2666 MHz,DIMM,1.20 V,https://www.solotodo.com/products/56896-gskill-sniper-x-f4-2666c19d-16gsxw-2-x-8gb-dimm-ddr4-2666,https://s3.amazonaws.com/solotodo-core/media/cache/eb/ec/ebec0e9e26e84012b569f5af8c065e7b.png
G.Skill TridentZ RGB F4-3200C16D-16GTZR (2 x 8GB | DIMM DDR4-3200),129900,2 x 8GB,DDR4,3200 MHz,DIMM,1.35 V,https://www.solotodo.com/products/42109-gskill-tridentz-rgb-f4-3200c16d-16gtzr-2-x-8gb-dimm-ddr4-3200,https://s3.amazonaws.com/solotodo-core/media/cache/09/de/09debd0e44517c9e3f9ecb27068a760c.png
Gigabyte AORUS RGB GP-AR32C16S8K2HU416R (2 x 8GB | DIMM DDR4-3200),129900,2 x 8GB,DDR4,3200 MHz,DIMM,1.35 V,https://www.solotodo.com/products/61161-gigabyte-aorus-rgb-gp-ar32c16s8k2hu416r-2-x-8gb-dimm-ddr4-3200,https://s3.amazonaws.com/solotodo-core/media/cache/ee/82/ee824ac90459de83390f54fd1e28227c.png
HP 879505-B21 (1 x 8GB | DIMM DDR4-2666),131936,1 x 8GB,DDR4,2666 MHz,DIMM,1.20 V,https://www.solotodo.com/products/62851-hp-879505-b21-1-x-8gb-dimm-ddr4-2666,https://s3.amazonaws.com/solotodo-core/media/cache/9c/db/9cdbb52a8cb402d41acdb0782947d077.png
Lenovo TruDDR4 4ZC7A08696 (1 x 8GB | DIMM DDR4-2666 ECC),132990,1 x 8GB,DDR4,2666 MHz,DIMM,1.20 V,https://www.solotodo.com/products/58373-lenovo-truddr4-4zc7a08696-1-x-8gb-dimm-ddr4-2666-ecc,https://s3.amazonaws.com/solotodo-core/media/cache/7d/26/7d26c1bac2057067869c1956adaec642.png
G.Skill TridentZ Royal F4-3000C16D-16GTRG (2 x 8GB | DIMM DDR4-3000),134900,2 x 8GB,DDR4,3000 MHz,DIMM,1.35 V,https://www.solotodo.com/products/54476-gskill-tridentz-royal-f4-3000c16d-16gtrg-2-x-8gb-dimm-ddr4-3000,https://s3.amazonaws.com/solotodo-core/media/cache/ea/b3/eab3d31ac89684800e20801b39589699.png
G.Skill TridentZ Royal F4-3000C16D-16GTRS (2 x 8GB | DIMM DDR4-3000),134990,2 x 8GB,DDR4,3000 MHz,DIMM,1.35 V,https://www.solotodo.com/products/54486-gskill-tridentz-royal-f4-3000c16d-16gtrs-2-x-8gb-dimm-ddr4-3000,https://s3.amazonaws.com/solotodo-core/media/cache/20/fa/20fa43ca003528861a2629ef4315725b.png
HP 3PL81AA (1 x 8GB | SO-DIMM DDR4-2666),135538,1 x 8GB,DDR4,2666 MHz,SO-DIMM,1.20 V,https://www.solotodo.com/products/64822-hp-3pl81aa-1-x-8gb-so-dimm-ddr4-2666,https://s3.amazonaws.com/solotodo-core/media/cache/4d/b9/4db9d73b3b913408293108c15abdd854.png
Corsair Vengeance RGB Pro CMW16GX4M2A3600C18W (2 x 8GB | DIMM DDR4-3600),134900,2 x 8GB,DDR4,3600 MHz,DIMM,1.35 V,https://www.solotodo.com/products/69483-corsair-vengeance-rgb-pro-cmw16gx4m2a3600c18w-2-x-8gb-dimm-ddr4-3600,https://solotodo-core.s3.amazonaws.com/media/cache/96/31/96314c60bb17526708e9578680974527.png
Team T-Force Night Hawk RGB TF1D416G3000HC16CD01 (2 x 8GB | DIMM DDR4-3000),139900,2 x 8GB,DDR4,3000 MHz,DIMM,1.35 V,https://www.solotodo.com/products/54577-team-t-force-night-hawk-rgb-tf1d416g3000hc16cd01-2-x-8gb-dimm-ddr4-3000,https://s3.amazonaws.com/solotodo-core/media/cache/20/59/20593499fc6472daf4ff9d8199c6992e.png
G.Skill TridentZ RGB F4-3600C19D-16GTZRB (2 x 8GB | DIMM DDR4-3600),139900,2 x 8GB,DDR4,3600 MHz,DIMM,1.35 V,https://www.solotodo.com/products/54114-gskill-tridentz-rgb-f4-3600c19d-16gtzrb-2-x-8gb-dimm-ddr4-3600,https://s3.amazonaws.com/solotodo-core/media/cache/ae/e4/aee4bba0d34995c59e89f9198ad9fe84.png
Genérica MAC (2 x 8GB | SO-DIMM DDR3-1333),142437,2 x 8GB,DDR3,1333 MHz,SO-DIMM,1.35 V,https://www.solotodo.com/products/62230-generica-mac-2-x-8gb-so-dimm-ddr3-1333,https://solotodo-core.s3.amazonaws.com/media/cache/00/c8/00c828200a49d8841586ce4380418e90.png
Crucial Ballistix Tactical Tracer BLT2K8G4D26BFT4K (2 x 8GB | DIMM DDR4-2666),139900,2 x 8GB,DDR4,2666 MHz,DIMM,1.20 V,https://www.solotodo.com/products/51005-crucial-ballistix-tactical-tracer-blt2k8g4d26bft4k-2-x-8gb-dimm-ddr4-2666,https://s3.amazonaws.com/solotodo-core/media/cache/3b/cb/3bcb710f8d6eaf7252e3d6ad29a68342.png
A-Tech KIT-16GB-DDR3-1866MHz-SODIMM-ATECH (2 x 8GB | SO-DIMM DDR3-1866),144480,2 x 8GB,DDR3,1866 MHz,SO-DIMM,1.35 V,https://www.solotodo.com/products/62358-a-tech-kit-16gb-ddr3-1866mhz-sodimm-atech-2-x-8gb-so-dimm-ddr3-1866,https://s3.amazonaws.com/solotodo-core/media/cache/7a/cc/7accbb1003a86f3eeba3c9e079d949ed.png
Dell A9652462 (1 x 8GB | DIMM DDR4-2400 ECC),144990,1 x 8GB,DDR4,2400 MHz,DIMM,1.20 V,https://www.solotodo.com/products/53964-dell-a9652462-1-x-8gb-dimm-ddr4-2400-ecc,https://s3.amazonaws.com/solotodo-core/media/cache/92/78/92783affafc01c32b1986c3a6ee491ac.png
A-DATA XPG Spectrix D60G AX4U3000316G16A-DT60 (2 x 8GB | DIMM DDR4-3000),145990,2 x 8GB,DDR4,3000 MHz,DIMM,1.35 V,https://www.solotodo.com/products/76600-a-data-xpg-spectrix-d60g-ax4u3000316g16a-dt60-2-x-8gb-dimm-ddr4-3000,https://s3.amazonaws.com/solotodo-core/media/cache/8d/a5/8da5d4c0c3305c6f228495dd4a201903.png
Crucial MAC (2 x 16GB | SO-DIMM DDR4-2400),149000,2 x 16GB,DDR4,2400 MHz,SO-DIMM,1.20 V,https://www.solotodo.com/products/63398-crucial-mac-2-x-16gb-so-dimm-ddr4-2400,https://s3.amazonaws.com/solotodo-core/media/cache/ea/b3/eab3d31ac89684800e20801b39589699.png
Genérica MAC (2 x 8GB | SO-DIMM DDR3-1066),155680,2 x 8GB,DDR3,1066 MHz,SO-DIMM,1.50 V,https://www.solotodo.com/products/62231-generica-mac-2-x-8gb-so-dimm-ddr3-1066,https://s3.amazonaws.com/solotodo-core/media/cache/65/63/65635a38ae2917d5b057173707695ce5.png
G.Skill TridentZ RGB F4-2933C14D-16GTZRX (2 x 8GB | DIMM DDR4-2933),156990,2 x 8GB,DDR4,2933 MHz,DIMM,1.35 V,https://www.solotodo.com/products/56897-gskill-tridentz-rgb-f4-2933c14d-16gtzrx-2-x-8gb-dimm-ddr4-2933,https://solotodo-core.s3.amazonaws.com/media/cache/18/e7/18e7b58a4de66d25ce3b19d17ca25dae.png
HP 4VN06AA (1 x 8GB | SO-DIMM DDR4-2666),158490,1 x 8GB,DDR4,2666 MHz,SO-DIMM,1.20 V,https://www.solotodo.com/products/59668-hp-4vn06aa-1-x-8gb-so-dimm-ddr4-2666,https://s3.amazonaws.com/solotodo-core/media/cache/41/06/41063331ffa8e8d64aa60eb15f087b9b.png
Team T-Force Dark Za TDZAD432G3600HC18JDC01 (2 x 16GB | DIMM DDR4-3600),164236,2 x 16GB,DDR4,3600 MHz,DIMM,1.35 V,https://www.solotodo.com/products/75912-team-t-force-dark-za-tdzad432g3600hc18jdc01-2-x-16gb-dimm-ddr4-3600,https://s3.amazonaws.com/solotodo-core/media/cache/dc/67/dc6739a5c1d292278f132d0a56bc0013.png
G.Skill TridentZ RGB F4-2933C16D-16GTZRX (2 x 8GB | DIMM DDR4-2933),164990,2 x 8GB,DDR4,2933 MHz,DIMM,1.35 V,https://www.solotodo.com/products/56898-gskill-tridentz-rgb-f4-2933c16d-16gtzrx-2-x-8gb-dimm-ddr4-2933,https://s3.amazonaws.com/solotodo-core/media/cache/db/5e/db5ede10239a7cb3fe09a3adca050715.png
Crucial CT2K16G4SFD8266 (2 x 16GB | SO-DIMM DDR4-2666),166880,2 x 16GB,DDR4,2666 MHz,SO-DIMM,1.20 V,https://www.solotodo.com/products/65917-crucial-ct2k16g4sfd8266-2-x-16gb-so-dimm-ddr4-2666,https://s3.amazonaws.com/solotodo-core/media/cache/cf/ea/cfea2cd40a913c01095f6a98d7881c53.png
Gigabyte AORUS RGB GP-AR32C16S8K2HU416RD (2 x 8GB | DIMM DDR4-3200),169900,2 x 8GB,DDR4,3200 MHz,DIMM,1.35 V,https://www.solotodo.com/products/65496-gigabyte-aorus-rgb-gp-ar32c16s8k2hu416rd-2-x-8gb-dimm-ddr4-3200,https://s3.amazonaws.com/solotodo-core/media/cache/5f/d7/5fd761a4ca198cf42167ad7c37a91e81.png
Dell AA358200 (1 x 8GB | DIMM DDR4-2666 ECC),169990,1 x 8GB,DDR4,2666 MHz,DIMM,1.20 V,https://www.solotodo.com/products/60888-dell-aa358200-1-x-8gb-dimm-ddr4-2666-ecc,https://s3.amazonaws.com/solotodo-core/media/cache/18/ab/18ab5600e085cbe756e4daa6cbb05a06.png
HP 879507-B21 (1 x 16GB | DIMM DDR4-2666),173280,1 x 16GB,DDR4,2666 MHz,DIMM,1.20 V,https://www.solotodo.com/products/62852-hp-879507-b21-1-x-16gb-dimm-ddr4-2666,https://s3.amazonaws.com/solotodo-core/media/cache/ea/b3/eab3d31ac89684800e20801b39589699.png
Genérica MAC (2 x 16GB | SO-DIMM DDR4-2666),177000,2 x 16GB,DDR4,2666 MHz,SO-DIMM,1.20 V,https://www.solotodo.com/products/66230-generica-mac-2-x-16gb-so-dimm-ddr4-2666,https://s3.amazonaws.com/solotodo-core/media/cache/46/52/465234569b20fc1f425497a9c474080e.png
HP 815097-B21 (1 x 8GB | DIMM DDR4-2666 ECC Full buffer),185833,1 x 8GB,DDR4,2666 MHz,DIMM,1.20 V,https://www.solotodo.com/products/64586-hp-815097-b21-1-x-8gb-dimm-ddr4-2666-ecc-full-buffer,https://s3.amazonaws.com/solotodo-core/media/cache/5b/81/5b81d8f9533de8181d52031085c6d5c9.png
HP 838079-B21 (1 x 8GB | DIMM DDR4-2666 Full buffer),186656,1 x 8GB,DDR4,2666 MHz,DIMM,1.20 V,https://www.solotodo.com/products/52510-hp-838079-b21-1-x-8gb-dimm-ddr4-2666-full-buffer,https://s3.amazonaws.com/solotodo-core/media/cache/ea/b3/eab3d31ac89684800e20801b39589699.png
HP 1XD84AA (1 x 8GB | SO-DIMM DDR4-2666 ECC Full buffer),207270,1 x 8GB,DDR4,2666 MHz,SO-DIMM,1.20 V,https://www.solotodo.com/products/42841-hp-1xd84aa-1-x-8gb-so-dimm-ddr4-2666-ecc-full-buffer,https://s3.amazonaws.com/solotodo-core/media/cache/1a/af/1aaf3594c65452b65e87ad51e0e222d5.png
HP 4VN07AA (1 x 16GB | SO-DIMM DDR4-2666),215990,1 x 16GB,DDR4,2666 MHz,SO-DIMM,1.20 V,https://www.solotodo.com/products/70050-hp-4vn07aa-1-x-16gb-so-dimm-ddr4-2666,https://s3.amazonaws.com/solotodo-core/media/cache/1d/95/1d95ce2f7258a3c945554d018cede2c7.png
HP 876181-B21 (1 x 8GB | DIMM DDR4-2666 Full buffer),227392,1 x 8GB,DDR4,2666 MHz,DIMM,1.20 V,https://www.solotodo.com/products/50384-hp-876181-b21-1-x-8gb-dimm-ddr4-2666-full-buffer,https://s3.amazonaws.com/solotodo-core/media/cache/7d/26/7d26c1bac2057067869c1956adaec642.png
G.Skill TridentZ Royal F4-3200C14D-16GTRS (2 x 8GB | DIMM DDR4-3200),244900,2 x 8GB,DDR4,3200 MHz,DIMM,1.35 V,https://www.solotodo.com/products/54484-gskill-tridentz-royal-f4-3200c14d-16gtrs-2-x-8gb-dimm-ddr4-3200,https://s3.amazonaws.com/solotodo-core/media/cache/e9/35/e9351473008ade64fa95d686be498ea6.png
Crucial CT2K8G3W186DM (2 x 8GB | DIMM DDR3-1866 ECC),248990,2 x 8GB,DDR3,1866 MHz,DIMM,1.50 V,https://www.solotodo.com/products/48223-crucial-ct2k8g3w186dm-2-x-8gb-dimm-ddr3-1866-ecc,https://s3.amazonaws.com/solotodo-core/media/cache/c0/7a/c07ae4839df303a791b90dec66b2a022.png
Dell A9755661 (1 x 16GB | DIMM DDR4-2400 ECC),254990,1 x 16GB,DDR4,2400 MHz,DIMM,1.20 V,https://www.solotodo.com/products/68869-dell-a9755661-1-x-16gb-dimm-ddr4-2400-ecc,https://s3.amazonaws.com/solotodo-core/media/cache/be/2f/be2fbc5c1ff8b539007d2627c72e2786.png
G.Skill TridentZ Royal F4-3600C18D-16GTRS (2 x 8GB | DIMM DDR4-3600),259900,2 x 8GB,DDR4,3600 MHz,DIMM,1.35 V,https://www.solotodo.com/products/54483-gskill-tridentz-royal-f4-3600c18d-16gtrs-2-x-8gb-dimm-ddr4-3600,https://s3.amazonaws.com/solotodo-core/media/cache/7c/0c/7c0c5facf6cc78169cc0f354c0a53457.png
HP Z4Y86AA (1 x 16GB | SO-DIMM DDR4-2400),259990,1 x 16GB,DDR4,2400 MHz,SO-DIMM,1.20 V,https://www.solotodo.com/products/46655-hp-z4y86aa-1-x-16gb-so-dimm-ddr4-2400,https://s3.amazonaws.com/solotodo-core/media/cache/64/73/6473aa3a7ac209b37ee18057ad8de4d2.png
G.Skill TridentZ Royal F4-3200C14D-16GTRG (2 x 8GB | DIMM DDR4-3200),267900,2 x 8GB,DDR4,3200 MHz,DIMM,1.35 V,https://www.solotodo.com/products/54478-gskill-tridentz-royal-f4-3200c14d-16gtrg-2-x-8gb-dimm-ddr4-3200,https://s3.amazonaws.com/solotodo-core/media/cache/24/2d/242d7436dede261aadcf4b35d4a92983.png
G.Skill TridentZ Royal F4-3600C19D-32GTRS (2 x 16GB | DIMM DDR4-3600),273486,2 x 16GB,DDR4,3600 MHz,DIMM,1.35 V,https://www.solotodo.com/products/71700-gskill-tridentz-royal-f4-3600c19d-32gtrs-2-x-16gb-dimm-ddr4-3600,https://s3.amazonaws.com/solotodo-core/media/cache/b8/8e/b88e30ac141b0cc16a75696e4c95d1f4.png
HP 838089-B21 (1 x 16GB | DIMM DDR4-2666 ECC Full buffer),279456,1 x 16GB,DDR4,2666 MHz,DIMM,1.20 V,https://www.solotodo.com/products/64294-hp-838089-b21-1-x-16gb-dimm-ddr4-2666-ecc-full-buffer,https://solotodo-core.s3.amazonaws.com/media/cache/d3/b0/d3b0cd28224d980ccc40180af4a437e5.png
Dell AA358195 (1 x 16GB | DIMM DDR4-2666 ECC),284990,1 x 16GB,DDR4,2666 MHz,DIMM,1.20 V,https://www.solotodo.com/products/62853-dell-aa358195-1-x-16gb-dimm-ddr4-2666-ecc,https://s3.amazonaws.com/solotodo-core/media/cache/de/3d/de3d79364f296dc901ef0d9c1025a420.png
HP 815098-B21 (1 x 16GB | DIMM DDR4-2666 ECC Full buffer),295488,1 x 16GB,DDR4,2666 MHz,DIMM,1.20 V,https://www.solotodo.com/products/41222-hp-815098-b21-1-x-16gb-dimm-ddr4-2666-ecc-full-buffer,https://s3.amazonaws.com/solotodo-core/media/cache/be/fe/befefc2787015d8a92e1d9da175cd5da.png
HP P00922-B21 (1 x 16GB | DIMM DDR4-2933 Full buffer),296704,1 x 16GB,DDR4,2933 MHz,DIMM,1.20 V,https://www.solotodo.com/products/75032-hp-p00922-b21-1-x-16gb-dimm-ddr4-2933-full-buffer,https://s3.amazonaws.com/solotodo-core/media/cache/9d/3c/9d3cbafaae9b68abb7c7ea3b7d632017.png
Dell AA175865 (1 x 16GB | DIMM DDR4-2666 Full buffer),312186,1 x 16GB,DDR4,2666 MHz,DIMM,1.50 V,https://www.solotodo.com/products/49746-dell-aa175865-1-x-16gb-dimm-ddr4-2666-full-buffer,https://s3.amazonaws.com/solotodo-core/media/cache/0d/35/0d354e2a0680827919c221c69e9d1eb0.png
HP 1XD85AA (1 x 16GB | SO-DIMM DDR4-2666 ECC Full buffer),408510,1 x 16GB,DDR4,2666 MHz,SO-DIMM,1.20 V,https://www.solotodo.com/products/47381-hp-1xd85aa-1-x-16gb-so-dimm-ddr4-2666-ecc-full-buffer,https://s3.amazonaws.com/solotodo-core/media/cache/71/5a/715a7fcdcbce89fce674e5f34f1bf49d.png
Dell AA601617 (1 x 16GB | DIMM DDR4-2933 ECC Full buffer),426500,1 x 16GB,DDR4,2933 MHz,DIMM,1.20 V,https://www.solotodo.com/products/73275-dell-aa601617-1-x-16gb-dimm-ddr4-2933-ecc-full-buffer,https://s3.amazonaws.com/solotodo-core/media/cache/20/59/20593499fc6472daf4ff9d8199c6992e.png
HP 862976-B21 (2 x 8GB | DIMM DDR4-2400),451136,2 x 8GB,DDR4,2400 MHz,DIMM,1.20 V,https://www.solotodo.com/products/43836-hp-862976-b21-2-x-8gb-dimm-ddr4-2400,https://s3.amazonaws.com/solotodo-core/media/cache/a6/7b/a67b0a7a387c1fc5c7f6fda29c40d012.png
HP 815100-B21 (1 x 32GB | DIMM DDR4-2666 ECC Full buffer),613472,1 x 32GB,DDR4,2666 MHz,DIMM,1.20 V,https://www.solotodo.com/products/41221-hp-815100-b21-1-x-32gb-dimm-ddr4-2666-ecc-full-buffer,https://s3.amazonaws.com/solotodo-core/media/cache/57/b9/57b95c474937f2c64558abe1c92cfdd9.png
Dell A9810563 (1 x 32GB | DIMM DDR4-2666 ECC Full buffer),749056,1 x 32GB,DDR4,2666 MHz,DIMM,1.20 V,https://www.solotodo.com/products/63506-dell-a9810563-1-x-32gb-dimm-ddr4-2666-ecc-full-buffer,https://s3.amazonaws.com/solotodo-core/media/cache/58/29/58296c67abed4487c9cbc76eba37b4f3.png
Dell AA601616 (1 x 32GB | DIMM DDR4-2933 ECC Full buffer),823500,1 x 32GB,DDR4,2933 MHz,DIMM,1.20 V,https://www.solotodo.com/products/73557-dell-aa601616-1-x-32gb-dimm-ddr4-2933-ecc-full-buffer,https://s3.amazonaws.com/solotodo-core/media/cache/27/79/2779061b3702ff18f384c73d7c578615.png
